<?xml version="1.0" encoding="UTF-8"?>

<kml xmlns="http://www.opengis.net/kml/2.2">

<Document>

<name>Kuroshio Current</name>


<Placemark>
<Style>
<LineStyle>
<width>0</width>
</LineStyle>

<PolyStyle>
<color>ff1e1edc</color>
<outline>0</outline>
</PolyStyle>
</Style>

<Polygon>
<tessellate>1</tessellate>

<outerBoundaryIs>
<LinearRing>
<coordinates>

119.7418801193447,18.10850865039477,0
119.80500879511136,18.258675179610506,0
120.32055370488867,18.0400123203895,0
120.2581198806553,17.89149134960523,0
119.7418801193447,18.10850865039477,0

</coordinates>
</LinearRing>
</outerBoundaryIs>
</Polygon>
</Placemark>

<Placemark>
<Style>
<LineStyle>
<width>0</width>
</LineStyle>

<PolyStyle>
<color>ff1d1fdc</color>
<outline>0</outline>
</PolyStyle>
</Style>

<Polygon>
<tessellate>1</tessellate>

<outerBoundaryIs>
<LinearRing>
<coordinates>

119.80500879511136,18.258675179610506,0
119.86905962038063,18.40835874025572,0
120.38319037961935,18.186391259744276,0
120.32055370488867,18.0400123203895,0
119.80500879511136,18.258675179610506,0

</coordinates>
</LinearRing>
</outerBoundaryIs>
</Polygon>
</Placemark>

<Placemark>
<Style>
<LineStyle>
<width>0</width>
</LineStyle>

<PolyStyle>
<color>ff1d20dd</color>
<outline>0</outline>
</PolyStyle>
</Style>

<Polygon>
<tessellate>1</tessellate>

<outerBoundaryIs>
<LinearRing>
<coordinates>

119.86905962038063,18.40835874025572,0
119.93369243730257,18.556745483696663,0
120.44637006269747,18.33144201630333,0
120.38319037961935,18.186391259744276,0
119.86905962038063,18.40835874025572,0

</coordinates>
</LinearRing>
</outerBoundaryIs>
</Polygon>
</Placemark>

<Placemark>
<Style>
<LineStyle>
<width>0</width>
</LineStyle>

<PolyStyle>
<color>ff1c21dd</color>
<outline>0</outline>
</PolyStyle>
</Style>

<Polygon>
<tessellate>1</tessellate>

<outerBoundaryIs>
<LinearRing>
<coordinates>

119.93369243730257,18.556745483696663,0
119.99890771453134,18.70383539963156,0
120.51009228546864,18.47516460036844,0
120.44637006269747,18.33144201630333,0
119.93369243730257,18.556745483696663,0

</coordinates>
</LinearRing>
</outerBoundaryIs>
</Polygon>
</Placemark>

<Placemark>
<Style>
<LineStyle>
<width>0</width>
</LineStyle>

<PolyStyle>
<color>ff1c23de</color>
<outline>0</outline>
</PolyStyle>
</Style>

<Polygon>
<tessellate>1</tessellate>

<outerBoundaryIs>
<LinearRing>
<coordinates>

119.99890771453134,18.70383539963156,0
120.06470592835018,18.84962846655529,0
120.57435657164982,18.61755903344471,0
120.51009228546864,18.47516460036844,0
119.99890771453134,18.70383539963156,0

</coordinates>
</LinearRing>
</outerBoundaryIs>
</Polygon>
</Placemark>

<Placemark>
<Style>
<LineStyle>
<width>0</width>
</LineStyle>

<PolyStyle>
<color>ff1b24de</color>
<outline>0</outline>
</PolyStyle>
</Style>

<Polygon>
<tessellate>1</tessellate>

<outerBoundaryIs>
<LinearRing>
<coordinates>

120.06470592835018,18.84962846655529,0
120.13108756250368,18.994124651168473,0
120.63916243749635,18.758625348831533,0
120.57435657164982,18.61755903344471,0
120.06470592835018,18.84962846655529,0

</coordinates>
</LinearRing>
</outerBoundaryIs>
</Polygon>
</Placemark>

<Placemark>
<Style>
<LineStyle>
<width>0</width>
</LineStyle>

<PolyStyle>
<color>ff1b25df</color>
<outline>0</outline>
</PolyStyle>
</Style>

<Polygon>
<tessellate>1</tessellate>

<outerBoundaryIs>
<LinearRing>
<coordinates>

120.13108756250368,18.994124651168473,0
120.1980531080034,19.13732390777088,0
120.70450939199658,18.89836359222912,0
120.63916243749635,18.758625348831533,0
120.13108756250368,18.994124651168473,0

</coordinates>
</LinearRing>
</outerBoundaryIs>
</Polygon>
</Placemark>

<Placemark>
<Style>
<LineStyle>
<width>0</width>
</LineStyle>

<PolyStyle>
<color>ff1a27df</color>
<outline>0</outline>
</PolyStyle>
</Style>

<Polygon>
<tessellate>1</tessellate>

<outerBoundaryIs>
<LinearRing>
<coordinates>

120.1980531080034,19.13732390777088,0
120.26560306290462,19.279226177638602,0
120.77039693709538,19.0367738223614,0
120.70450939199658,18.89836359222912,0
120.1980531080034,19.13732390777088,0

</coordinates>
</LinearRing>
</outerBoundaryIs>
</Polygon>
</Placemark>

<Placemark>
<Style>
<LineStyle>
<width>0</width>
</LineStyle>

<PolyStyle>
<color>ff1a28e0</color>
<outline>0</outline>
</PolyStyle>
</Style>

<Polygon>
<tessellate>1</tessellate>

<outerBoundaryIs>
<LinearRing>
<coordinates>

120.26560306290462,19.279226177638602,0
120.33373793205223,19.419831388386275,0
120.83682456794776,19.17385611161372,0
120.77039693709538,19.0367738223614,0
120.26560306290462,19.279226177638602,0

</coordinates>
</LinearRing>
</outerBoundaryIs>
</Polygon>
</Placemark>

<Placemark>
<Style>
<LineStyle>
<width>0</width>
</LineStyle>

<PolyStyle>
<color>ff1a29e0</color>
<outline>0</outline>
</PolyStyle>
</Style>

<Polygon>
<tessellate>1</tessellate>

<outerBoundaryIs>
<LinearRing>
<coordinates>

120.33373793205223,19.419831388386275,0
120.40245822679503,19.559139453315076,0
120.90379177320497,19.309610546684922,0
120.83682456794776,19.17385611161372,0
120.33373793205223,19.419831388386275,0

</coordinates>
</LinearRing>
</outerBoundaryIs>
</Polygon>
</Placemark>

<Placemark>
<Style>
<LineStyle>
<width>0</width>
</LineStyle>

<PolyStyle>
<color>ff192be1</color>
<outline>0</outline>
</PolyStyle>
</Style>

<Polygon>
<tessellate>1</tessellate>

<outerBoundaryIs>
<LinearRing>
<coordinates>

120.40245822679503,19.559139453315076,0
120.47176446466531,19.697150270746942,0
120.97129803533471,19.444037229253066,0
120.90379177320497,19.309610546684922,0
120.40245822679503,19.559139453315076,0

</coordinates>
</LinearRing>
</outerBoundaryIs>
</Polygon>
</Placemark>

<Placemark>
<Style>
<LineStyle>
<width>0</width>
</LineStyle>

<PolyStyle>
<color>ff192ce1</color>
<outline>0</outline>
</PolyStyle>
</Style>

<Polygon>
<tessellate>1</tessellate>

<outerBoundaryIs>
<LinearRing>
<coordinates>

120.47176446466531,19.697150270746942,0
120.54165716902307,19.833863723346585,0
121.03934283097689,19.577136276653416,0
120.97129803533471,19.444037229253066,0
120.47176446466531,19.697150270746942,0

</coordinates>
</LinearRing>
</outerBoundaryIs>
</Polygon>
</Placemark>

<Placemark>
<Style>
<LineStyle>
<width>0</width>
</LineStyle>

<PolyStyle>
<color>ff182de2</color>
<outline>0</outline>
</PolyStyle>
</Style>

<Polygon>
<tessellate>1</tessellate>

<outerBoundaryIs>
<LinearRing>
<coordinates>

120.54165716902307,19.833863723346585,0
120.61213686866247,19.969279677431814,0
121.10792563133754,19.708907822568186,0
121.03934283097689,19.577136276653416,0
120.54165716902307,19.833863723346585,0

</coordinates>
</LinearRing>
</outerBoundaryIs>
</Polygon>
</Placemark>

<Placemark>
<Style>
<LineStyle>
<width>0</width>
</LineStyle>

<PolyStyle>
<color>ff182fe2</color>
<outline>0</outline>
</PolyStyle>
</Style>

<Polygon>
<tessellate>1</tessellate>

<outerBoundaryIs>
<LinearRing>
<coordinates>

120.61213686866247,19.969279677431814,0
120.68320409737841,20.103397982274057,0
121.1770459026216,19.83935201772594,0
121.10792563133754,19.708907822568186,0
120.61213686866247,19.969279677431814,0

</coordinates>
</LinearRing>
</outerBoundaryIs>
</Polygon>
</Placemark>

<Placemark>
<Style>
<LineStyle>
<width>0</width>
</LineStyle>

<PolyStyle>
<color>ff1730e3</color>
<outline>0</outline>
</PolyStyle>
</Style>

<Polygon>
<tessellate>1</tessellate>

<outerBoundaryIs>
<LinearRing>
<coordinates>

120.68320409737841,20.103397982274057,0
120.75485939349244,20.236218469390444,0
121.24670310650757,19.968469030609555,0
121.1770459026216,19.83935201772594,0
120.68320409737841,20.103397982274057,0

</coordinates>
</LinearRing>
</outerBoundaryIs>
</Polygon>
</Placemark>

<Placemark>
<Style>
<LineStyle>
<width>0</width>
</LineStyle>

<PolyStyle>
<color>ff1731e3</color>
<outline>0</outline>
</PolyStyle>
</Style>

<Polygon>
<tessellate>1</tessellate>

<outerBoundaryIs>
<LinearRing>
<coordinates>

120.75485939349244,20.236218469390444,0
120.82710329933487,20.36774095182854,0
121.3168967006652,20.096259048171465,0
121.24670310650757,19.968469030609555,0
120.75485939349244,20.236218469390444,0

</coordinates>
</LinearRing>
</outerBoundaryIs>
</Polygon>
</Placemark>

<Placemark>
<Style>
<LineStyle>
<width>0</width>
</LineStyle>

<PolyStyle>
<color>ff1633e4</color>
<outline>0</outline>
</PolyStyle>
</Style>

<Polygon>
<tessellate>1</tessellate>

<outerBoundaryIs>
<LinearRing>
<coordinates>

120.82710329933487,20.36774095182854,0
120.89993636068228,20.49796522344666,0
121.3876261393177,20.222722276553338,0
121.3168967006652,20.096259048171465,0
120.82710329933487,20.36774095182854,0

</coordinates>
</LinearRing>
</outerBoundaryIs>
</Polygon>
</Placemark>

<Placemark>
<Style>
<LineStyle>
<width>0</width>
</LineStyle>

<PolyStyle>
<color>ff1634e4</color>
<outline>0</outline>
</PolyStyle>
</Style>

<Polygon>
<tessellate>1</tessellate>

<outerBoundaryIs>
<LinearRing>
<coordinates>

120.89993636068228,20.49796522344666,0
120.97335912614841,20.626891058190697,0
121.4588908738516,20.34785894180931,0
121.3876261393177,20.222722276553338,0
120.89993636068228,20.49796522344666,0

</coordinates>
</LinearRing>
</outerBoundaryIs>
</Polygon>
</Placemark>

<Placemark>
<Style>
<LineStyle>
<width>0</width>
</LineStyle>

<PolyStyle>
<color>ff1635e5</color>
<outline>0</outline>
</PolyStyle>
</Style>

<Polygon>
<tessellate>1</tessellate>

<outerBoundaryIs>
<LinearRing>
<coordinates>

120.97335912614841,20.626891058190697,0
121.0473721465261,20.754518209370378,0
121.53069035347383,20.471669290629617,0
121.4588908738516,20.34785894180931,0
120.97335912614841,20.626891058190697,0

</coordinates>
</LinearRing>
</outerBoundaryIs>
</Polygon>
</Placemark>

<Placemark>
<Style>
<LineStyle>
<width>0</width>
</LineStyle>

<PolyStyle>
<color>ff1537e5</color>
<outline>0</outline>
</PolyStyle>
</Style>

<Polygon>
<tessellate>1</tessellate>

<outerBoundaryIs>
<LinearRing>
<coordinates>

121.0473721465261,20.754518209370378,0
121.12197597408,20.880846408937362,0
121.60302402591999,20.59415359106264,0
121.53069035347383,20.471669290629617,0
121.0473721465261,20.754518209370378,0

</coordinates>
</LinearRing>
</outerBoundaryIs>
</Polygon>
</Placemark>

<Placemark>
<Style>
<LineStyle>
<width>0</width>
</LineStyle>

<PolyStyle>
<color>ff1538e6</color>
<outline>0</outline>
</PolyStyle>
</Style>

<Polygon>
<tessellate>1</tessellate>

<outerBoundaryIs>
<LinearRing>
<coordinates>

121.12197597408,20.880846408937362,0
121.19717116178676,21.005875366767384,0
121.67589133821328,20.715312133232622,0
121.60302402591999,20.59415359106264,0
121.12197597408,20.880846408937362,0

</coordinates>
</LinearRing>
</outerBoundaryIs>
</Polygon>
</Placemark>

<Placemark>
<Style>
<LineStyle>
<width>0</width>
</LineStyle>

<PolyStyle>
<color>ff1439e6</color>
<outline>0</outline>
</PolyStyle>
</Style>

<Polygon>
<tessellate>1</tessellate>

<outerBoundaryIs>
<LinearRing>
<coordinates>

121.19717116178676,21.005875366767384,0
121.27295826252309,21.129604769950237,0
121.74929173747692,20.835145230049765,0
121.67589133821328,20.715312133232622,0
121.19717116178676,21.005875366767384,0

</coordinates>
</LinearRing>
</outerBoundaryIs>
</Polygon>
</Placemark>

<Placemark>
<Style>
<LineStyle>
<width>0</width>
</LineStyle>

<PolyStyle>
<color>ff143be7</color>
<outline>0</outline>
</PolyStyle>
</Style>

<Polygon>
<tessellate>1</tessellate>

<outerBoundaryIs>
<LinearRing>
<coordinates>

121.27295826252309,21.129604769950237,0
121.3493378281989,21.252034282089614,0
121.8232246718011,20.953653217910382,0
121.74929173747692,20.835145230049765,0
121.27295826252309,21.129604769950237,0

</coordinates>
</LinearRing>
</outerBoundaryIs>
</Polygon>
</Placemark>

<Placemark>
<Style>
<LineStyle>
<width>0</width>
</LineStyle>

<PolyStyle>
<color>ff133ce7</color>
<outline>0</outline>
</PolyStyle>
</Style>

<Polygon>
<tessellate>1</tessellate>

<outerBoundaryIs>
<LinearRing>
<coordinates>

121.3493378281989,21.252034282089614,0
121.42631040883509,21.373163542617025,0
121.89768959116486,21.07083645738297,0
121.8232246718011,20.953653217910382,0
121.3493378281989,21.252034282089614,0

</coordinates>
</LinearRing>
</outerBoundaryIs>
</Polygon>
</Placemark>

<Placemark>
<Style>
<LineStyle>
<width>0</width>
</LineStyle>

<PolyStyle>
<color>ff133de8</color>
<outline>0</outline>
</PolyStyle>
</Style>

<Polygon>
<tessellate>1</tessellate>

<outerBoundaryIs>
<LinearRing>
<coordinates>

121.42631040883509,21.373163542617025,0
121.503876551585,21.49299216612295,0
121.972685948415,21.18669533387705,0
121.89768959116486,21.07083645738297,0
121.42631040883509,21.373163542617025,0

</coordinates>
</LinearRing>
</outerBoundaryIs>
</Polygon>
</Placemark>

<Placemark>
<Style>
<LineStyle>
<width>0</width>
</LineStyle>

<PolyStyle>
<color>ff123fe8</color>
<outline>0</outline>
</PolyStyle>
</Style>

<Polygon>
<tessellate>1</tessellate>

<outerBoundaryIs>
<LinearRing>
<coordinates>

121.503876551585,21.49299216612295,0
121.58203679969816,21.611519741709326,0
122.04821320030183,21.301230258290676,0
121.972685948415,21.18669533387705,0
121.503876551585,21.49299216612295,0

</coordinates>
</LinearRing>
</outerBoundaryIs>
</Polygon>
</Placemark>

<Placemark>
<Style>
<LineStyle>
<width>0</width>
</LineStyle>

<PolyStyle>
<color>ff1240e9</color>
<outline>0</outline>
</PolyStyle>
</Style>

<Polygon>
<tessellate>1</tessellate>

<outerBoundaryIs>
<LinearRing>
<coordinates>

121.58203679969816,21.611519741709326,0
121.66079169142692,21.728745832367213,0
122.12427080857309,21.41444166763279,0
122.04821320030183,21.301230258290676,0
121.58203679969816,21.611519741709326,0

</coordinates>
</LinearRing>
</outerBoundaryIs>
</Polygon>
</Placemark>

<Placemark>
<Style>
<LineStyle>
<width>0</width>
</LineStyle>

<PolyStyle>
<color>ff1241e9</color>
<outline>0</outline>
</PolyStyle>
</Style>

<Polygon>
<tessellate>1</tessellate>

<outerBoundaryIs>
<LinearRing>
<coordinates>

121.66079169142692,21.728745832367213,0
121.74014175887406,21.84466997438388,0
122.20085824112594,21.526330025616115,0
122.12427080857309,21.41444166763279,0
121.66079169142692,21.728745832367213,0

</coordinates>
</LinearRing>
</outerBoundaryIs>
</Polygon>
</Placemark>

<Placemark>
<Style>
<LineStyle>
<width>0</width>
</LineStyle>

<PolyStyle>
<color>ff1143ea</color>
<outline>0</outline>
</PolyStyle>
</Style>

<Polygon>
<tessellate>1</tessellate>

<outerBoundaryIs>
<LinearRing>
<coordinates>

121.74014175887406,21.84466997438388,0
121.82008752678291,21.959291676784126,0
122.27797497321708,21.636895823215873,0
122.20085824112594,21.526330025616115,0
121.74014175887406,21.84466997438388,0

</coordinates>
</LinearRing>
</outerBoundaryIs>
</Polygon>
</Placemark>

<Placemark>
<Style>
<LineStyle>
<width>0</width>
</LineStyle>

<PolyStyle>
<color>ff1144ea</color>
<outline>0</outline>
</PolyStyle>
</Style>

<Polygon>
<tessellate>1</tessellate>

<outerBoundaryIs>
<LinearRing>
<coordinates>

121.82008752678291,21.959291676784126,0
121.90062951126903,22.072610420810125,0
122.35562048873096,21.746139579189876,0
122.27797497321708,21.636895823215873,0
121.82008752678291,21.959291676784126,0

</coordinates>
</LinearRing>
</outerBoundaryIs>
</Polygon>
</Placemark>

<Placemark>
<Style>
<LineStyle>
<width>0</width>
</LineStyle>

<PolyStyle>
<color>ff1045eb</color>
<outline>0</outline>
</PolyStyle>
</Style>

<Polygon>
<tessellate>1</tessellate>

<outerBoundaryIs>
<LinearRing>
<coordinates>

121.90062951126903,22.072610420810125,0
121.98176821849475,22.18462565944505,0
122.43379428150527,21.85406184055496,0
122.35562048873096,21.746139579189876,0
121.90062951126903,22.072610420810125,0

</coordinates>
</LinearRing>
</outerBoundaryIs>
</Polygon>
</Placemark>

<Placemark>
<Style>
<LineStyle>
<width>0</width>
</LineStyle>

<PolyStyle>
<color>ff1047eb</color>
<outline>0</outline>
</PolyStyle>
</Style>

<Polygon>
<tessellate>1</tessellate>

<outerBoundaryIs>
<LinearRing>
<coordinates>

121.98176821849475,22.18462565944505,0
122.06350414328725,22.295336816985397,0
122.51249585671277,21.960663183014603,0
122.43379428150527,21.85406184055496,0
121.98176821849475,22.18462565944505,0

</coordinates>
</LinearRing>
</outerBoundaryIs>
</Polygon>
</Placemark>

<Placemark>
<Style>
<LineStyle>
<width>0</width>
</LineStyle>

<PolyStyle>
<color>ff0f48ec</color>
<outline>0</outline>
</PolyStyle>
</Style>

<Polygon>
<tessellate>1</tessellate>

<outerBoundaryIs>
<LinearRing>
<coordinates>

122.06350414328725,22.295336816985397,0
122.14583776770172,22.40474328866738,0
122.59172473229827,22.065944211332624,0
122.51249585671277,21.960663183014603,0
122.06350414328725,22.295336816985397,0

</coordinates>
</LinearRing>
</outerBoundaryIs>
</Polygon>
</Placemark>

<Placemark>
<Style>
<LineStyle>
<width>0</width>
</LineStyle>

<PolyStyle>
<color>ff0f49ec</color>
<outline>0</outline>
</PolyStyle>
</Style>

<Polygon>
<tessellate>1</tessellate>

<outerBoundaryIs>
<LinearRing>
<coordinates>

122.14583776770172,22.40474328866738,0
122.22876955953106,22.512844440352495,0
122.67148044046894,22.169905559647503,0
122.59172473229827,22.065944211332624,0
122.14583776770172,22.40474328866738,0

</coordinates>
</LinearRing>
</outerBoundaryIs>
</Polygon>
</Placemark>

<Placemark>
<Style>
<LineStyle>
<width>0</width>
</LineStyle>

<PolyStyle>
<color>ff0f4bed</color>
<outline>0</outline>
</PolyStyle>
</Style>

<Polygon>
<tessellate>1</tessellate>

<outerBoundaryIs>
<LinearRing>
<coordinates>

122.22876955953106,22.512844440352495,0
122.31229997076446,22.61963960827818,0
122.75176252923555,22.272547891721818,0
122.67148044046894,22.169905559647503,0
122.22876955953106,22.512844440352495,0

</coordinates>
</LinearRing>
</outerBoundaryIs>
</Polygon>
</Placemark>

<Placemark>
<Style>
<LineStyle>
<width>0</width>
</LineStyle>

<PolyStyle>
<color>ff0e4cee</color>
<outline>0</outline>
</PolyStyle>
</Style>

<Polygon>
<tessellate>1</tessellate>

<outerBoundaryIs>
<LinearRing>
<coordinates>

122.31229997076446,22.61963960827818,0
122.39642943599794,22.72512809887894,0
122.83257056400204,22.373871901121063,0
122.75176252923555,22.272547891721818,0
122.31229997076446,22.61963960827818,0

</coordinates>
</LinearRing>
</outerBoundaryIs>
</Polygon>
</Placemark>

<Placemark>
<Style>
<LineStyle>
<width>0</width>
</LineStyle>

<PolyStyle>
<color>ff0e4dee</color>
<outline>0</outline>
</PolyStyle>
</Style>

<Polygon>
<tessellate>1</tessellate>

<outerBoundaryIs>
<LinearRing>
<coordinates>

122.39642943599794,22.72512809887894,0
122.48115837079943,22.829309188683464,0
122.91390412920056,22.473878311316536,0
122.83257056400204,22.373871901121063,0
122.39642943599794,22.72512809887894,0

</coordinates>
</LinearRing>
</outerBoundaryIs>
</Polygon>
</Placemark>

<Placemark>
<Style>
<LineStyle>
<width>0</width>
</LineStyle>

<PolyStyle>
<color>ff0d4eef</color>
<outline>0</outline>
</PolyStyle>
</Style>

<Polygon>
<tessellate>1</tessellate>

<outerBoundaryIs>
<LinearRing>
<coordinates>

122.48115837079943,22.829309188683464,0
122.56648717003229,22.93218212429364,0
122.99576282996772,22.572567875706362,0
122.91390412920056,22.473878311316536,0
122.48115837079943,22.829309188683464,0

</coordinates>
</LinearRing>
</outerBoundaryIs>
</Polygon>
</Placemark>

<Placemark>
<Style>
<LineStyle>
<width>0</width>
</LineStyle>

<PolyStyle>
<color>ff0d50ef</color>
<outline>0</outline>
</PolyStyle>
</Style>

<Polygon>
<tessellate>1</tessellate>

<outerBoundaryIs>
<LinearRing>
<coordinates>

122.56648717003229,22.93218212429364,0
122.65241620614192,23.033746122450992,0
123.07814629385807,22.66994137754901,0
122.99576282996772,22.572567875706362,0
122.56648717003229,22.93218212429364,0

</coordinates>
</LinearRing>
</outerBoundaryIs>
</Polygon>
</Placemark>

<Placemark>
<Style>
<LineStyle>
<width>0</width>
</LineStyle>

<PolyStyle>
<color>ff0c51f0</color>
<outline>0</outline>
</PolyStyle>
</Style>

<Polygon>
<tessellate>1</tessellate>

<outerBoundaryIs>
<LinearRing>
<coordinates>

122.65241620614192,23.033746122450992,0
122.73894582740975,23.134000370195945,0
123.16105417259026,22.765999629804053,0
123.07814629385807,22.66994137754901,0
122.65241620614192,23.033746122450992,0

</coordinates>
</LinearRing>
</outerBoundaryIs>
</Polygon>
</Placemark>

<Placemark>
<Style>
<LineStyle>
<width>0</width>
</LineStyle>

<PolyStyle>
<color>ff0c52f0</color>
<outline>0</outline>
</PolyStyle>
</Style>

<Polygon>
<tessellate>1</tessellate>

<outerBoundaryIs>
<LinearRing>
<coordinates>

122.73894582740975,23.134000370195945,0
122.82607635618014,23.232944025125597,0
123.24448614381986,22.860743474874404,0
123.16105417259026,22.765999629804053,0
122.73894582740975,23.134000370195945,0

</coordinates>
</LinearRing>
</outerBoundaryIs>
</Polygon>
</Placemark>

<Placemark>
<Style>
<LineStyle>
<width>0</width>
</LineStyle>

<PolyStyle>
<color>ff0b54f1</color>
<outline>0</outline>
</PolyStyle>
</Style>

<Polygon>
<tessellate>1</tessellate>

<outerBoundaryIs>
<LinearRing>
<coordinates>

122.82607635618014,23.232944025125597,0
122.91380808706636,23.330576215755,0
123.32844191293366,22.954173784245004,0
123.24448614381986,22.860743474874404,0
122.82607635618014,23.232944025125597,0

</coordinates>
</LinearRing>
</outerBoundaryIs>
</Polygon>
</Placemark>

<Placemark>
<Style>
<LineStyle>
<width>0</width>
</LineStyle>

<PolyStyle>
<color>ff0b55f1</color>
<outline>0</outline>
</PolyStyle>
</Style>

<Polygon>
<tessellate>1</tessellate>

<outerBoundaryIs>
<LinearRing>
<coordinates>

122.91380808706636,23.330576215755,0
123.00214128514182,23.426896041987145,0
123.41292121485816,23.046291458012856,0
123.32844191293366,22.954173784245004,0
122.91380808706636,23.330576215755,0

</coordinates>
</LinearRing>
</outerBoundaryIs>
</Polygon>
</Placemark>

<Placemark>
<Style>
<LineStyle>
<width>0</width>
</LineStyle>

<PolyStyle>
<color>ff0b56f2</color>
<outline>0</outline>
</PolyStyle>
</Style>

<Polygon>
<tessellate>1</tessellate>

<outerBoundaryIs>
<LinearRing>
<coordinates>

123.00214128514182,23.426896041987145,0
123.0910761841242,23.521902575696192,0
123.4979238158758,23.137097424303807,0
123.41292121485816,23.046291458012856,0
123.00214128514182,23.426896041987145,0

</coordinates>
</LinearRing>
</outerBoundaryIs>
</Polygon>
</Placemark>

<Placemark>
<Style>
<LineStyle>
<width>0</width>
</LineStyle>

<PolyStyle>
<color>ff0a58f2</color>
<outline>0</outline>
</PolyStyle>
</Style>

<Polygon>
<tessellate>1</tessellate>

<outerBoundaryIs>
<LinearRing>
<coordinates>

123.0910761841242,23.521902575696192,0
123.18061298455933,23.61559486142837,0
123.58344951544066,23.22659263857163,0
123.4979238158758,23.137097424303807,0
123.0910761841242,23.521902575696192,0

</coordinates>
</LinearRing>
</outerBoundaryIs>
</Polygon>
</Placemark>

<Placemark>
<Style>
<LineStyle>
<width>0</width>
</LineStyle>

<PolyStyle>
<color>ff0a59f3</color>
<outline>0</outline>
</PolyStyle>
</Style>

<Polygon>
<tessellate>1</tessellate>

<outerBoundaryIs>
<LinearRing>
<coordinates>

123.18061298455933,23.61559486142837,0
123.27075185201413,23.70797191722457,0
123.66949814798586,23.314778082775433,0
123.58344951544066,23.22659263857163,0
123.18061298455933,23.61559486142837,0

</coordinates>
</LinearRing>
</outerBoundaryIs>
</Polygon>
</Placemark>

<Placemark>
<Style>
<LineStyle>
<width>0</width>
</LineStyle>

<PolyStyle>
<color>ff095af3</color>
<outline>0</outline>
</PolyStyle>
</Style>

<Polygon>
<tessellate>1</tessellate>

<outerBoundaryIs>
<LinearRing>
<coordinates>

123.27075185201413,23.70797191722457,0
123.36149291528639,23.79903273556772,0
123.75606958471363,23.40165476443228,0
123.66949814798586,23.314778082775433,0
123.27075185201413,23.70797191722457,0

</coordinates>
</LinearRing>
</outerBoundaryIs>
</Polygon>
</Placemark>

<Placemark>
<Style>
<LineStyle>
<width>0</width>
</LineStyle>

<PolyStyle>
<color>ff095cf4</color>
<outline>0</outline>
</PolyStyle>
</Style>

<Polygon>
<tessellate>1</tessellate>

<outerBoundaryIs>
<LinearRing>
<coordinates>

123.36149291528639,23.79903273556772,0
123.45283626464142,23.888776284458316,0
123.84316373535857,23.48722371554169,0
123.75606958471363,23.40165476443228,0
123.36149291528639,23.79903273556772,0

</coordinates>
</LinearRing>
</outerBoundaryIs>
</Polygon>
</Placemark>

<Placemark>
<Style>
<LineStyle>
<width>0</width>
</LineStyle>

<PolyStyle>
<color>ff085df4</color>
<outline>0</outline>
</PolyStyle>
</Style>

<Polygon>
<tessellate>1</tessellate>

<outerBoundaryIs>
<LinearRing>
<coordinates>

123.45283626464142,23.888776284458316,0
123.54478195008483,23.977201508619796,0
123.9307805499152,23.571485991380204,0
123.84316373535857,23.48722371554169,0
123.45283626464142,23.888776284458316,0

</coordinates>
</LinearRing>
</outerBoundaryIs>
</Polygon>
</Placemark>

<Placemark>
<Style>
<LineStyle>
<width>0</width>
</LineStyle>

<PolyStyle>
<color>ff085ef5</color>
<outline>0</outline>
</PolyStyle>
</Style>

<Polygon>
<tessellate>1</tessellate>

<outerBoundaryIs>
<LinearRing>
<coordinates>

123.54478195008483,23.977201508619796,0
123.63732997968177,24.06430733083573,0
124.01892002031823,23.65444266916427,0
123.9307805499152,23.571485991380204,0
123.54478195008483,23.977201508619796,0

</coordinates>
</LinearRing>
</outerBoundaryIs>
</Polygon>
</Placemark>

<Placemark>
<Style>
<LineStyle>
<width>0</width>
</LineStyle>

<PolyStyle>
<color>ff0760f5</color>
<outline>0</outline>
</PolyStyle>
</Style>

<Polygon>
<tessellate>1</tessellate>

<outerBoundaryIs>
<LinearRing>
<coordinates>

123.63732997968177,24.06430733083573,0
123.73048031793356,24.15009265341951,0
124.10758218206642,23.736094846580496,0
124.01892002031823,23.65444266916427,0
123.63732997968177,24.06430733083573,0

</coordinates>
</LinearRing>
</outerBoundaryIs>
</Polygon>
</Placemark>

<Placemark>
<Style>
<LineStyle>
<width>0</width>
</LineStyle>

<PolyStyle>
<color>ff0761f6</color>
<outline>0</outline>
</PolyStyle>
</Style>

<Polygon>
<tessellate>1</tessellate>

<outerBoundaryIs>
<LinearRing>
<coordinates>

123.73048031793356,24.15009265341951,0
123.82423288422156,24.234556359816143,0
124.19676711577846,23.81644364018386,0
124.10758218206642,23.736094846580496,0
123.73048031793356,24.15009265341951,0

</coordinates>
</LinearRing>
</outerBoundaryIs>
</Polygon>
</Placemark>

<Placemark>
<Style>
<LineStyle>
<width>0</width>
</LineStyle>

<PolyStyle>
<color>ff0762f6</color>
<outline>0</outline>
</PolyStyle>
</Style>

<Polygon>
<tessellate>1</tessellate>

<outerBoundaryIs>
<LinearRing>
<coordinates>

123.82423288422156,24.234556359816143,0
123.91858755133048,24.31769731633599,0
124.28647494866952,23.895490183664013,0
124.19676711577846,23.81644364018386,0
123.82423288422156,24.234556359816143,0

</coordinates>
</LinearRing>
</outerBoundaryIs>
</Polygon>
</Placemark>

<Placemark>
<Style>
<LineStyle>
<width>0</width>
</LineStyle>

<PolyStyle>
<color>ff0664f7</color>
<outline>0</outline>
</PolyStyle>
</Style>

<Polygon>
<tessellate>1</tessellate>

<outerBoundaryIs>
<LinearRing>
<coordinates>

123.91858755133048,24.31769731633599,0
124.01354414406173,24.399514374017855,0
124.37670585593828,23.97323562598214,0
124.28647494866952,23.895490183664013,0
123.91858755133048,24.31769731633599,0

</coordinates>
</LinearRing>
</outerBoundaryIs>
</Polygon>
</Placemark>

<Placemark>
<Style>
<LineStyle>
<width>0</width>
</LineStyle>

<PolyStyle>
<color>ff0665f7</color>
<outline>0</outline>
</PolyStyle>
</Style>

<Polygon>
<tessellate>1</tessellate>

<outerBoundaryIs>
<LinearRing>
<coordinates>

124.01354414406173,24.399514374017855,0
124.10910243794805,24.480006370619044,0
124.46746006205194,24.049681129380957,0
124.37670585593828,23.97323562598214,0
124.01354414406173,24.399514374017855,0

</coordinates>
</LinearRing>
</outerBoundaryIs>
</Polygon>
</Placemark>

<Placemark>
<Style>
<LineStyle>
<width>0</width>
</LineStyle>

<PolyStyle>
<color>ff0566f8</color>
<outline>0</outline>
</PolyStyle>
</Style>

<Polygon>
<tessellate>1</tessellate>

<outerBoundaryIs>
<LinearRing>
<coordinates>

124.10910243794805,24.480006370619044,0
124.20526215808106,24.559172132728477,0
124.55873784191895,24.124827867271527,0
124.46746006205194,24.049681129380957,0
124.10910243794805,24.480006370619044,0

</coordinates>
</LinearRing>
</outerBoundaryIs>
</Polygon>
</Placemark>

<Placemark>
<Style>
<LineStyle>
<width>0</width>
</LineStyle>

<PolyStyle>
<color>ff0568f8</color>
<outline>0</outline>
</PolyStyle>
</Style>

<Polygon>
<tessellate>1</tessellate>

<outerBoundaryIs>
<LinearRing>
<coordinates>

124.20526215808106,24.559172132728477,0
124.30202297806237,24.63701047799791,0
124.65053952193763,24.198677022002094,0
124.55873784191895,24.124827867271527,0
124.20526215808106,24.559172132728477,0

</coordinates>
</LinearRing>
</outerBoundaryIs>
</Polygon>
</Placemark>

<Placemark>
<Style>
<LineStyle>
<width>0</width>
</LineStyle>

<PolyStyle>
<color>ff0469f9</color>
<outline>0</outline>
</PolyStyle>
</Style>

<Polygon>
<tessellate>1</tessellate>

<outerBoundaryIs>
<LinearRing>
<coordinates>

124.30202297806237,24.63701047799791,0
124.39938451908976,24.71352021748553,0
124.74286548091023,24.271229782514474,0
124.65053952193763,24.198677022002094,0
124.30202297806237,24.63701047799791,0

</coordinates>
</LinearRing>
</outerBoundaryIs>
</Polygon>
</Placemark>

<Placemark>
<Style>
<LineStyle>
<width>0</width>
</LineStyle>

<PolyStyle>
<color>ff046af9</color>
<outline>0</outline>
</PolyStyle>
</Style>

<Polygon>
<tessellate>1</tessellate>

<outerBoundaryIs>
<LinearRing>
<coordinates>

124.39938451908976,24.71352021748553,0
124.4973463491883,24.788700158104607,0
124.83571615081168,24.34248734189539,0
124.74286548091023,24.271229782514474,0
124.39938451908976,24.71352021748553,0

</coordinates>
</LinearRing>
</outerBoundaryIs>
</Polygon>
</Placemark>

<Placemark>
<Style>
<LineStyle>
<width>0</width>
</LineStyle>

<PolyStyle>
<color>ff036cfa</color>
<outline>0</outline>
</PolyStyle>
</Style>

<Polygon>
<tessellate>1</tessellate>

<outerBoundaryIs>
<LinearRing>
<coordinates>

124.4973463491883,24.788700158104607,0
124.59590798259698,24.862549105169503,0
124.92909201740302,24.412450894830503,0
124.83571615081168,24.34248734189539,0
124.4973463491883,24.788700158104607,0

</coordinates>
</LinearRing>
</outerBoundaryIs>
</Polygon>
</Placemark>

<Placemark>
<Style>
<LineStyle>
<width>0</width>
</LineStyle>

<PolyStyle>
<color>ff036dfa</color>
<outline>0</outline>
</PolyStyle>
</Style>

<Polygon>
<tessellate>1</tessellate>

<outerBoundaryIs>
<LinearRing>
<coordinates>

124.59590798259698,24.862549105169503,0
124.69506887932006,24.93506586502962,0
125.02299362067991,24.48112163497038,0
124.92909201740302,24.412450894830503,0
124.59590798259698,24.862549105169503,0

</coordinates>
</LinearRing>
</outerBoundaryIs>
</Polygon>
</Placemark>

<Placemark>
<Style>
<LineStyle>
<width>0</width>
</LineStyle>

<PolyStyle>
<color>ff036efb</color>
<outline>0</outline>
</PolyStyle>
</Style>

<Polygon>
<tessellate>1</tessellate>

<outerBoundaryIs>
<LinearRing>
<coordinates>

124.69506887932006,24.93506586502962,0
124.79482844485219,25.006249247781273,0
125.11742155514784,24.548500752218725,0
125.02299362067991,24.48112163497038,0
124.69506887932006,24.93506586502962,0

</coordinates>
</LinearRing>
</outerBoundaryIs>
</Polygon>
</Placemark>

<Placemark>
<Style>
<LineStyle>
<width>0</width>
</LineStyle>

<PolyStyle>
<color>ff0270fb</color>
<outline>0</outline>
</PolyStyle>
</Style>

<Polygon>
<tessellate>1</tessellate>

<outerBoundaryIs>
<LinearRing>
<coordinates>

124.79482844485219,25.006249247781273,0
124.8951860300848,25.076098070046328,0
125.21237646991523,24.614589429953668,0
125.11742155514784,24.548500752218725,0
124.79482844485219,25.006249247781273,0

</coordinates>
</LinearRing>
</outerBoundaryIs>
</Polygon>
</Placemark>

<Placemark>
<Style>
<LineStyle>
<width>0</width>
</LineStyle>

<PolyStyle>
<color>ff0271fc</color>
<outline>0</outline>
</PolyStyle>
</Style>

<Polygon>
<tessellate>1</tessellate>

<outerBoundaryIs>
<LinearRing>
<coordinates>

124.8951860300848,25.076098070046328,0
124.9961409314017,25.144611157805606,0
125.30785906859833,24.6793888421944,0
125.21237646991523,24.614589429953668,0
124.8951860300848,25.076098070046328,0

</coordinates>
</LinearRing>
</outerBoundaryIs>
</Polygon>
</Placemark>

<Placemark>
<Style>
<LineStyle>
<width>0</width>
</LineStyle>

<PolyStyle>
<color>ff0172fc</color>
<outline>0</outline>
</PolyStyle>
</Style>

<Polygon>
<tessellate>1</tessellate>

<outerBoundaryIs>
<LinearRing>
<coordinates>

124.9961409314017,25.144611157805606,0
125.09769239096872,25.211787349273898,0
125.40387010903129,24.7429001507261,0
125.30785906859833,24.6793888421944,0
124.9961409314017,25.144611157805606,0

</coordinates>
</LinearRing>
</outerBoundaryIs>
</Polygon>
</Placemark>

<Placemark>
<Style>
<LineStyle>
<width>0</width>
</LineStyle>

<PolyStyle>
<color>ff0174fd</color>
<outline>0</outline>
</PolyStyle>
</Style>

<Polygon>
<tessellate>1</tessellate>

<outerBoundaryIs>
<LinearRing>
<coordinates>

125.09769239096872,25.211787349273898,0
125.19983959722336,25.277625497803204,0
125.50041040277665,24.8051245021968,0
125.40387010903129,24.7429001507261,0
125.09769239096872,25.211787349273898,0

</coordinates>
</LinearRing>
</outerBoundaryIs>
</Polygon>
</Placemark>

<Placemark>
<Style>
<LineStyle>
<width>0</width>
</LineStyle>

<PolyStyle>
<color>ff0075fd</color>
<outline>0</outline>
</PolyStyle>
</Style>

<Polygon>
<tessellate>1</tessellate>

<outerBoundaryIs>
<LinearRing>
<coordinates>

125.19983959722336,25.277625497803204,0
125.30258168556728,25.342124474799558,0
125.59748081443271,24.866063025200443,0
125.50041040277665,24.8051245021968,0
125.19983959722336,25.277625497803204,0

</coordinates>
</LinearRing>
</outerBoundaryIs>
</Polygon>
</Placemark>

<Placemark>
<Style>
<LineStyle>
<width>0</width>
</LineStyle>

<PolyStyle>
<color>ff0076fe</color>
<outline>0</outline>
</PolyStyle>
</Style>

<Polygon>
<tessellate>1</tessellate>

<outerBoundaryIs>
<LinearRing>
<coordinates>

125.30258168556728,25.342124474799558,0
125.32138372353874,25.353622121522896,0
125.61342578662008,24.875802664623954,0
125.59748081443271,24.866063025200443,0
125.30258168556728,25.342124474799558,0

</coordinates>
</LinearRing>
</outerBoundaryIs>
</Polygon>
</Placemark>

<Placemark>

<Style>

<LineStyle>
<width>0</width>
</LineStyle>

<PolyStyle>
<color>ff0078ff</color>
<outline>0</outline>
</PolyStyle>

</Style>

<Polygon>

<tessellate>1</tessellate>

<outerBoundaryIs>
<LinearRing>

<coordinates>

126.8,25.8,0
125.12305675516112,25.78099069729717,0
125.32138372353874,25.353622121522896,0
125.61342578662008,24.875802664623954,0
125.80904149525892,24.4470398225072,0
126.8,25.8,0

</coordinates>

</LinearRing>
</outerBoundaryIs>

</Polygon>

</Placemark>

<Placemark>
<Style>
<LineStyle>
<width>0</width>
</LineStyle>

<PolyStyle>
<color>ff0078ff</color>
<outline>0</outline>
</PolyStyle>
</Style>

<Polygon>
<tessellate>1</tessellate>

<outerBoundaryIs>
<LinearRing>
<coordinates>

128.73726392729122,27.596797500471688,0
128.78799382497772,27.73448549390102,0
129.31263117502232,27.53863950609899,0
129.26273607270878,27.403202499528312,0
128.73726392729122,27.596797500471688,0

</coordinates>
</LinearRing>
</outerBoundaryIs>
</Polygon>
</Placemark>

<Placemark>
<Style>
<LineStyle>
<width>0</width>
</LineStyle>

<PolyStyle>
<color>ff0079ff</color>
<outline>0</outline>
</PolyStyle>
</Style>

<Polygon>
<tessellate>1</tessellate>

<outerBoundaryIs>
<LinearRing>
<coordinates>

128.78799382497772,27.73448549390102,0
128.83978981716177,27.871442678326346,0
129.3627101828382,27.67105732167365,0
129.31263117502232,27.53863950609899,0
128.78799382497772,27.73448549390102,0

</coordinates>
</LinearRing>
</outerBoundaryIs>
</Polygon>
</Placemark>

<Placemark>
<Style>
<LineStyle>
<width>0</width>
</LineStyle>

<PolyStyle>
<color>ff007bff</color>
<outline>0</outline>
</PolyStyle>
</Style>

<Polygon>
<tessellate>1</tessellate>

<outerBoundaryIs>
<LinearRing>
<coordinates>

128.83978981716177,27.871442678326346,0
128.89224958978187,28.006566011250367,0
129.41337541021815,27.801558988749637,0
129.3627101828382,27.67105732167365,0
128.83978981716177,27.871442678326346,0

</coordinates>
</LinearRing>
</outerBoundaryIs>
</Polygon>
</Placemark>

<Placemark>
<Style>
<LineStyle>
<width>0</width>
</LineStyle>

<PolyStyle>
<color>ff007cff</color>
<outline>0</outline>
</PolyStyle>
</Style>

<Polygon>
<tessellate>1</tessellate>

<outerBoundaryIs>
<LinearRing>
<coordinates>

128.89224958978187,28.006566011250367,0
128.94537485715375,28.139856021296143,0
129.46462514284627,27.930143978703857,0
129.41337541021815,27.801558988749637,0
128.89224958978187,28.006566011250367,0

</coordinates>
</LinearRing>
</outerBoundaryIs>
</Polygon>
</Placemark>

<Placemark>
<Style>
<LineStyle>
<width>0</width>
</LineStyle>

<PolyStyle>
<color>ff007eff</color>
<outline>0</outline>
</PolyStyle>
</Style>

<Polygon>
<tessellate>1</tessellate>

<outerBoundaryIs>
<LinearRing>
<coordinates>

128.94537485715375,28.139856021296143,0
128.99916740315385,28.271313205720045,0
129.51645759684615,28.056811794279955,0
129.46462514284627,27.930143978703857,0
128.94537485715375,28.139856021296143,0

</coordinates>
</LinearRing>
</outerBoundaryIs>
</Polygon>
</Placemark>

<Placemark>
<Style>
<LineStyle>
<width>0</width>
</LineStyle>

<PolyStyle>
<color>ff007fff</color>
<outline>0</outline>
</PolyStyle>
</Style>

<Polygon>
<tessellate>1</tessellate>

<outerBoundaryIs>
<LinearRing>
<coordinates>

128.99916740315385,28.271313205720045,0
129.05362908273082,28.400938025715543,0
129.56887091726924,28.18156197428446,0
129.51645759684615,28.056811794279955,0
128.99916740315385,28.271313205720045,0

</coordinates>
</LinearRing>
</outerBoundaryIs>
</Polygon>
</Placemark>

<Placemark>
<Style>
<LineStyle>
<width>0</width>
</LineStyle>

<PolyStyle>
<color>ff0081ff</color>
<outline>0</outline>
</PolyStyle>
</Style>

<Polygon>
<tessellate>1</tessellate>

<outerBoundaryIs>
<LinearRing>
<coordinates>

129.05362908273082,28.400938025715543,0
129.1087618232429,28.52873090132354,0
129.62186317675707,28.304394098676454,0
129.56887091726924,28.18156197428446,0
129.05362908273082,28.400938025715543,0

</coordinates>
</LinearRing>
</outerBoundaryIs>
</Polygon>
</Placemark>

<Placemark>
<Style>
<LineStyle>
<width>0</width>
</LineStyle>

<PolyStyle>
<color>ff0082ff</color>
<outline>0</outline>
</PolyStyle>
</Style>

<Polygon>
<tessellate>1</tessellate>

<outerBoundaryIs>
<LinearRing>
<coordinates>

129.1087618232429,28.52873090132354,0
129.164567625585,28.654692205928303,0
129.67543237441504,28.425307794071703,0
129.62186317675707,28.304394098676454,0
129.1087618232429,28.52873090132354,0

</coordinates>
</LinearRing>
</outerBoundaryIs>
</Polygon>
</Placemark>

<Placemark>
<Style>
<LineStyle>
<width>0</width>
</LineStyle>

<PolyStyle>
<color>ff0084ff</color>
<outline>0</outline>
</PolyStyle>
</Style>

<Polygon>
<tessellate>1</tessellate>

<outerBoundaryIs>
<LinearRing>
<coordinates>

129.164567625585,28.654692205928303,0
129.22104856506346,28.778822260321167,0
129.72957643493655,28.54430273967883,0
129.67543237441504,28.425307794071703,0
129.164567625585,28.654692205928303,0

</coordinates>
</LinearRing>
</outerBoundaryIs>
</Polygon>
</Placemark>

<Placemark>
<Style>
<LineStyle>
<width>0</width>
</LineStyle>

<PolyStyle>
<color>ff0085ff</color>
<outline>0</outline>
</PolyStyle>
</Style>

<Polygon>
<tessellate>1</tessellate>

<outerBoundaryIs>
<LinearRing>
<coordinates>

129.22104856506346,28.778822260321167,0
129.27820679197524,28.901121326315106,0
129.78429320802476,28.661378673684894,0
129.72957643493655,28.54430273967883,0
129.22104856506346,28.778822260321167,0

</coordinates>
</LinearRing>
</outerBoundaryIs>
</Polygon>
</Placemark>

<Placemark>
<Style>
<LineStyle>
<width>0</width>
</LineStyle>

<PolyStyle>
<color>ff0087ff</color>
<outline>0</outline>
</PolyStyle>
</Style>

<Polygon>
<tessellate>1</tessellate>

<outerBoundaryIs>
<LinearRing>
<coordinates>

129.27820679197524,28.901121326315106,0
129.33604453183972,29.021589599894,0
129.8395804681603,28.776535400106006,0
129.78429320802476,28.661378673684894,0
129.27820679197524,28.901121326315106,0

</coordinates>
</LinearRing>
</outerBoundaryIs>
</Polygon>
</Placemark>

<Placemark>
<Style>
<LineStyle>
<width>0</width>
</LineStyle>

<PolyStyle>
<color>ff0088ff</color>
<outline>0</outline>
</PolyStyle>
</Style>

<Polygon>
<tessellate>1</tessellate>

<outerBoundaryIs>
<LinearRing>
<coordinates>

129.33604453183972,29.021589599894,0
129.3945640852294,29.140227203885665,0
129.89543591477056,28.88977279611433,0
129.8395804681603,28.776535400106006,0
129.33604453183972,29.021589599894,0

</coordinates>
</LinearRing>
</outerBoundaryIs>
</Polygon>
</Placemark>

<Placemark>
<Style>
<LineStyle>
<width>0</width>
</LineStyle>

<PolyStyle>
<color>ff008aff</color>
<outline>0</outline>
</PolyStyle>
</Style>

<Polygon>
<tessellate>1</tessellate>

<outerBoundaryIs>
<LinearRing>
<coordinates>

129.3945640852294,29.140227203885665,0
129.45376782713979,29.25703418014816,0
129.95185717286026,29.00109081985184,0
129.89543591477056,28.88977279611433,0
129.3945640852294,29.140227203885665,0

</coordinates>
</LinearRing>
</outerBoundaryIs>
</Polygon>
</Placemark>

<Placemark>
<Style>
<LineStyle>
<width>0</width>
</LineStyle>

<PolyStyle>
<color>ff008cff</color>
<outline>0</outline>
</PolyStyle>
</Style>

<Polygon>
<tessellate>1</tessellate>

<outerBoundaryIs>
<LinearRing>
<coordinates>

129.45376782713979,29.25703418014816,0
129.51365820583231,29.372010481265676,0
130.00884179416767,29.11048951873432,0
129.95185717286026,29.00109081985184,0
129.45376782713979,29.25703418014816,0

</coordinates>
</LinearRing>
</outerBoundaryIs>
</Polygon>
</Placemark>

<Placemark>
<Style>
<LineStyle>
<width>0</width>
</LineStyle>

<PolyStyle>
<color>ff008dff</color>
<outline>0</outline>
</PolyStyle>
</Style>

<Polygon>
<tessellate>1</tessellate>

<outerBoundaryIs>
<LinearRing>
<coordinates>

129.51365820583231,29.372010481265676,0
129.5742377410818,29.485155961753716,0
130.0663872589182,29.217969038246284,0
130.00884179416767,29.11048951873432,0
129.51365820583231,29.372010481265676,0

</coordinates>
</LinearRing>
</outerBoundaryIs>
</Polygon>
</Placemark>

<Placemark>
<Style>
<LineStyle>
<width>0</width>
</LineStyle>

<PolyStyle>
<color>ff008fff</color>
<outline>0</outline>
</PolyStyle>
</Style>

<Polygon>
<tessellate>1</tessellate>

<outerBoundaryIs>
<LinearRing>
<coordinates>

129.5742377410818,29.485155961753716,0
129.63550902175103,29.596470368779663,0
130.124490978249,29.323529631220353,0
130.0663872589182,29.217969038246284,0
129.5742377410818,29.485155961753716,0

</coordinates>
</LinearRing>
</outerBoundaryIs>
</Polygon>
</Placemark>

<Placemark>
<Style>
<LineStyle>
<width>0</width>
</LineStyle>

<PolyStyle>
<color>ff0090ff</color>
<outline>0</outline>
</PolyStyle>
</Style>

<Polygon>
<tessellate>1</tessellate>

<outerBoundaryIs>
<LinearRing>
<coordinates>

129.63550902175103,29.596470368779663,0
129.69747470261458,29.705953332413806,0
130.18315029738537,29.427171667586187,0
130.124490978249,29.323529631220353,0
129.63550902175103,29.596470368779663,0

</coordinates>
</LinearRing>
</outerBoundaryIs>
</Polygon>
</Placemark>

<Placemark>
<Style>
<LineStyle>
<width>0</width>
</LineStyle>

<PolyStyle>
<color>ff0092ff</color>
<outline>0</outline>
</PolyStyle>
</Style>

<Polygon>
<tessellate>1</tessellate>

<outerBoundaryIs>
<LinearRing>
<coordinates>

129.69747470261458,29.705953332413806,0
129.7601375003453,29.81360435543132,0
130.2423624996547,29.52889564456869,0
130.18315029738537,29.427171667586187,0
129.69747470261458,29.705953332413806,0

</coordinates>
</LinearRing>
</outerBoundaryIs>
</Polygon>
</Placemark>

<Placemark>
<Style>
<LineStyle>
<width>0</width>
</LineStyle>

<PolyStyle>
<color>ff0093ff</color>
<outline>0</outline>
</PolyStyle>
</Style>

<Polygon>
<tessellate>1</tessellate>

<outerBoundaryIs>
<LinearRing>
<coordinates>

129.7601375003453,29.81360435543132,0
129.82350018857534,29.91942280269847,0
130.30212481142462,29.62870219730152,0
130.2423624996547,29.52889564456869,0
129.7601375003453,29.81360435543132,0

</coordinates>
</LinearRing>
</outerBoundaryIs>
</Polygon>
</Placemark>

<Placemark>
<Style>
<LineStyle>
<width>0</width>
</LineStyle>

<PolyStyle>
<color>ff0095ff</color>
<outline>0</outline>
</PolyStyle>
</Style>

<Polygon>
<tessellate>1</tessellate>

<outerBoundaryIs>
<LinearRing>
<coordinates>

129.82350018857534,29.91942280269847,0
129.88756559194078,30.023407890186363,0
130.36243440805922,29.726592109813637,0
130.30212481142462,29.62870219730152,0
129.82350018857534,29.91942280269847,0

</coordinates>
</LinearRing>
</outerBoundaryIs>
</Polygon>
</Placemark>

<Placemark>
<Style>
<LineStyle>
<width>0</width>
</LineStyle>

<PolyStyle>
<color>ff0096ff</color>
<outline>0</outline>
</PolyStyle>
</Style>

<Polygon>
<tessellate>1</tessellate>

<outerBoundaryIs>
<LinearRing>
<coordinates>

129.88756559194078,30.023407890186363,0
129.9523365790142,30.125558673667488,0
130.4232884209858,29.822566326332517,0
130.36243440805922,29.726592109813637,0
129.88756559194078,30.023407890186363,0

</coordinates>
</LinearRing>
</outerBoundaryIs>
</Polygon>
</Placemark>

<Placemark>
<Style>
<LineStyle>
<width>0</width>
</LineStyle>

<PolyStyle>
<color>ff0098ff</color>
<outline>0</outline>
</PolyStyle>
</Style>

<Polygon>
<tessellate>1</tessellate>

<outerBoundaryIs>
<LinearRing>
<coordinates>

129.9523365790142,30.125558673667488,0
130.01781605403167,30.22587403716645,0
130.48468394596833,29.91662596283355,0
130.4232884209858,29.822566326332517,0
129.9523365790142,30.125558673667488,0

</coordinates>
</LinearRing>
</outerBoundaryIs>
</Polygon>
</Placemark>

<Placemark>
<Style>
<LineStyle>
<width>0</width>
</LineStyle>

<PolyStyle>
<color>ff0099ff</color>
<outline>0</outline>
</PolyStyle>
</Style>

<Polygon>
<tessellate>1</tessellate>

<outerBoundaryIs>
<LinearRing>
<coordinates>

130.01781605403167,30.22587403716645,0
130.08400694731884,30.324352681249874,0
130.54661805268117,30.00877231875013,0
130.48468394596833,29.91662596283355,0
130.01781605403167,30.22587403716645,0

</coordinates>
</LinearRing>
</outerBoundaryIs>
</Polygon>
</Placemark>

<Placemark>
<Style>
<LineStyle>
<width>0</width>
</LineStyle>

<PolyStyle>
<color>ff009bff</color>
<outline>0</outline>
</PolyStyle>
</Style>

<Polygon>
<tessellate>1</tessellate>

<outerBoundaryIs>
<LinearRing>
<coordinates>

130.08400694731884,30.324352681249874,0
130.15091220432546,30.420993111259403,0
130.60908779567453,30.099006888740593,0
130.54661805268117,30.00877231875013,0
130.08400694731884,30.324352681249874,0

</coordinates>
</LinearRing>
</outerBoundaryIs>
</Polygon>
</Placemark>

<Placemark>
<Style>
<LineStyle>
<width>0</width>
</LineStyle>

<PolyStyle>
<color>ff009cff</color>
<outline>0</outline>
</PolyStyle>
</Style>

<Polygon>
<tessellate>1</tessellate>

<outerBoundaryIs>
<LinearRing>
<coordinates>

130.15091220432546,30.420993111259403,0
130.21853477318106,30.5157936256091,0
130.67209022681894,30.1873313743909,0
130.60908779567453,30.099006888740593,0
130.15091220432546,30.420993111259403,0

</coordinates>
</LinearRing>
</outerBoundaryIs>
</Polygon>
</Placemark>

<Placemark>
<Style>
<LineStyle>
<width>0</width>
</LineStyle>

<PolyStyle>
<color>ff009eff</color>
<outline>0</outline>
</PolyStyle>
</Style>

<Polygon>
<tessellate>1</tessellate>

<outerBoundaryIs>
<LinearRing>
<coordinates>

130.21853477318106,30.5157936256091,0
130.28687759069348,30.608752304288554,0
130.73562240930656,30.273747695711453,0
130.67209022681894,30.1873313743909,0
130.21853477318106,30.5157936256091,0

</coordinates>
</LinearRing>
</outerBoundaryIs>
</Polygon>
</Placemark>

<Placemark>
<Style>
<LineStyle>
<width>0</width>
</LineStyle>

<PolyStyle>
<color>ff00a0ff</color>
<outline>0</outline>
</PolyStyle>
</Style>

<Polygon>
<tessellate>1</tessellate>

<outerBoundaryIs>
<LinearRing>
<coordinates>

130.28687759069348,30.608752304288554,0
130.35594356672217,30.69986699773398,0
130.7996814332778,30.358258002266016,0
130.73562240930656,30.273747695711453,0
130.28687759069348,30.608752304288554,0

</coordinates>
</LinearRing>
</outerBoundaryIs>
</Polygon>
</Placemark>

<Placemark>
<Style>
<LineStyle>
<width>0</width>
</LineStyle>

<PolyStyle>
<color>ff00a1ff</color>
<outline>0</outline>
</PolyStyle>
</Style>

<Polygon>
<tessellate>1</tessellate>

<outerBoundaryIs>
<LinearRing>
<coordinates>

130.35594356672217,30.69986699773398,0
130.42573556687276,30.78913531624972,0
130.86426443312726,30.440864683750277,0
130.7996814332778,30.358258002266016,0
130.35594356672217,30.69986699773398,0

</coordinates>
</LinearRing>
</outerBoundaryIs>
</Polygon>
</Placemark>

<Placemark>
<Style>
<LineStyle>
<width>0</width>
</LineStyle>

<PolyStyle>
<color>ff00a3ff</color>
<outline>0</outline>
</PolyStyle>
</Style>

<Polygon>
<tessellate>1</tessellate>

<outerBoundaryIs>
<LinearRing>
<coordinates>

130.42573556687276,30.78913531624972,0
130.49625639347735,30.876554620184994,0
130.92936860652262,30.521570379815007,0
130.86426443312726,30.440864683750277,0
130.42573556687276,30.78913531624972,0

</coordinates>
</LinearRing>
</outerBoundaryIs>
</Polygon>
</Placemark>

<Placemark>
<Style>
<LineStyle>
<width>0</width>
</LineStyle>

<PolyStyle>
<color>ff00a4ff</color>
<outline>0</outline>
</PolyStyle>
</Style>

<Polygon>
<tessellate>1</tessellate>

<outerBoundaryIs>
<LinearRing>
<coordinates>

130.49625639347735,30.876554620184994,0
130.56750876484864,30.96212201109063,0
130.99499123515136,30.60037798890937,0
130.92936860652262,30.521570379815007,0
130.49625639347735,30.876554620184994,0

</coordinates>
</LinearRing>
</outerBoundaryIs>
</Polygon>
</Placemark>

<Placemark>
<Style>
<LineStyle>
<width>0</width>
</LineStyle>

<PolyStyle>
<color>ff00a6ff</color>
<outline>0</outline>
</PolyStyle>
</Style>

<Polygon>
<tessellate>1</tessellate>

<outerBoundaryIs>
<LinearRing>
<coordinates>

130.56750876484864,30.96212201109063,0
130.63949529282104,31.045834324100298,0
131.06112970717902,30.677290675899705,0
130.99499123515136,30.60037798890937,0
130.56750876484864,30.96212201109063,0

</coordinates>
</LinearRing>
</outerBoundaryIs>
</Polygon>
</Placemark>

<Placemark>
<Style>
<LineStyle>
<width>0</width>
</LineStyle>

<PolyStyle>
<color>ff00a7ff</color>
<outline>0</outline>
</PolyStyle>
</Style>

<Polygon>
<tessellate>1</tessellate>

<outerBoundaryIs>
<LinearRing>
<coordinates>

130.63949529282104,31.045834324100298,0
130.71221845862684,31.127688121799427,0
131.12778154137314,30.752311878200583,0
131.06112970717902,30.677290675899705,0
130.63949529282104,31.045834324100298,0

</coordinates>
</LinearRing>
</outerBoundaryIs>
</Polygon>
</Placemark>

<Placemark>
<Style>
<LineStyle>
<width>0</width>
</LineStyle>

<PolyStyle>
<color>ff00a9ff</color>
<outline>0</outline>
</PolyStyle>
</Style>

<Polygon>
<tessellate>1</tessellate>

<outerBoundaryIs>
<LinearRing>
<coordinates>

130.71221845862684,31.127688121799427,0
130.78568058718832,31.20767968985749,0
131.1949444128117,30.825445310142516,0
131.12778154137314,30.752311878200583,0
130.71221845862684,31.127688121799427,0

</coordinates>
</LinearRing>
</outerBoundaryIs>
</Polygon>
</Placemark>

<Placemark>
<Style>
<LineStyle>
<width>0</width>
</LineStyle>

<PolyStyle>
<color>ff00aaff</color>
<outline>0</outline>
</PolyStyle>
</Style>

<Polygon>
<tessellate>1</tessellate>

<outerBoundaryIs>
<LinearRing>
<coordinates>

130.78568058718832,31.20767968985749,0
130.85988381995054,31.28580503471332,0
131.2626161800494,30.89669496528667,0
131.1949444128117,30.825445310142516,0
130.78568058718832,31.20767968985749,0

</coordinates>
</LinearRing>
</outerBoundaryIs>
</Polygon>
</Placemark>

<Placemark>
<Style>
<LineStyle>
<width>0</width>
</LineStyle>

<PolyStyle>
<color>ff00acff</color>
<outline>0</outline>
</PolyStyle>
</Style>

<Polygon>
<tessellate>1</tessellate>

<outerBoundaryIs>
<LinearRing>
<coordinates>

130.85988381995054,31.28580503471332,0
130.9348300864252,31.36205988360668,0
131.3307949135748,30.96606511639332,0
131.2626161800494,30.89669496528667,0
130.85988381995054,31.28580503471332,0

</coordinates>
</LinearRing>
</outerBoundaryIs>
</Polygon>
</Placemark>

<Placemark>
<Style>
<LineStyle>
<width>0</width>
</LineStyle>

<PolyStyle>
<color>ff00adff</color>
<outline>0</outline>
</PolyStyle>
</Style>

<Polygon>
<tessellate>1</tessellate>

<outerBoundaryIs>
<LinearRing>
<coordinates>

130.9348300864252,31.36205988360668,0
131.0105210746618,31.436439687249806,0
131.39947892533823,31.0335603127502,0
131.3307949135748,30.96606511639332,0
130.9348300864252,31.36205988360668,0

</coordinates>
</LinearRing>
</outerBoundaryIs>
</Polygon>
</Placemark>

<Placemark>
<Style>
<LineStyle>
<width>0</width>
</LineStyle>

<PolyStyle>
<color>ff00afff</color>
<outline>0</outline>
</PolyStyle>
</Style>

<Polygon>
<tessellate>1</tessellate>

<outerBoundaryIs>
<LinearRing>
<coordinates>

131.0105210746618,31.436439687249806,0
131.08695820092063,31.508939625426276,0
131.46866679907933,31.099185374573725,0
131.39947892533823,31.0335603127502,0
131.0105210746618,31.436439687249806,0

</coordinates>
</LinearRing>
</outerBoundaryIs>
</Polygon>
</Placemark>

<Placemark>
<Style>
<LineStyle>
<width>0</width>
</LineStyle>

<PolyStyle>
<color>ff00b0ff</color>
<outline>0</outline>
</PolyStyle>
</Style>

<Polygon>
<tessellate>1</tessellate>

<outerBoundaryIs>
<LinearRing>
<coordinates>

131.08695820092063,31.508939625426276,0
131.16414257886933,31.5795546157862,0
131.53835742113066,31.1629453842138,0
131.46866679907933,31.099185374573725,0
131.08695820092063,31.508939625426276,0

</coordinates>
</LinearRing>
</outerBoundaryIs>
</Polygon>
</Placemark>

<Placemark>
<Style>
<LineStyle>
<width>0</width>
</LineStyle>

<PolyStyle>
<color>ff00b2ff</color>
<outline>0</outline>
</PolyStyle>
</Style>

<Polygon>
<tessellate>1</tessellate>

<outerBoundaryIs>
<LinearRing>
<coordinates>

131.16414257886933,31.5795546157862,0
131.24207498868483,31.648279326083866,0
131.60855001131515,31.22484567391613,0
131.53835742113066,31.1629453842138,0
131.16414257886933,31.5795546157862,0

</coordinates>
</LinearRing>
</outerBoundaryIs>
</Polygon>
</Placemark>

<Placemark>
<Style>
<LineStyle>
<width>0</width>
</LineStyle>

<PolyStyle>
<color>ff00b4ff</color>
<outline>0</outline>
</PolyStyle>
</Style>

<Polygon>
<tessellate>1</tessellate>

<outerBoundaryIs>
<LinearRing>
<coordinates>

131.24207498868483,31.648279326083866,0
131.32075584649357,31.715108190066676,0
131.67924415350643,31.284891809933324,0
131.60855001131515,31.22484567391613,0
131.24207498868483,31.648279326083866,0

</coordinates>
</LinearRing>
</outerBoundaryIs>
</Polygon>
</Placemark>

<Placemark>
<Style>
<LineStyle>
<width>0</width>
</LineStyle>

<PolyStyle>
<color>ff00b5ff</color>
<outline>0</outline>
</PolyStyle>
</Style>

<Polygon>
<tessellate>1</tessellate>

<outerBoundaryIs>
<LinearRing>
<coordinates>

131.32075584649357,31.715108190066676,0
131.4001851746326,31.780035427177864,0
131.75043982536738,31.343089572822137,0
131.67924415350643,31.284891809933324,0
131.32075584649357,31.715108190066676,0

</coordinates>
</LinearRing>
</outerBoundaryIs>
</Polygon>
</Placemark>

<Placemark>
<Style>
<LineStyle>
<width>0</width>
</LineStyle>

<PolyStyle>
<color>ff00b7ff</color>
<outline>0</outline>
</PolyStyle>
</Style>

<Polygon>
<tessellate>1</tessellate>

<outerBoundaryIs>
<LinearRing>
<coordinates>

131.4001851746326,31.780035427177864,0
131.4803625732604,31.8430550661782,0
131.8221374267396,31.399444933821794,0
131.75043982536738,31.343089572822137,0
131.4001851746326,31.780035427177864,0

</coordinates>
</LinearRing>
</outerBoundaryIs>
</Polygon>
</Placemark>

<Placemark>
<Style>
<LineStyle>
<width>0</width>
</LineStyle>

<PolyStyle>
<color>ff00b8ff</color>
<outline>0</outline>
</PolyStyle>
</Style>

<Polygon>
<tessellate>1</tessellate>

<outerBoundaryIs>
<LinearRing>
<coordinates>

131.4803625732604,31.8430550661782,0
131.5612871938817,31.90416097272295,0
131.8943378061183,31.453964027277046,0
131.8221374267396,31.399444933821794,0
131.4803625732604,31.8430550661782,0

</coordinates>
</LinearRing>
</outerBoundaryIs>
</Polygon>
</Placemark>

<Placemark>
<Style>
<LineStyle>
<width>0</width>
</LineStyle>

<PolyStyle>
<color>ff00baff</color>
<outline>0</outline>
</PolyStyle>
</Style>

<Polygon>
<tessellate>1</tessellate>

<outerBoundaryIs>
<LinearRing>
<coordinates>

131.5612871938817,31.90416097272295,0
131.64295771537826,31.963346880851397,0
131.96704228462175,31.506653119148602,0
131.8943378061183,31.453964027277046,0
131.5612871938817,31.90416097272295,0

</coordinates>
</LinearRing>
</outerBoundaryIs>
</Polygon>
</Placemark>

<Placemark>
<Style>
<LineStyle>
<width>0</width>
</LineStyle>

<PolyStyle>
<color>ff00bbff</color>
<outline>0</outline>
</PolyStyle>
</Style>

<Polygon>
<tessellate>1</tessellate>

<outerBoundaryIs>
<LinearRing>
<coordinates>

131.64295771537826,31.963346880851397,0
131.7253723231502,32.02060642825876,0
132.0402526768498,31.557518571741237,0
131.96704228462175,31.506653119148602,0
131.64295771537826,31.963346880851397,0

</coordinates>
</LinearRing>
</outerBoundaryIs>
</Polygon>
</Placemark>

<Placemark>
<Style>
<LineStyle>
<width>0</width>
</LineStyle>

<PolyStyle>
<color>ff00bdff</color>
<outline>0</outline>
</PolyStyle>
</Style>

<Polygon>
<tessellate>1</tessellate>

<outerBoundaryIs>
<LinearRing>
<coordinates>

131.7253723231502,32.02060642825876,0
131.80852869197184,32.075933195125195,0
132.11397130802817,31.60656680487481,0
132.0402526768498,31.557518571741237,0
131.7253723231502,32.02060642825876,0

</coordinates>
</LinearRing>
</outerBoundaryIs>
</Polygon>
</Placemark>

<Placemark>
<Style>
<LineStyle>
<width>0</width>
</LineStyle>

<PolyStyle>
<color>ff00beff</color>
<outline>0</outline>
</PolyStyle>
</Style>

<Polygon>
<tessellate>1</tessellate>

<outerBoundaryIs>
<LinearRing>
<coordinates>

131.80852869197184,32.075933195125195,0
131.89242397314678,32.12932074617702,0
132.18820102685328,31.653804253822976,0
132.11397130802817,31.60656680487481,0
131.80852869197184,32.075933195125195,0

</coordinates>
</LinearRing>
</outerBoundaryIs>
</Polygon>
</Placemark>

<Placemark>
<Style>
<LineStyle>
<width>0</width>
</LineStyle>

<PolyStyle>
<color>ff00c0ff</color>
<outline>0</outline>
</PolyStyle>
</Style>

<Polygon>
<tessellate>1</tessellate>

<outerBoundaryIs>
<LinearRing>
<coordinates>

131.89242397314678,32.12932074617702,0
131.97705478650968,32.18076267555459,0
132.26294521349033,31.69923732444541,0
132.18820102685328,31.653804253822976,0
131.89242397314678,32.12932074617702,0

</coordinates>
</LinearRing>
</outerBoundaryIs>
</Polygon>
</Placemark>

<Placemark>
<Style>
<LineStyle>
<width>0</width>
</LineStyle>

<PolyStyle>
<color>ff00c1ff</color>
<outline>0</outline>
</PolyStyle>
</Style>

<Polygon>
<tessellate>1</tessellate>

<outerBoundaryIs>
<LinearRing>
<coordinates>

131.97705478650968,32.18076267555459,0
132.062417217766,32.23025265396115,0
132.33820778223398,31.74287234603884,0
132.26294521349033,31.69923732444541,0
131.97705478650968,32.18076267555459,0

</coordinates>
</LinearRing>
</outerBoundaryIs>
</Polygon>
</Placemark>

<Placemark>
<Style>
<LineStyle>
<width>0</width>
</LineStyle>

<PolyStyle>
<color>ff00c3ff</color>
<outline>0</outline>
</PolyStyle>
</Style>

<Polygon>
<tessellate>1</tessellate>

<outerBoundaryIs>
<LinearRing>
<coordinates>

132.062417217766,32.23025265396115,0
132.14850682158237,32.27778447747442,0
132.41399317841763,31.78471552252558,0
132.33820778223398,31.74287234603884,0
132.062417217766,32.23025265396115,0

</coordinates>
</LinearRing>
</outerBoundaryIs>
</Polygon>
</Placemark>

<Placemark>
<Style>
<LineStyle>
<width>0</width>
</LineStyle>

<PolyStyle>
<color>ff00c4ff</color>
<outline>0</outline>
</PolyStyle>
</Style>

<Polygon>
<tessellate>1</tessellate>

<outerBoundaryIs>
<LinearRing>
<coordinates>

132.14850682158237,32.27778447747442,0
132.23531863074678,32.32335211731858,0
132.49030636925326,31.824772882681433,0
132.41399317841763,31.78471552252558,0
132.14850682158237,32.27778447747442,0

</coordinates>
</LinearRing>
</outerBoundaryIs>
</Polygon>
</Placemark>

<Placemark>
<Style>
<LineStyle>
<width>0</width>
</LineStyle>

<PolyStyle>
<color>ff00c6ff</color>
<outline>0</outline>
</PolyStyle>
</Style>

<Polygon>
<tessellate>1</tessellate>

<outerBoundaryIs>
<LinearRing>
<coordinates>

132.23531863074678,32.32335211731858,0
132.32284717160346,32.36694976982472,0
132.56715282839653,31.863050230175283,0
132.49030636925326,31.824772882681433,0
132.23531863074678,32.32335211731858,0

</coordinates>
</LinearRing>
</outerBoundaryIs>
</Polygon>
</Placemark>

<Placemark>
<Style>
<LineStyle>
<width>0</width>
</LineStyle>

<PolyStyle>
<color>ff00c8ff</color>
<outline>0</outline>
</PolyStyle>
</Style>

<Polygon>
<tessellate>1</tessellate>

<outerBoundaryIs>
<LinearRing>
<coordinates>

132.32284717160346,32.36694976982472,0
132.41108648583935,32.408571905755785,0
132.64453851416067,31.899553094244208,0
132.56715282839653,31.863050230175283,0
132.32284717160346,32.36694976982472,0

</coordinates>
</LinearRing>
</outerBoundaryIs>
</Polygon>
</Placemark>

<Placemark>
<Style>
<LineStyle>
<width>0</width>
</LineStyle>

<PolyStyle>
<color>ff00c9ff</color>
<outline>0</outline>
</PolyStyle>
</Style>

<Polygon>
<tessellate>1</tessellate>

<outerBoundaryIs>
<LinearRing>
<coordinates>

132.41108648583935,32.408571905755785,0
132.50003015856117,32.448213318141576,0
132.7224698414388,31.934286681858435,0
132.64453851416067,31.899553094244208,0
132.41108648583935,32.408571905755785,0

</coordinates>
</LinearRing>
</outerBoundaryIs>
</Polygon>
</Placemark>

<Placemark>
<Style>
<LineStyle>
<width>0</width>
</LineStyle>

<PolyStyle>
<color>ff00cbff</color>
<outline>0</outline>
</PolyStyle>
</Style>

<Polygon>
<tessellate>1</tessellate>

<outerBoundaryIs>
<LinearRing>
<coordinates>

132.50003015856117,32.448213318141576,0
132.58967135245692,32.4858691677619,0
132.80095364754308,31.967255832238102,0
132.7224698414388,31.934286681858435,0
132.50003015856117,32.448213318141576,0

</coordinates>
</LinearRing>
</outerBoundaryIs>
</Polygon>
</Placemark>

<Placemark>
<Style>
<LineStyle>
<width>0</width>
</LineStyle>

<PolyStyle>
<color>ff00ccff</color>
<outline>0</outline>
</PolyStyle>
</Style>

<Polygon>
<tessellate>1</tessellate>

<outerBoundaryIs>
<LinearRing>
<coordinates>

132.58967135245692,32.4858691677619,0
132.68000284768698,32.521535025435,0
132.87999715231302,31.998464974564996,0
132.80095364754308,31.967255832238102,0
132.58967135245692,32.4858691677619,0

</coordinates>
</LinearRing>
</outerBoundaryIs>
</Polygon>
</Placemark>

<Placemark>
<Style>
<LineStyle>
<width>0</width>
</LineStyle>

<PolyStyle>
<color>ff00ceff</color>
<outline>0</outline>
</PolyStyle>
</Style>

<Polygon>
<tessellate>1</tessellate>

<outerBoundaryIs>
<LinearRing>
<coordinates>

132.68000284768698,32.521535025435,0
132.77101708701053,32.55520691031271,0
132.9596079129895,32.02791808968728,0
132.87999715231302,31.998464974564996,0
132.68000284768698,32.521535025435,0

</coordinates>
</LinearRing>
</outerBoundaryIs>
</Polygon>
</Placemark>

<Placemark>
<Style>
<LineStyle>
<width>0</width>
</LineStyle>

<PolyStyle>
<color>ff00cfff</color>
<outline>0</outline>
</PolyStyle>
</Style>

<Polygon>
<tessellate>1</tessellate>

<outerBoundaryIs>
<LinearRing>
<coordinates>

132.77101708701053,32.55520691031271,0
132.86270622551527,32.586881323454136,0
133.0397937744847,32.05561867654586,0
132.9596079129895,32.02791808968728,0
132.77101708701053,32.55520691031271,0

</coordinates>
</LinearRing>
</outerBoundaryIs>
</Polygon>
</Placemark>

<Placemark>
<Style>
<LineStyle>
<width>0</width>
</LineStyle>

<PolyStyle>
<color>ff00d1ff</color>
<outline>0</outline>
</PolyStyle>
</Style>

<Polygon>
<tessellate>1</tessellate>

<outerBoundaryIs>
<LinearRing>
<coordinates>

132.86270622551527,32.586881323454136,0
132.95506218420397,32.61655527604387,0
133.12056281579603,32.081569723956136,0
133.0397937744847,32.05561867654586,0
132.86270622551527,32.586881323454136,0

</coordinates>
</LinearRing>
</outerBoundaryIs>
</Polygon>
</Placemark>

<Placemark>
<Style>
<LineStyle>
<width>0</width>
</LineStyle>

<PolyStyle>
<color>ff00d2ff</color>
<outline>0</outline>
</PolyStyle>
</Style>

<Polygon>
<tessellate>1</tessellate>

<outerBoundaryIs>
<LinearRing>
<coordinates>

132.95506218420397,32.61655527604387,0
133.04807670658943,32.644226311735814,0
133.20192329341057,32.105773688264186,0
133.12056281579603,32.081569723956136,0
132.95506218420397,32.61655527604387,0

</coordinates>
</LinearRing>
</outerBoundaryIs>
</Polygon>
</Placemark>

<Placemark>
<Style>
<LineStyle>
<width>0</width>
</LineStyle>

<PolyStyle>
<color>ff00d4ff</color>
<outline>0</outline>
</PolyStyle>
</Style>

<Polygon>
<tessellate>1</tessellate>

<outerBoundaryIs>
<LinearRing>
<coordinates>

133.04807670658943,32.644226311735814,0
133.14174141737735,32.66989252273538,0
133.28388358262262,32.12823247726462,0
133.20192329341057,32.105773688264186,0
133.04807670658943,32.644226311735814,0

</coordinates>
</LinearRing>
</outerBoundaryIs>
</Polygon>
</Placemark>

<Placemark>
<Style>
<LineStyle>
<width>0</width>
</LineStyle>

<PolyStyle>
<color>ff00d5ff</color>
<outline>0</outline>
</PolyStyle>
</Style>

<Polygon>
<tessellate>1</tessellate>

<outerBoundaryIs>
<LinearRing>
<coordinates>

133.14174141737735,32.66989252273538,0
133.2360478822661,32.69355255937654,0
133.36645211773393,32.14894744062346,0
133.28388358262262,32.12823247726462,0
133.14174141737735,32.66989252273538,0

</coordinates>
</LinearRing>
</outerBoundaryIs>
</Polygon>
</Placemark>

<Placemark>
<Style>
<LineStyle>
<width>0</width>
</LineStyle>

<PolyStyle>
<color>ff00d7ff</color>
<outline>0</outline>
</PolyStyle>
</Style>

<Polygon>
<tessellate>1</tessellate>

<outerBoundaryIs>
<LinearRing>
<coordinates>

133.2360478822661,32.69355255937654,0
133.33098766787504,32.71520563310103,0
133.44963733212495,32.16791936689898,0
133.36645211773393,32.14894744062346,0
133.2360478822661,32.69355255937654,0

</coordinates>
</LinearRing>
</outerBoundaryIs>
</Polygon>
</Placemark>

<Placemark>
<Style>
<LineStyle>
<width>0</width>
</LineStyle>

<PolyStyle>
<color>ff00d8ff</color>
<outline>0</outline>
</PolyStyle>
</Style>

<Polygon>
<tessellate>1</tessellate>

<outerBoundaryIs>
<LinearRing>
<coordinates>

133.33098766787504,32.71520563310103,0
133.4265524008224,32.73485151289769,0
133.53344759917763,32.18514848710231,0
133.44963733212495,32.16791936689898,0
133.33098766787504,32.71520563310103,0

</coordinates>
</LinearRing>
</outerBoundaryIs>
</Polygon>
</Placemark>

<Placemark>
<Style>
<LineStyle>
<width>0</width>
</LineStyle>

<PolyStyle>
<color>ff00daff</color>
<outline>0</outline>
</PolyStyle>
</Style>

<Polygon>
<tessellate>1</tessellate>

<outerBoundaryIs>
<LinearRing>
<coordinates>

133.4265524008224,32.73485151289769,0
133.45595785799063,32.74026046643003,0
133.55697219695085,32.1894464294589,0
133.53344759917763,32.18514848710231,0
133.4265524008224,32.73485151289769,0

</coordinates>
</LinearRing>
</outerBoundaryIs>
</Polygon>
</Placemark>

<Placemark>

<Style>

<LineStyle>
<width>0</width>
</LineStyle>

<PolyStyle>
<color>ff00dcff</color>
<outline>0</outline>
</PolyStyle>

</Style>

<Polygon>

<tessellate>1</tessellate>

<outerBoundaryIs>
<LinearRing>

<coordinates>

135.0,32.5,0
133.48277069992602,33.214503499639456,0
133.45595785799063,32.74026046643003,0
133.55697219695085,32.1894464294589,0
133.51805962024403,31.714918659724493,0
135.0,32.5,0

</coordinates>

</LinearRing>
</outerBoundaryIs>

</Polygon>

</Placemark>

<Placemark>
<Style>
<LineStyle>
<width>0</width>
</LineStyle>

<PolyStyle>
<color>ff00dcff</color>
<outline>0</outline>
</PolyStyle>
</Style>

<Polygon>
<tessellate>1</tessellate>

<outerBoundaryIs>
<LinearRing>
<coordinates>

136.73459255070267,33.08921258799908,0
136.7723233144649,33.20145869262586,0
137.3026766855351,33.02166630737415,0
137.26540744929733,32.91078741200092,0
136.73459255070267,33.08921258799908,0

</coordinates>
</LinearRing>
</outerBoundaryIs>
</Polygon>
</Placemark>

<Placemark>
<Style>
<LineStyle>
<width>0</width>
</LineStyle>

<PolyStyle>
<color>ff05dcf9</color>
<outline>0</outline>
</PolyStyle>
</Style>

<Polygon>
<tessellate>1</tessellate>

<outerBoundaryIs>
<LinearRing>
<coordinates>

136.7723233144649,33.20145869262586,0
136.810297433664,33.31253280985553,0
137.33970256633603,33.12996719014446,0
137.3026766855351,33.02166630737415,0
136.7723233144649,33.20145869262586,0

</coordinates>
</LinearRing>
</outerBoundaryIs>
</Polygon>
</Placemark>

<Placemark>
<Style>
<LineStyle>
<width>0</width>
</LineStyle>

<PolyStyle>
<color>ff0bdcf3</color>
<outline>0</outline>
</PolyStyle>
</Style>

<Polygon>
<tessellate>1</tessellate>

<outerBoundaryIs>
<LinearRing>
<coordinates>

136.810297433664,33.31253280985553,0
136.84829398942787,33.421772715065856,0
137.37670601057215,33.23635228493414,0
137.33970256633603,33.12996719014446,0
136.810297433664,33.31253280985553,0

</coordinates>
</LinearRing>
</outerBoundaryIs>
</Polygon>
</Placemark>

<Placemark>
<Style>
<LineStyle>
<width>0</width>
</LineStyle>

<PolyStyle>
<color>ff11dcee</color>
<outline>0</outline>
</PolyStyle>
</Style>

<Polygon>
<tessellate>1</tessellate>

<outerBoundaryIs>
<LinearRing>
<coordinates>

136.84829398942787,33.421772715065856,0
136.88631437388074,33.52918009650713,0
137.41368562611927,33.34081990349287,0
137.37670601057215,33.23635228493414,0
136.84829398942787,33.421772715065856,0

</coordinates>
</LinearRing>
</outerBoundaryIs>
</Polygon>
</Placemark>

<Placemark>
<Style>
<LineStyle>
<width>0</width>
</LineStyle>

<PolyStyle>
<color>ff16dce8</color>
<outline>0</outline>
</PolyStyle>
</Style>

<Polygon>
<tessellate>1</tessellate>

<outerBoundaryIs>
<LinearRing>
<coordinates>

136.88631437388074,33.52918009650713,0
136.92436008482767,33.634756726801335,0
137.45063991517233,33.443368273198665,0
137.41368562611927,33.34081990349287,0
136.88631437388074,33.52918009650713,0

</coordinates>
</LinearRing>
</outerBoundaryIs>
</Polygon>
</Placemark>

<Placemark>
<Style>
<LineStyle>
<width>0</width>
</LineStyle>

<PolyStyle>
<color>ff1cdce2</color>
<outline>0</outline>
</PolyStyle>
</Style>

<Polygon>
<tessellate>1</tessellate>

<outerBoundaryIs>
<LinearRing>
<coordinates>

136.92436008482767,33.634756726801335,0
136.96243273510956,33.73850446729047,0
137.48756726489043,33.543995532709545,0
137.45063991517233,33.443368273198665,0
136.92436008482767,33.634756726801335,0

</coordinates>
</LinearRing>
</outerBoundaryIs>
</Polygon>
</Placemark>

<Placemark>
<Style>
<LineStyle>
<width>0</width>
</LineStyle>

<PolyStyle>
<color>ff22dcdd</color>
<outline>0</outline>
</PolyStyle>
</Style>

<Polygon>
<tessellate>1</tessellate>

<outerBoundaryIs>
<LinearRing>
<coordinates>

136.96243273510956,33.73850446729047,0
137.0005340628854,33.84042527252675,0
137.52446593711457,33.642699727473236,0
137.48756726489043,33.543995532709545,0
136.96243273510956,33.73850446729047,0

</coordinates>
</LinearRing>
</outerBoundaryIs>
</Polygon>
</Placemark>

<Placemark>
<Style>
<LineStyle>
<width>0</width>
</LineStyle>

<PolyStyle>
<color>ff27dcd7</color>
<outline>0</outline>
</PolyStyle>
</Style>

<Polygon>
<tessellate>1</tessellate>

<outerBoundaryIs>
<LinearRing>
<coordinates>

137.0005340628854,33.84042527252675,0
137.03866594294146,33.940521194886024,0
137.56133405705856,33.73947880511398,0
137.52446593711457,33.642699727473236,0
137.0005340628854,33.84042527252675,0

</coordinates>
</LinearRing>
</outerBoundaryIs>
</Polygon>
</Placemark>

<Placemark>
<Style>
<LineStyle>
<width>0</width>
</LineStyle>

<PolyStyle>
<color>ff2ddcd1</color>
<outline>0</outline>
</PolyStyle>
</Style>

<Polygon>
<tessellate>1</tessellate>

<outerBoundaryIs>
<LinearRing>
<coordinates>

137.03866594294146,33.940521194886024,0
137.07683039913607,34.03879438927849,0
137.59816960086388,33.834330610721494,0
137.56133405705856,33.73947880511398,0
137.03866594294146,33.940521194886024,0

</coordinates>
</LinearRing>
</outerBoundaryIs>
</Polygon>
</Placemark>

<Placemark>
<Style>
<LineStyle>
<width>0</width>
</LineStyle>

<PolyStyle>
<color>ff33dccc</color>
<outline>0</outline>
</PolyStyle>
</Style>

<Polygon>
<tessellate>1</tessellate>

<outerBoundaryIs>
<LinearRing>
<coordinates>

137.07683039913607,34.03879438927849,0
137.11502961810226,34.135247117921296,0
137.63497038189774,33.927252882078704,0
137.59816960086388,33.834330610721494,0
137.07683039913607,34.03879438927849,0

</coordinates>
</LinearRing>
</outerBoundaryIs>
</Polygon>
</Placemark>

<Placemark>
<Style>
<LineStyle>
<width>0</width>
</LineStyle>

<PolyStyle>
<color>ff38dcc6</color>
<outline>0</outline>
</PolyStyle>
</Style>

<Polygon>
<tessellate>1</tessellate>

<outerBoundaryIs>
<LinearRing>
<coordinates>

137.11502961810226,34.135247117921296,0
137.1532659643406,34.22988175512747,0
137.6717340356594,34.01824324487253,0
137.63497038189774,33.927252882078704,0
137.11502961810226,34.135247117921296,0

</coordinates>
</LinearRing>
</outerBoundaryIs>
</Polygon>
</Placemark>

<Placemark>
<Style>
<LineStyle>
<width>0</width>
</LineStyle>

<PolyStyle>
<color>ff3edcc0</color>
<outline>0</outline>
</PolyStyle>
</Style>

<Polygon>
<tessellate>1</tessellate>

<outerBoundaryIs>
<LinearRing>
<coordinates>

137.1532659643406,34.22988175512747,0
137.19154199685195,34.32270079205249,0
137.70845800314802,34.10729920794752,0
137.6717340356594,34.01824324487253,0
137.1532659643406,34.22988175512747,0

</coordinates>
</LinearRing>
</outerBoundaryIs>
</Polygon>
</Placemark>

<Placemark>
<Style>
<LineStyle>
<width>0</width>
</LineStyle>

<PolyStyle>
<color>ff44dcbb</color>
<outline>0</outline>
</PolyStyle>
</Style>

<Polygon>
<tessellate>1</tessellate>

<outerBoundaryIs>
<LinearRing>
<coordinates>

137.19154199685195,34.32270079205249,0
137.22986048747094,34.41370684132135,0
137.74513951252908,34.194418158678666,0
137.70845800314802,34.10729920794752,0
137.19154199685195,34.32270079205249,0

</coordinates>
</LinearRing>
</outerBoundaryIs>
</Polygon>
</Placemark>

<Placemark>
<Style>
<LineStyle>
<width>0</width>
</LineStyle>

<PolyStyle>
<color>ff49dcb5</color>
<outline>0</outline>
</PolyStyle>
</Style>

<Polygon>
<tessellate>1</tessellate>

<outerBoundaryIs>
<LinearRing>
<coordinates>

137.22986048747094,34.41370684132135,0
137.26822444107944,34.50290264144233,0
137.78177555892051,34.27959735855765,0
137.74513951252908,34.194418158678666,0
137.22986048747094,34.41370684132135,0

</coordinates>
</LinearRing>
</outerBoundaryIs>
</Polygon>
</Placemark>

<Placemark>
<Style>
<LineStyle>
<width>0</width>
</LineStyle>

<PolyStyle>
<color>ff4fdcaf</color>
<outline>0</outline>
</PolyStyle>
</Style>

<Polygon>
<tessellate>1</tessellate>

<outerBoundaryIs>
<LinearRing>
<coordinates>

137.26822444107944,34.50290264144233,0
137.30663711789535,34.59029106088554,0
137.81836288210465,34.36283393911446,0
137.78177555892051,34.27959735855765,0
137.26822444107944,34.50290264144233,0

</coordinates>
</LinearRing>
</outerBoundaryIs>
</Polygon>
</Placemark>

<Placemark>
<Style>
<LineStyle>
<width>0</width>
</LineStyle>

<PolyStyle>
<color>ff55dcaa</color>
<outline>0</outline>
</PolyStyle>
</Style>

<Polygon>
<tessellate>1</tessellate>

<outerBoundaryIs>
<LinearRing>
<coordinates>

137.30663711789535,34.59029106088554,0
137.345102058048,34.67587510167687,0
137.85489794195203,34.44412489832313,0
137.81836288210465,34.36283393911446,0
137.30663711789535,34.59029106088554,0

</coordinates>
</LinearRing>
</outerBoundaryIs>
</Polygon>
</Placemark>

<Placemark>
<Style>
<LineStyle>
<width>0</width>
</LineStyle>

<PolyStyle>
<color>ff5adca4</color>
<outline>0</outline>
</PolyStyle>
</Style>

<Polygon>
<tessellate>1</tessellate>

<outerBoundaryIs>
<LinearRing>
<coordinates>

137.345102058048,34.67587510167687,0
137.38362310867214,34.759657902322466,0
137.89137689132784,34.52346709767753,0
137.85489794195203,34.44412489832313,0
137.345102058048,34.67587510167687,0

</coordinates>
</LinearRing>
</outerBoundaryIs>
</Polygon>
</Placemark>

<Placemark>
<Style>
<LineStyle>
<width>0</width>
</LineStyle>

<PolyStyle>
<color>ff60dc9e</color>
<outline>0</outline>
</PolyStyle>
</Style>

<Polygon>
<tessellate>1</tessellate>

<outerBoundaryIs>
<LinearRing>
<coordinates>

137.38362310867214,34.759657902322466,0
137.42220445376572,34.84164273983135,0
137.9277955462343,34.60085726016866,0
137.89137689132784,34.52346709767753,0
137.38362310867214,34.759657902322466,0

</coordinates>
</LinearRing>
</outerBoundaryIs>
</Polygon>
</Placemark>

<Placemark>
<Style>
<LineStyle>
<width>0</width>
</LineStyle>

<PolyStyle>
<color>ff66dc99</color>
<outline>0</outline>
</PolyStyle>
</Style>

<Polygon>
<tessellate>1</tessellate>

<outerBoundaryIs>
<LinearRing>
<coordinates>

137.42220445376572,34.84164273983135,0
137.46085064707611,34.92183303055599,0
137.96414935292384,34.67629196944401,0
137.9277955462343,34.60085726016866,0
137.42220445376572,34.84164273983135,0

</coordinates>
</LinearRing>
</outerBoundaryIs>
</Polygon>
</Placemark>

<Placemark>
<Style>
<LineStyle>
<width>0</width>
</LineStyle>

<PolyStyle>
<color>ff6bdc93</color>
<outline>0</outline>
</PolyStyle>
</Style>

<Polygon>
<tessellate>1</tessellate>

<outerBoundaryIs>
<LinearRing>
<coordinates>

137.46085064707611,34.92183303055599,0
137.49956664829307,35.00023232950331,0
138.00043335170693,34.74976767049669,0
137.96414935292384,34.67629196944401,0
137.46085064707611,34.92183303055599,0

</coordinates>
</LinearRing>
</outerBoundaryIs>
</Polygon>
</Placemark>

<Placemark>
<Style>
<LineStyle>
<width>0</width>
</LineStyle>

<PolyStyle>
<color>ff71dc8d</color>
<outline>0</outline>
</PolyStyle>
</Style>

<Polygon>
<tessellate>1</tessellate>

<outerBoundaryIs>
<LinearRing>
<coordinates>

137.49956664829307,35.00023232950331,0
137.53835786283457,35.076844327693294,0
138.03664213716542,34.8212806723067,0
138.00043335170693,34.74976767049669,0
137.49956664829307,35.00023232950331,0

</coordinates>
</LinearRing>
</outerBoundaryIs>
</Polygon>
</Placemark>

<Placemark>
<Style>
<LineStyle>
<width>0</width>
</LineStyle>

<PolyStyle>
<color>ff77dc88</color>
<outline>0</outline>
</PolyStyle>
</Style>

<Polygon>
<tessellate>1</tessellate>

<outerBoundaryIs>
<LinearRing>
<coordinates>

137.53835786283457,35.076844327693294,0
137.577230185521,35.15167284705153,0
138.07276981447905,34.890827152948475,0
138.03664213716542,34.8212806723067,0
137.53835786283457,35.076844327693294,0

</coordinates>
</LinearRing>
</outerBoundaryIs>
</Polygon>
</Placemark>

<Placemark>
<Style>
<LineStyle>
<width>0</width>
</LineStyle>

<PolyStyle>
<color>ff7cdc82</color>
<outline>0</outline>
</PolyStyle>
</Style>

<Polygon>
<tessellate>1</tessellate>

<outerBoundaryIs>
<LinearRing>
<coordinates>

137.577230185521,35.15167284705153,0
137.61619004842444,35.22472183221088,0
138.10880995157558,34.95840316778912,0
138.07276981447905,34.890827152948475,0
137.577230185521,35.15167284705153,0

</coordinates>
</LinearRing>
</outerBoundaryIs>
</Polygon>
</Placemark>

<Placemark>
<Style>
<LineStyle>
<width>0</width>
</LineStyle>

<PolyStyle>
<color>ff82dc7c</color>
<outline>0</outline>
</PolyStyle>
</Style>

<Polygon>
<tessellate>1</tessellate>

<outerBoundaryIs>
<LinearRing>
<coordinates>

137.61619004842444,35.22472183221088,0
137.6552444731686,35.29599533846976,0
138.14475552683135,35.024004661530235,0
138.10880995157558,34.95840316778912,0
137.61619004842444,35.22472183221088,0

</coordinates>
</LinearRing>
</outerBoundaryIs>
</Polygon>
</Placemark>

<Placemark>
<Style>
<LineStyle>
<width>0</width>
</LineStyle>

<PolyStyle>
<color>ff88dc77</color>
<outline>0</outline>
</PolyStyle>
</Style>

<Polygon>
<tessellate>1</tessellate>

<outerBoundaryIs>
<LinearRing>
<coordinates>

137.6552444731686,35.29599533846976,0
137.69440112791804,35.36549751499794,0
138.18059887208196,35.08762748500206,0
138.14475552683135,35.024004661530235,0
137.6552444731686,35.29599533846976,0

</coordinates>
</LinearRing>
</outerBoundaryIs>
</Polygon>
</Placemark>

<Placemark>
<Style>
<LineStyle>
<width>0</width>
</LineStyle>

<PolyStyle>
<color>ff8ddc71</color>
<outline>0</outline>
</PolyStyle>
</Style>

<Polygon>
<tessellate>1</tessellate>

<outerBoundaryIs>
<LinearRing>
<coordinates>

137.69440112791804,35.36549751499794,0
137.73366838924233,35.43323258220323,0
138.21633161075772,35.14926741779678,0
138.18059887208196,35.08762748500206,0
137.69440112791804,35.36549751499794,0

</coordinates>
</LinearRing>
</outerBoundaryIs>
</Polygon>
</Placemark>

<Placemark>
<Style>
<LineStyle>
<width>0</width>
</LineStyle>

<PolyStyle>
<color>ff93dc6b</color>
<outline>0</outline>
</PolyStyle>
</Style>

<Polygon>
<tessellate>1</tessellate>

<outerBoundaryIs>
<LinearRing>
<coordinates>

137.73366838924233,35.43323258220323,0
137.77305540895242,35.49920480195932,0
138.25194459104762,35.20892019804067,0
138.21633161075772,35.14926741779678,0
137.73366838924233,35.43323258220323,0

</coordinates>
</LinearRing>
</outerBoundaryIs>
</Polygon>
</Placemark>

<Placemark>
<Style>
<LineStyle>
<width>0</width>
</LineStyle>

<PolyStyle>
<color>ff99dc66</color>
<outline>0</outline>
</PolyStyle>
</Style>

<Polygon>
<tessellate>1</tessellate>

<outerBoundaryIs>
<LinearRing>
<coordinates>

137.77305540895242,35.49920480195932,0
137.8125721858753,35.56341843915082,0
138.28742781412473,35.266581560849176,0
138.25194459104762,35.20892019804067,0
137.77305540895242,35.49920480195932,0

</coordinates>
</LinearRing>
</outerBoundaryIs>
</Polygon>
</Placemark>

<Placemark>
<Style>
<LineStyle>
<width>0</width>
</LineStyle>

<PolyStyle>
<color>ff9edc60</color>
<outline>0</outline>
</PolyStyle>
</Style>

<Polygon>
<tessellate>1</tessellate>

<outerBoundaryIs>
<LinearRing>
<coordinates>

137.8125721858753,35.56341843915082,0
137.85222964235015,35.625877712713695,0
138.32277035764986,35.32224728728631,0
138.28742781412473,35.266581560849176,0
137.8125721858753,35.56341843915082,0

</coordinates>
</LinearRing>
</outerBoundaryIs>
</Polygon>
</Placemark>

<Placemark>
<Style>
<LineStyle>
<width>0</width>
</LineStyle>

<PolyStyle>
<color>ffa4dc5a</color>
<outline>0</outline>
</PolyStyle>
</Style>

<Polygon>
<tessellate>1</tessellate>

<outerBoundaryIs>
<LinearRing>
<coordinates>

137.85222964235015,35.625877712713695,0
137.89203970497144,35.68658673403353,0
138.35796029502856,35.37591326596647,0
138.32277035764986,35.32224728728631,0
137.85222964235015,35.625877712713695,0

</coordinates>
</LinearRing>
</outerBoundaryIs>
</Polygon>
</Placemark>

<Placemark>
<Style>
<LineStyle>
<width>0</width>
</LineStyle>

<PolyStyle>
<color>ffaadc55</color>
<outline>0</outline>
</PolyStyle>
</Style>

<Polygon>
<tessellate>1</tessellate>

<outerBoundaryIs>
<LinearRing>
<coordinates>

137.89203970497144,35.68658673403353,0
137.93201538875482,35.74554943021485,0
138.39298461124523,35.42757556978515,0
138.35796029502856,35.37591326596647,0
137.89203970497144,35.68658673403353,0

</coordinates>
</LinearRing>
</outerBoundaryIs>
</Polygon>
</Placemark>

<Placemark>
<Style>
<LineStyle>
<width>0</width>
</LineStyle>

<PolyStyle>
<color>ffafdc4f</color>
<outline>0</outline>
</PolyStyle>
</Style>

<Polygon>
<tessellate>1</tessellate>

<outerBoundaryIs>
<LinearRing>
<coordinates>

137.93201538875482,35.74554943021485,0
137.97217088343376,35.80276944935903,0
138.42782911656627,35.47723055064097,0
138.39298461124523,35.42757556978515,0
137.93201538875482,35.74554943021485,0

</coordinates>
</LinearRing>
</outerBoundaryIs>
</Polygon>
</Placemark>

<Placemark>
<Style>
<LineStyle>
<width>0</width>
</LineStyle>

<PolyStyle>
<color>ffb5dc49</color>
<outline>0</outline>
</PolyStyle>
</Style>

<Polygon>
<tessellate>1</tessellate>

<outerBoundaryIs>
<LinearRing>
<coordinates>

137.97217088343376,35.80276944935903,0
138.01252163998072,35.85825004459477,0
138.4624783600193,35.52487495540524,0
138.42782911656627,35.47723055064097,0
137.97217088343376,35.80276944935903,0

</coordinates>
</LinearRing>
</outerBoundaryIs>
</Polygon>
</Placemark>

<Placemark>
<Style>
<LineStyle>
<width>0</width>
</LineStyle>

<PolyStyle>
<color>ffbbdc44</color>
<outline>0</outline>
</PolyStyle>
</Style>

<Polygon>
<tessellate>1</tessellate>

<outerBoundaryIs>
<LinearRing>
<coordinates>

138.01252163998072,35.85825004459477,0
138.05308445464692,35.911993933217694,0
138.49691554535303,35.57050606678229,0
138.4624783600193,35.52487495540524,0
138.01252163998072,35.85825004459477,0

</coordinates>
</LinearRing>
</outerBoundaryIs>
</Polygon>
</Placemark>

<Placemark>
<Style>
<LineStyle>
<width>0</width>
</LineStyle>

<PolyStyle>
<color>ffc0dc3e</color>
<outline>0</outline>
</PolyStyle>
</Style>

<Polygon>
<tessellate>1</tessellate>

<outerBoundaryIs>
<LinearRing>
<coordinates>

138.05308445464692,35.911993933217694,0
138.09387754679835,35.96400312694553,0
138.53112245320165,35.61412187305447,0
138.49691554535303,35.57050606678229,0
138.05308445464692,35.911993933217694,0

</coordinates>
</LinearRing>
</outerBoundaryIs>
</Polygon>
</Placemark>

<Placemark>
<Style>
<LineStyle>
<width>0</width>
</LineStyle>

<PolyStyle>
<color>ffc6dc38</color>
<outline>0</outline>
</PolyStyle>
</Style>

<Polygon>
<tessellate>1</tessellate>

<outerBoundaryIs>
<LinearRing>
<coordinates>

138.09387754679835,35.96400312694553,0
138.13492062554323,36.014278729031865,0
138.56507937445681,35.65572127096815,0
138.53112245320165,35.61412187305447,0
138.09387754679835,35.96400312694553,0

</coordinates>
</LinearRing>
</outerBoundaryIs>
</Polygon>
</Placemark>

<Placemark>
<Style>
<LineStyle>
<width>0</width>
</LineStyle>

<PolyStyle>
<color>ffccdc33</color>
<outline>0</outline>
</PolyStyle>
</Style>

<Polygon>
<tessellate>1</tessellate>

<outerBoundaryIs>
<LinearRing>
<coordinates>

138.13492062554323,36.014278729031865,0
138.1762349385668,36.062820693878884,0
138.59876506143317,35.69530430612112,0
138.56507937445681,35.65572127096815,0
138.13492062554323,36.014278729031865,0

</coordinates>
</LinearRing>
</outerBoundaryIs>
</Polygon>
</Placemark>

<Placemark>
<Style>
<LineStyle>
<width>0</width>
</LineStyle>

<PolyStyle>
<color>ffd1dc2d</color>
<outline>0</outline>
</PolyStyle>
</Style>

<Polygon>
<tessellate>1</tessellate>

<outerBoundaryIs>
<LinearRing>
<coordinates>

138.1762349385668,36.062820693878884,0
138.21784329467496,36.109627544943315,0
138.63215670532506,35.732872455056686,0
138.59876506143317,35.69530430612112,0
138.1762349385668,36.062820693878884,0

</coordinates>
</LinearRing>
</outerBoundaryIs>
</Polygon>
</Placemark>

<Placemark>
<Style>
<LineStyle>
<width>0</width>
</LineStyle>

<PolyStyle>
<color>ffd7dc27</color>
<outline>0</outline>
</PolyStyle>
</Style>

<Polygon>
<tessellate>1</tessellate>

<outerBoundaryIs>
<LinearRing>
<coordinates>

138.21784329467496,36.109627544943315,0
138.25977004929518,36.15469604728589,0
138.66522995070477,35.768428952714096,0
138.63215670532506,35.732872455056686,0
138.21784329467496,36.109627544943315,0

</coordinates>
</LinearRing>
</outerBoundaryIs>
</Polygon>
</Placemark>

<Placemark>
<Style>
<LineStyle>
<width>0</width>
</LineStyle>

<PolyStyle>
<color>ffdddc22</color>
<outline>0</outline>
</PolyStyle>
</Style>

<Polygon>
<tessellate>1</tessellate>

<outerBoundaryIs>
<LinearRing>
<coordinates>

138.25977004929518,36.15469604728589,0
138.30204103960523,36.198020832235954,0
138.69795896039477,35.801979167764046,0
138.66522995070477,35.768428952714096,0
138.25977004929518,36.15469604728589,0

</coordinates>
</LinearRing>
</outerBoundaryIs>
</Polygon>
</Placemark>

<Placemark>
<Style>
<LineStyle>
<width>0</width>
</LineStyle>

<PolyStyle>
<color>ffe2dc1c</color>
<outline>0</outline>
</PolyStyle>
</Style>

<Polygon>
<tessellate>1</tessellate>

<outerBoundaryIs>
<LinearRing>
<coordinates>

138.30204103960523,36.198020832235954,0
138.344683453138,36.23959397356065,0
138.73031654686204,35.83353102643935,0
138.69795896039477,35.801979167764046,0
138.30204103960523,36.198020832235954,0

</coordinates>
</LinearRing>
</outerBoundaryIs>
</Polygon>
</Placemark>

<Placemark>
<Style>
<LineStyle>
<width>0</width>
</LineStyle>

<PolyStyle>
<color>ffe8dc16</color>
<outline>0</outline>
</PolyStyle>
</Style>

<Polygon>
<tessellate>1</tessellate>

<outerBoundaryIs>
<LinearRing>
<coordinates>

138.344683453138,36.23959397356065,0
138.38772561081436,36.27940451749878,0
138.76227438918562,35.863095482501215,0
138.73031654686204,35.83353102643935,0
138.344683453138,36.23959397356065,0

</coordinates>
</LinearRing>
</outerBoundaryIs>
</Polygon>
</Placemark>

<Placemark>
<Style>
<LineStyle>
<width>0</width>
</LineStyle>

<PolyStyle>
<color>ffeedc11</color>
<outline>0</outline>
</PolyStyle>
</Style>

<Polygon>
<tessellate>1</tessellate>

<outerBoundaryIs>
<LinearRing>
<coordinates>

138.38772561081436,36.27940451749878,0
138.43119664265242,36.317437973319905,0
138.7938033573476,35.89068702668009,0
138.76227438918562,35.863095482501215,0
138.38772561081436,36.27940451749878,0

</coordinates>
</LinearRing>
</outerBoundaryIs>
</Polygon>
</Placemark>

<Placemark>
<Style>
<LineStyle>
<width>0</width>
</LineStyle>

<PolyStyle>
<color>fff3dc0b</color>
<outline>0</outline>
</PolyStyle>
</Style>

<Polygon>
<tessellate>1</tessellate>

<outerBoundaryIs>
<LinearRing>
<coordinates>

138.43119664265242,36.317437973319905,0
138.47512603236103,36.35367577699006,0
138.82487396763898,35.91632422300994,0
138.7938033573476,35.89068702668009,0
138.43119664265242,36.317437973319905,0

</coordinates>
</LinearRing>
</outerBoundaryIs>
</Polygon>
</Placemark>

<Placemark>
<Style>
<LineStyle>
<width>0</width>
</LineStyle>

<PolyStyle>
<color>fff9dc05</color>
<outline>0</outline>
</PolyStyle>
</Style>

<Polygon>
<tessellate>1</tessellate>

<outerBoundaryIs>
<LinearRing>
<coordinates>

138.47512603236103,36.35367577699006,0
138.49403465161214,36.36837112100804,0
138.83707478425617,35.92573869178989,0
138.82487396763898,35.91632422300994,0
138.47512603236103,36.35367577699006,0

</coordinates>
</LinearRing>
</outerBoundaryIs>
</Polygon>
</Placemark>

<Placemark>

<Style>

<LineStyle>
<width>0</width>
</LineStyle>

<PolyStyle>
<color>ffffdc00</color>
<outline>0</outline>
</PolyStyle>

</Style>

<Polygon>

<tessellate>1</tessellate>

<outerBoundaryIs>
<LinearRing>

<coordinates>

140.0,36.0,0
138.59117792801428,36.90979138789386,0
138.49403465161214,36.36837112100804,0
138.83707478425617,35.92573869178989,0
138.42687364649348,35.41881717514774,0
140.0,36.0,0

</coordinates>

</LinearRing>
</outerBoundaryIs>

</Polygon>

</Placemark>

<Placemark>
<Style>
<LineStyle>
<width>0</width>
</LineStyle>

<PolyStyle>
<color>ffffdc00</color>
<outline>0</outline>
</PolyStyle>
</Style>

<Polygon>
<tessellate>1</tessellate>

<outerBoundaryIs>
<LinearRing>
<coordinates>

141.8241680966416,37.71790626829297,0
142.02599187930716,37.8807589541427,0
142.37619562069287,37.44377229585729,0
142.1758319033584,37.28209373170703,0
141.8241680966416,37.71790626829297,0

</coordinates>
</LinearRing>
</outerBoundaryIs>
</Polygon>
</Placemark>

<Placemark>
<Style>
<LineStyle>
<width>0</width>
</LineStyle>

<PolyStyle>
<color>ffffda00</color>
<outline>0</outline>
</PolyStyle>
</Style>

<Polygon>
<tessellate>1</tessellate>

<outerBoundaryIs>
<LinearRing>
<coordinates>

142.02599187930716,37.8807589541427,0
142.23073107922704,38.04371629299843,0
142.57801892077293,37.604408707001575,0
142.37619562069287,37.44377229585729,0
142.02599187930716,37.8807589541427,0

</coordinates>
</LinearRing>
</outerBoundaryIs>
</Polygon>
</Placemark>

<Placemark>
<Style>
<LineStyle>
<width>0</width>
</LineStyle>

<PolyStyle>
<color>ffffd800</color>
<outline>0</outline>
</PolyStyle>
</Style>

<Polygon>
<tessellate>1</tessellate>

<outerBoundaryIs>
<LinearRing>
<coordinates>

142.23073107922704,38.04371629299843,0
142.4376494792515,38.20618268355598,0
142.78203802074853,37.764598566444036,0
142.57801892077293,37.604408707001575,0
142.23073107922704,38.04371629299843,0

</coordinates>
</LinearRing>
</outerBoundaryIs>
</Polygon>
</Placemark>

<Placemark>
<Style>
<LineStyle>
<width>0</width>
</LineStyle>

<PolyStyle>
<color>ffffd700</color>
<outline>0</outline>
</PolyStyle>
</Style>

<Polygon>
<tessellate>1</tessellate>

<outerBoundaryIs>
<LinearRing>
<coordinates>

142.4376494792515,38.20618268355598,0
142.6467469056133,38.368158496361374,0
142.9882530943867,37.92434150363863,0
142.78203802074853,37.764598566444036,0
142.4376494792515,38.20618268355598,0

</coordinates>
</LinearRing>
</outerBoundaryIs>
</Polygon>
</Placemark>

<Placemark>
<Style>
<LineStyle>
<width>0</width>
</LineStyle>

<PolyStyle>
<color>ffffd500</color>
<outline>0</outline>
</PolyStyle>
</Style>

<Polygon>
<tessellate>1</tessellate>

<outerBoundaryIs>
<LinearRing>
<coordinates>

142.6467469056133,38.368158496361374,0
142.85802319619893,38.529644100444884,0
143.19666430380107,38.083637149555116,0
142.9882530943867,37.92434150363863,0
142.6467469056133,38.368158496361374,0

</coordinates>
</LinearRing>
</outerBoundaryIs>
</Polygon>
</Placemark>

<Placemark>
<Style>
<LineStyle>
<width>0</width>
</LineStyle>

<PolyStyle>
<color>ffffd400</color>
<outline>0</outline>
</PolyStyle>
</Style>

<Polygon>
<tessellate>1</tessellate>

<outerBoundaryIs>
<LinearRing>
<coordinates>

142.85802319619893,38.529644100444884,0
143.07147820017497,38.69063986299883,0
143.40727179982508,38.242485137001175,0
143.19666430380107,38.083637149555116,0
142.85802319619893,38.529644100444884,0

</coordinates>
</LinearRing>
</outerBoundaryIs>
</Polygon>
</Placemark>

<Placemark>
<Style>
<LineStyle>
<width>0</width>
</LineStyle>

<PolyStyle>
<color>ffffd200</color>
<outline>0</outline>
</PolyStyle>
</Style>

<Polygon>
<tessellate>1</tessellate>

<outerBoundaryIs>
<LinearRing>
<coordinates>

143.07147820017497,38.69063986299883,0
143.28711177761696,38.85114614907759,0
143.62007572238306,38.40088510092241,0
143.40727179982508,38.242485137001175,0
143.07147820017497,38.69063986299883,0

</coordinates>
</LinearRing>
</outerBoundaryIs>
</Polygon>
</Placemark>

<Placemark>
<Style>
<LineStyle>
<width>0</width>
</LineStyle>

<PolyStyle>
<color>ffffd100</color>
<outline>0</outline>
</PolyStyle>
</Style>

<Polygon>
<tessellate>1</tessellate>

<outerBoundaryIs>
<LinearRing>
<coordinates>

143.28711177761696,38.85114614907759,0
143.50492379914132,39.01116332131904,0
143.8350762008587,38.55883667868097,0
143.62007572238306,38.40088510092241,0
143.28711177761696,38.85114614907759,0

</coordinates>
</LinearRing>
</outerBoundaryIs>
</Polygon>
</Placemark>

<Placemark>
<Style>
<LineStyle>
<width>0</width>
</LineStyle>

<PolyStyle>
<color>ffffcf00</color>
<outline>0</outline>
</PolyStyle>
</Style>

<Polygon>
<tessellate>1</tessellate>

<outerBoundaryIs>
<LinearRing>
<coordinates>

143.50492379914132,39.01116332131904,0
143.72491414554045,39.17069173968631,0
144.05227335445952,38.71633951031368,0
143.8350762008587,38.55883667868097,0
143.50492379914132,39.01116332131904,0

</coordinates>
</LinearRing>
</outerBoundaryIs>
</Polygon>
</Placemark>

<Placemark>
<Style>
<LineStyle>
<width>0</width>
</LineStyle>

<PolyStyle>
<color>ffffcd00</color>
<outline>0</outline>
</PolyStyle>
</Style>

<Polygon>
<tessellate>1</tessellate>

<outerBoundaryIs>
<LinearRing>
<coordinates>

143.72491414554045,39.17069173968631,0
143.94708270742277,39.32973176122952,0
144.27166729257723,38.87339323877048,0
144.05227335445952,38.71633951031368,0
143.72491414554045,39.17069173968631,0

</coordinates>
</LinearRing>
</outerBoundaryIs>
</Polygon>
</Placemark>

<Placemark>
<Style>
<LineStyle>
<width>0</width>
</LineStyle>

<PolyStyle>
<color>ffffcc00</color>
<outline>0</outline>
</PolyStyle>
</Style>

<Polygon>
<tessellate>1</tessellate>

<outerBoundaryIs>
<LinearRing>
<coordinates>

143.94708270742277,39.32973176122952,0
144.17142938485682,39.488283739866155,0
144.4932581151432,39.029997510133846,0
144.27166729257723,38.87339323877048,0
143.94708270742277,39.32973176122952,0

</coordinates>
</LinearRing>
</outerBoundaryIs>
</Polygon>
</Placemark>

<Placemark>
<Style>
<LineStyle>
<width>0</width>
</LineStyle>

<PolyStyle>
<color>ffffca00</color>
<outline>0</outline>
</PolyStyle>
</Style>

<Polygon>
<tessellate>1</tessellate>

<outerBoundaryIs>
<LinearRing>
<coordinates>

144.17142938485682,39.488283739866155,0
144.39795408702145,39.64634802617981,0
144.7170459129785,39.18615197382019,0
144.4932581151432,39.029997510133846,0
144.17142938485682,39.488283739866155,0

</coordinates>
</LinearRing>
</outerBoundaryIs>
</Polygon>
</Placemark>

<Placemark>
<Style>
<LineStyle>
<width>0</width>
</LineStyle>

<PolyStyle>
<color>ffffc900</color>
<outline>0</outline>
</PolyStyle>
</Style>

<Polygon>
<tessellate>1</tessellate>

<outerBoundaryIs>
<LinearRing>
<coordinates>

144.39795408702145,39.64634802617981,0
144.62665673186135,39.803924967235936,0
144.9430307681387,39.34185628276406,0
144.7170459129785,39.18615197382019,0
144.39795408702145,39.64634802617981,0

</coordinates>
</LinearRing>
</outerBoundaryIs>
</Polygon>
</Placemark>

<Placemark>
<Style>
<LineStyle>
<width>0</width>
</LineStyle>

<PolyStyle>
<color>ffffc700</color>
<outline>0</outline>
</PolyStyle>
</Style>

<Polygon>
<tessellate>1</tessellate>

<outerBoundaryIs>
<LinearRing>
<coordinates>

144.62665673186135,39.803924967235936,0
144.8575372457487,39.96101490641436,0
145.17121275425126,39.49711009358563,0
144.9430307681387,39.34185628276406,0
144.62665673186135,39.803924967235936,0

</coordinates>
</LinearRing>
</outerBoundaryIs>
</Polygon>
</Placemark>

<Placemark>
<Style>
<LineStyle>
<width>0</width>
</LineStyle>

<PolyStyle>
<color>ffffc600</color>
<outline>0</outline>
</PolyStyle>
</Style>

<Polygon>
<tessellate>1</tessellate>

<outerBoundaryIs>
<LinearRing>
<coordinates>

144.8575372457487,39.96101490641436,0
145.09059556315205,40.11761818325736,0
145.40159193684795,39.65191306674264,0
145.17121275425126,39.49711009358563,0
144.8575372457487,39.96101490641436,0

</coordinates>
</LinearRing>
</outerBoundaryIs>
</Polygon>
</Placemark>

<Placemark>
<Style>
<LineStyle>
<width>0</width>
</LineStyle>

<PolyStyle>
<color>ffffc400</color>
<outline>0</outline>
</PolyStyle>
</Style>

<Polygon>
<tessellate>1</tessellate>

<outerBoundaryIs>
<LinearRing>
<coordinates>

145.09059556315205,40.11761818325736,0
145.3258316263109,40.2737351333327,0
145.63416837368914,39.80626486666731,0
145.40159193684795,39.65191306674264,0
145.09059556315205,40.11761818325736,0

</coordinates>
</LinearRing>
</outerBoundaryIs>
</Polygon>
</Placemark>

<Placemark>
<Style>
<LineStyle>
<width>0</width>
</LineStyle>

<PolyStyle>
<color>ffffc300</color>
<outline>0</outline>
</PolyStyle>
</Style>

<Polygon>
<tessellate>1</tessellate>

<outerBoundaryIs>
<LinearRing>
<coordinates>

145.3258316263109,40.2737351333327,0
145.56324538491845,40.429366088111,0
145.86894211508155,39.960165161889,0
145.63416837368914,39.80626486666731,0
145.3258316263109,40.2737351333327,0

</coordinates>
</LinearRing>
</outerBoundaryIs>
</Polygon>
</Placemark>

<Placemark>
<Style>
<LineStyle>
<width>0</width>
</LineStyle>

<PolyStyle>
<color>ffffc100</color>
<outline>0</outline>
</PolyStyle>
</Style>

<Polygon>
<tessellate>1</tessellate>

<outerBoundaryIs>
<LinearRing>
<coordinates>

145.56324538491845,40.429366088111,0
145.8028367958111,40.58451137485652,0
146.1059132041889,40.1136136251435,0
145.86894211508155,39.960165161889,0
145.56324538491845,40.429366088111,0

</coordinates>
</LinearRing>
</outerBoundaryIs>
</Polygon>
</Placemark>

<Placemark>
<Style>
<LineStyle>
<width>0</width>
</LineStyle>

<PolyStyle>
<color>ffffbf00</color>
<outline>0</outline>
</PolyStyle>
</Style>

<Polygon>
<tessellate>1</tessellate>

<outerBoundaryIs>
<LinearRing>
<coordinates>

145.8028367958111,40.58451137485652,0
146.04460582266535,40.73917131653063,0
146.34508167733458,40.266609933469354,0
146.1059132041889,40.1136136251435,0
145.8028367958111,40.58451137485652,0

</coordinates>
</LinearRing>
</outerBoundaryIs>
</Polygon>
</Placemark>

<Placemark>
<Style>
<LineStyle>
<width>0</width>
</LineStyle>

<PolyStyle>
<color>ffffbe00</color>
<outline>0</outline>
</PolyStyle>
</Style>

<Polygon>
<tessellate>1</tessellate>

<outerBoundaryIs>
<LinearRing>
<coordinates>

146.04460582266535,40.73917131653063,0
146.2885524357028,40.893346231707575,0
146.5864475642972,40.419153768292425,0
146.34508167733458,40.266609933469354,0
146.04460582266535,40.73917131653063,0

</coordinates>
</LinearRing>
</outerBoundaryIs>
</Polygon>
</Placemark>

<Placemark>
<Style>
<LineStyle>
<width>0</width>
</LineStyle>

<PolyStyle>
<color>ffffbc00</color>
<outline>0</outline>
</PolyStyle>
</Style>

<Polygon>
<tessellate>1</tessellate>

<outerBoundaryIs>
<LinearRing>
<coordinates>

146.2885524357028,40.893346231707575,0
146.53467661140215,41.0470364345014,0
146.83001088859785,40.57124481549861,0
146.5864475642972,40.419153768292425,0
146.2885524357028,40.893346231707575,0

</coordinates>
</LinearRing>
</outerBoundaryIs>
</Polygon>
</Placemark>

<Placemark>
<Style>
<LineStyle>
<width>0</width>
</LineStyle>

<PolyStyle>
<color>ffffbb00</color>
<outline>0</outline>
</PolyStyle>
</Style>

<Polygon>
<tessellate>1</tessellate>

<outerBoundaryIs>
<LinearRing>
<coordinates>

146.53467661140215,41.0470364345014,0
146.78297833221973,41.20024223450384,0
147.07577166778032,40.72288276549616,0
146.83001088859785,40.57124481549861,0
146.53467661140215,41.0470364345014,0

</coordinates>
</LinearRing>
</outerBoundaryIs>
</Polygon>
</Placemark>

<Placemark>
<Style>
<LineStyle>
<width>0</width>
</LineStyle>

<PolyStyle>
<color>ffffb900</color>
<outline>0</outline>
</PolyStyle>
</Style>

<Polygon>
<tessellate>1</tessellate>

<outerBoundaryIs>
<LinearRing>
<coordinates>

146.78297833221973,41.20024223450384,0
147.03345758631718,41.352963936732266,0
147.32372991368283,40.87406731326773,0
147.07577166778032,40.72288276549616,0
146.78297833221973,41.20024223450384,0

</coordinates>
</LinearRing>
</outerBoundaryIs>
</Polygon>
</Placemark>

<Placemark>
<Style>
<LineStyle>
<width>0</width>
</LineStyle>

<PolyStyle>
<color>ffffb800</color>
<outline>0</outline>
</PolyStyle>
</Style>

<Polygon>
<tessellate>1</tessellate>

<outerBoundaryIs>
<LinearRing>
<coordinates>

147.03345758631718,41.352963936732266,0
147.28611436729764,41.50520184158714,0
147.57388563270231,41.024798158412864,0
147.32372991368283,40.87406731326773,0
147.03345758631718,41.352963936732266,0

</coordinates>
</LinearRing>
</outerBoundaryIs>
</Polygon>
</Placemark>

<Placemark>
<Style>
<LineStyle>
<width>0</width>
</LineStyle>

<PolyStyle>
<color>ffffb600</color>
<outline>0</outline>
</PolyStyle>
</Style>

<Polygon>
<tessellate>1</tessellate>

<outerBoundaryIs>
<LinearRing>
<coordinates>

147.28611436729764,41.50520184158714,0
147.5409486739493,41.656956244818424,0
147.8262388260507,41.175075005181576,0
147.57388563270231,41.024798158412864,0
147.28611436729764,41.50520184158714,0

</coordinates>
</LinearRing>
</outerBoundaryIs>
</Polygon>
</Placemark>

<Placemark>
<Style>
<LineStyle>
<width>0</width>
</LineStyle>

<PolyStyle>
<color>ffffb500</color>
<outline>0</outline>
</PolyStyle>
</Style>

<Polygon>
<tessellate>1</tessellate>

<outerBoundaryIs>
<LinearRing>
<coordinates>

147.5409486739493,41.656956244818424,0
147.7979605099967,41.808227437500456,0
148.08078949000333,41.32489756249955,0
147.8262388260507,41.175075005181576,0
147.5409486739493,41.656956244818424,0

</coordinates>
</LinearRing>
</outerBoundaryIs>
</Polygon>
</Placemark>

<Placemark>
<Style>
<LineStyle>
<width>0</width>
</LineStyle>

<PolyStyle>
<color>ffffb300</color>
<outline>0</outline>
</PolyStyle>
</Style>

<Polygon>
<tessellate>1</tessellate>

<outerBoundaryIs>
<LinearRing>
<coordinates>

147.7979605099967,41.808227437500456,0
148.05714988386035,41.959015706014554,0
148.33753761613968,41.47426554398544,0
148.08078949000333,41.32489756249955,0
147.7979605099967,41.808227437500456,0

</coordinates>
</LinearRing>
</outerBoundaryIs>
</Polygon>
</Placemark>

<Placemark>
<Style>
<LineStyle>
<width>0</width>
</LineStyle>

<PolyStyle>
<color>ffffb100</color>
<outline>0</outline>
</PolyStyle>
</Style>

<Polygon>
<tessellate>1</tessellate>

<outerBoundaryIs>
<LinearRing>
<coordinates>

148.05714988386035,41.959015706014554,0
148.31851680842362,42.10932133203906,0
148.5964831915764,41.62317866796094,0
148.33753761613968,41.47426554398544,0
148.05714988386035,41.959015706014554,0

</coordinates>
</LinearRing>
</outerBoundaryIs>
</Polygon>
</Placemark>

<Placemark>
<Style>
<LineStyle>
<width>0</width>
</LineStyle>

<PolyStyle>
<color>ffffb000</color>
<outline>0</outline>
</PolyStyle>
</Style>

<Polygon>
<tessellate>1</tessellate>

<outerBoundaryIs>
<LinearRing>
<coordinates>

148.31851680842362,42.10932133203906,0
148.5820613008074,42.25914459254614,0
148.8576261991926,41.77163665745386,0
148.5964831915764,41.62317866796094,0
148.31851680842362,42.10932133203906,0

</coordinates>
</LinearRing>
</outerBoundaryIs>
</Polygon>
</Placemark>

<Placemark>
<Style>
<LineStyle>
<width>0</width>
</LineStyle>

<PolyStyle>
<color>ffffae00</color>
<outline>0</outline>
</PolyStyle>
</Style>

<Polygon>
<tessellate>1</tessellate>

<outerBoundaryIs>
<LinearRing>
<coordinates>

148.5820613008074,42.25914459254614,0
148.8477833821522,42.408485759805025,0
149.1209666178478,41.919639240194975,0
148.8576261991926,41.77163665745386,0
148.5820613008074,42.25914459254614,0

</coordinates>
</LinearRing>
</outerBoundaryIs>
</Polygon>
</Placemark>

<Placemark>
<Style>
<LineStyle>
<width>0</width>
</LineStyle>

<PolyStyle>
<color>ffffad00</color>
<outline>0</outline>
</PolyStyle>
</Style>

<Polygon>
<tessellate>1</tessellate>

<outerBoundaryIs>
<LinearRing>
<coordinates>

148.8477833821522,42.408485759805025,0
149.11568307740782,42.5573451013911,0
149.38650442259217,42.067186148608904,0
149.1209666178478,41.919639240194975,0
148.8477833821522,42.408485759805025,0

</coordinates>
</LinearRing>
</outerBoundaryIs>
</Polygon>
</Placemark>

<Placemark>
<Style>
<LineStyle>
<width>0</width>
</LineStyle>

<PolyStyle>
<color>ffffab00</color>
<outline>0</outline>
</PolyStyle>
</Style>

<Polygon>
<tessellate>1</tessellate>

<outerBoundaryIs>
<LinearRing>
<coordinates>

149.11568307740782,42.5573451013911,0
149.38576041513042,42.705722880200526,0
149.6542395848696,42.214277119799476,0
149.38650442259217,42.067186148608904,0
149.11568307740782,42.5573451013911,0

</coordinates>
</LinearRing>
</outerBoundaryIs>
</Polygon>
</Placemark>

<Placemark>
<Style>
<LineStyle>
<width>0</width>
</LineStyle>

<PolyStyle>
<color>ffffaa00</color>
<outline>0</outline>
</PolyStyle>
</Style>

<Polygon>
<tessellate>1</tessellate>

<outerBoundaryIs>
<LinearRing>
<coordinates>

149.38576041513042,42.705722880200526,0
149.65801542728644,42.85361935446993,0
149.9241720727136,42.360911895530066,0
149.6542395848696,42.214277119799476,0
149.38576041513042,42.705722880200526,0

</coordinates>
</LinearRing>
</outerBoundaryIs>
</Polygon>
</Placemark>

<Placemark>
<Style>
<LineStyle>
<width>0</width>
</LineStyle>

<PolyStyle>
<color>ffffa800</color>
<outline>0</outline>
</PolyStyle>
</Style>

<Polygon>
<tessellate>1</tessellate>

<outerBoundaryIs>
<LinearRing>
<coordinates>

149.65801542728644,42.85361935446993,0
149.93244814906402,43.0010347778008,0
150.19630185093595,42.507090222199196,0
149.9241720727136,42.360911895530066,0
149.65801542728644,42.85361935446993,0

</coordinates>
</LinearRing>
</outerBoundaryIs>
</Polygon>
</Placemark>

<Placemark>
<Style>
<LineStyle>
<width>0</width>
</LineStyle>

<PolyStyle>
<color>ffffa700</color>
<outline>0</outline>
</PolyStyle>
</Style>

<Polygon>
<tessellate>1</tessellate>

<outerBoundaryIs>
<LinearRing>
<coordinates>

149.93244814906402,43.0010347778008,0
150.20905861869107,43.14796939918814,0
150.47062888130893,42.65281185081186,0
150.19630185093595,42.507090222199196,0
149.93244814906402,43.0010347778008,0

</coordinates>
</LinearRing>
</outerBoundaryIs>
</Polygon>
</Placemark>

<Placemark>
<Style>
<LineStyle>
<width>0</width>
</LineStyle>

<PolyStyle>
<color>ffffa500</color>
<outline>0</outline>
</PolyStyle>
</Style>

<Polygon>
<tessellate>1</tessellate>

<outerBoundaryIs>
<LinearRing>
<coordinates>

150.20905861869107,43.14796939918814,0
150.4878468772601,43.29442346305315,0
150.74715312273992,42.79807653694685,0
150.47062888130893,42.65281185081186,0
150.20905861869107,43.14796939918814,0

</coordinates>
</LinearRing>
</outerBoundaryIs>
</Polygon>
</Placemark>

<Placemark>
<Style>
<LineStyle>
<width>0</width>
</LineStyle>

<PolyStyle>
<color>ffffa300</color>
<outline>0</outline>
</PolyStyle>
</Style>

<Polygon>
<tessellate>1</tessellate>

<outerBoundaryIs>
<LinearRing>
<coordinates>

150.4878468772601,43.29442346305315,0
150.76881296855993,43.4403972092795,0
151.02587453144008,42.94288404072049,0
150.74715312273992,42.79807653694685,0
150.4878468772601,43.29442346305315,0

</coordinates>
</LinearRing>
</outerBoundaryIs>
</Polygon>
</Placemark>

<Placemark>
<Style>
<LineStyle>
<width>0</width>
</LineStyle>

<PolyStyle>
<color>ffffa200</color>
<outline>0</outline>
</PolyStyle>
</Style>

<Polygon>
<tessellate>1</tessellate>

<outerBoundaryIs>
<LinearRing>
<coordinates>

150.76881296855993,43.4403972092795,0
151.0519569389136,43.58589087325299,0
151.30679306108638,43.087234126747006,0
151.02587453144008,42.94288404072049,0
150.76881296855993,43.4403972092795,0

</coordinates>
</LinearRing>
</outerBoundaryIs>
</Polygon>
</Placemark>

<Placemark>
<Style>
<LineStyle>
<width>0</width>
</LineStyle>

<PolyStyle>
<color>ffffa000</color>
<outline>0</outline>
</PolyStyle>
</Style>

<Polygon>
<tessellate>1</tessellate>

<outerBoundaryIs>
<LinearRing>
<coordinates>

151.0519569389136,43.58589087325299,0
151.33727883702278,43.73090468590416,0
151.58990866297717,43.23112656409584,0
151.30679306108638,43.087234126747006,0
151.0519569389136,43.58589087325299,0

</coordinates>
</LinearRing>
</outerBoundaryIs>
</Polygon>
</Placemark>

<Placemark>
<Style>
<LineStyle>
<width>0</width>
</LineStyle>

<PolyStyle>
<color>ffff9f00</color>
<outline>0</outline>
</PolyStyle>
</Style>

<Polygon>
<tessellate>1</tessellate>

<outerBoundaryIs>
<LinearRing>
<coordinates>

151.33727883702278,43.73090468590416,0
151.62477871381822,43.87543887375361,0
151.87522128618178,43.37456112624639,0
151.58990866297717,43.23112656409584,0
151.33727883702278,43.73090468590416,0

</coordinates>
</LinearRing>
</outerBoundaryIs>
</Polygon>
</Placemark>

<Placemark>
<Style>
<LineStyle>
<width>0</width>
</LineStyle>

<PolyStyle>
<color>ffff9d00</color>
<outline>0</outline>
</PolyStyle>
</Style>

<Polygon>
<tessellate>1</tessellate>

<outerBoundaryIs>
<LinearRing>
<coordinates>

151.62477871381822,43.87543887375361,0
151.91445662231612,44.01949365895996,0
152.16273087768386,43.51753759104005,0
151.87522128618178,43.37456112624639,0
151.62477871381822,43.87543887375361,0

</coordinates>
</LinearRing>
</outerBoundaryIs>
</Polygon>
</Placemark>

<Placemark>
<Style>
<LineStyle>
<width>0</width>
</LineStyle>

<PolyStyle>
<color>ffff9c00</color>
<outline>0</outline>
</PolyStyle>
</Style>

<Polygon>
<tessellate>1</tessellate>

<outerBoundaryIs>
<LinearRing>
<coordinates>

151.91445662231612,44.01949365895996,0
152.20631261748082,44.163069259369806,0
152.45243738251918,43.6600557406302,0
152.16273087768386,43.51753759104005,0
151.91445662231612,44.01949365895996,0

</coordinates>
</LinearRing>
</outerBoundaryIs>
</Polygon>
</Placemark>

<Placemark>
<Style>
<LineStyle>
<width>0</width>
</LineStyle>

<PolyStyle>
<color>ffff9a00</color>
<outline>0</outline>
</PolyStyle>
</Style>

<Polygon>
<tessellate>1</tessellate>

<outerBoundaryIs>
<LinearRing>
<coordinates>

152.20631261748082,44.163069259369806,0
152.5003467560922,44.306165888569865,0
152.7443407439078,43.802115361430126,0
152.45243738251918,43.6600557406302,0
152.20631261748082,44.163069259369806,0

</coordinates>
</LinearRing>
</outerBoundaryIs>
</Polygon>
</Placemark>

<Placemark>
<Style>
<LineStyle>
<width>0</width>
</LineStyle>

<PolyStyle>
<color>ffff9800</color>
<outline>0</outline>
</PolyStyle>
</Style>

<Polygon>
<tessellate>1</tessellate>

<outerBoundaryIs>
<LinearRing>
<coordinates>

152.5003467560922,44.306165888569865,0
152.79655909661975,44.4487837559408,0
153.0384409033803,43.94371624405921,0
152.7443407439078,43.802115361430126,0
152.5003467560922,44.306165888569865,0

</coordinates>
</LinearRing>
</outerBoundaryIs>
</Polygon>
</Placemark>

<Placemark>
<Style>
<LineStyle>
<width>0</width>
</LineStyle>

<PolyStyle>
<color>ffff9700</color>
<outline>0</outline>
</PolyStyle>
</Style>

<Polygon>
<tessellate>1</tessellate>

<outerBoundaryIs>
<LinearRing>
<coordinates>

152.79655909661975,44.4487837559408,0
153.09494969910085,44.590923066712506,0
153.33473780089915,44.084858183287494,0
153.0384409033803,43.94371624405921,0
152.79655909661975,44.4487837559408,0

</coordinates>
</LinearRing>
</outerBoundaryIs>
</Polygon>
</Placemark>

<Placemark>
<Style>
<LineStyle>
<width>0</width>
</LineStyle>

<PolyStyle>
<color>ffff9500</color>
<outline>0</outline>
</PolyStyle>
</Style>

<Polygon>
<tessellate>1</tessellate>

<outerBoundaryIs>
<LinearRing>
<coordinates>

153.09494969910085,44.590923066712506,0
153.39551862502515,44.73258402202099,0
153.63323137497486,44.22554097797901,0
153.33473780089915,44.084858183287494,0
153.09494969910085,44.590923066712506,0

</coordinates>
</LinearRing>
</outerBoundaryIs>
</Polygon>
</Placemark>

<Placemark>
<Style>
<LineStyle>
<width>0</width>
</LineStyle>

<PolyStyle>
<color>ffff9400</color>
<outline>0</outline>
</PolyStyle>
</Style>

<Polygon>
<tessellate>1</tessellate>

<outerBoundaryIs>
<LinearRing>
<coordinates>

153.39551862502515,44.73258402202099,0
153.6982659372233,44.87376681896622,0
153.93392156277667,44.36576443103378,0
153.63323137497486,44.22554097797901,0
153.39551862502515,44.73258402202099,0

</coordinates>
</LinearRing>
</outerBoundaryIs>
</Polygon>
</Placemark>

<Placemark>
<Style>
<LineStyle>
<width>0</width>
</LineStyle>

<PolyStyle>
<color>ffff9200</color>
<outline>0</outline>
</PolyStyle>
</Style>

<Polygon>
<tessellate>1</tessellate>

<outerBoundaryIs>
<LinearRing>
<coordinates>

153.6982659372233,44.87376681896622,0
154.00319169976092,45.01447165067106,0
154.2368083002391,44.505528349328934,0
153.93392156277667,44.36576443103378,0
153.6982659372233,44.87376681896622,0

</coordinates>
</LinearRing>
</outerBoundaryIs>
</Polygon>
</Placemark>

<Placemark>
<Style>
<LineStyle>
<width>0</width>
</LineStyle>

<PolyStyle>
<color>ffff9100</color>
<outline>0</outline>
</PolyStyle>
</Style>

<Polygon>
<tessellate>1</tessellate>

<outerBoundaryIs>
<LinearRing>
<coordinates>

154.00319169976092,45.01447165067106,0
154.31029597783697,45.15469870634112,0
154.54189152216304,44.64483254365888,0
154.2368083002391,44.505528349328934,0
154.00319169976092,45.01447165067106,0

</coordinates>
</LinearRing>
</outerBoundaryIs>
</Polygon>
</Placemark>

<Placemark>
<Style>
<LineStyle>
<width>0</width>
</LineStyle>

<PolyStyle>
<color>ffff8f00</color>
<outline>0</outline>
</PolyStyle>
</Style>

<Polygon>
<tessellate>1</tessellate>

<outerBoundaryIs>
<LinearRing>
<coordinates>

154.31029597783697,45.15469870634112,0
154.61957883768702,45.29444817132517,0
154.84917116231298,44.78367682867483,0
154.54189152216304,44.64483254365888,0
154.31029597783697,45.15469870634112,0

</coordinates>
</LinearRing>
</outerBoundaryIs>
</Polygon>
</Placemark>

<Placemark>
<Style>
<LineStyle>
<width>0</width>
</LineStyle>

<PolyStyle>
<color>ffff8e00</color>
<outline>0</outline>
</PolyStyle>
</Style>

<Polygon>
<tessellate>1</tessellate>

<outerBoundaryIs>
<LinearRing>
<coordinates>

154.61957883768702,45.29444817132517,0
154.93104034649048,45.43372022717624,0
155.1586471535095,44.92206102282377,0
154.84917116231298,44.78367682867483,0
154.61957883768702,45.29444817132517,0

</coordinates>
</LinearRing>
</outerBoundaryIs>
</Polygon>
</Placemark>

<Placemark>
<Style>
<LineStyle>
<width>0</width>
</LineStyle>

<PolyStyle>
<color>ffff8c00</color>
<outline>0</outline>
</PolyStyle>
</Style>

<Polygon>
<tessellate>1</tessellate>

<outerBoundaryIs>
<LinearRing>
<coordinates>

154.93104034649048,45.43372022717624,0
155.24468057228245,45.572515051713026,0
155.47031942771758,45.05998494828697,0
155.1586471535095,44.92206102282377,0
154.93104034649048,45.43372022717624,0

</coordinates>
</LinearRing>
</outerBoundaryIs>
</Polygon>
</Placemark>

<Placemark>
<Style>
<LineStyle>
<width>0</width>
</LineStyle>

<PolyStyle>
<color>ffff8a00</color>
<outline>0</outline>
</PolyStyle>
</Style>

<Polygon>
<tessellate>1</tessellate>

<outerBoundaryIs>
<LinearRing>
<coordinates>

155.24468057228245,45.572515051713026,0
155.56049958386927,45.71083281908179,0
155.78418791613075,45.197448430918215,0
155.47031942771758,45.05998494828697,0
155.24468057228245,45.572515051713026,0

</coordinates>
</LinearRing>
</outerBoundaryIs>
</Polygon>
</Placemark>

<Placemark>
<Style>
<LineStyle>
<width>0</width>
</LineStyle>

<PolyStyle>
<color>ffff8900</color>
<outline>0</outline>
</PolyStyle>
</Style>

<Polygon>
<tessellate>1</tessellate>

<outerBoundaryIs>
<LinearRing>
<coordinates>

155.56049958386927,45.71083281908179,0
155.87849745074843,45.84867369981822,0
156.10025254925156,45.33445130018178,0
155.78418791613075,45.197448430918215,0
155.56049958386927,45.71083281908179,0

</coordinates>
</LinearRing>
</outerBoundaryIs>
</Polygon>
</Placemark>

<Placemark>
<Style>
<LineStyle>
<width>0</width>
</LineStyle>

<PolyStyle>
<color>ffff8700</color>
<outline>0</outline>
</PolyStyle>
</Style>

<Polygon>
<tessellate>1</tessellate>

<outerBoundaryIs>
<LinearRing>
<coordinates>

155.87849745074843,45.84867369981822,0
156.19867424303186,45.9860378609096,0
156.41851325696814,45.4709933890904,0
156.10025254925156,45.33445130018178,0
155.87849745074843,45.84867369981822,0

</coordinates>
</LinearRing>
</outerBoundaryIs>
</Polygon>
</Placemark>

<Placemark>
<Style>
<LineStyle>
<width>0</width>
</LineStyle>

<PolyStyle>
<color>ffff8600</color>
<outline>0</outline>
</PolyStyle>
</Style>

<Polygon>
<tessellate>1</tessellate>

<outerBoundaryIs>
<LinearRing>
<coordinates>

156.19867424303186,45.9860378609096,0
156.52103003137316,46.12292546585683,0
156.73896996862683,45.60707453414316,0
156.41851325696814,45.4709933890904,0
156.19867424303186,45.9860378609096,0

</coordinates>
</LinearRing>
</outerBoundaryIs>
</Polygon>
</Placemark>

<Placemark>
<Style>
<LineStyle>
<width>0</width>
</LineStyle>

<PolyStyle>
<color>ffff8400</color>
<outline>0</outline>
</PolyStyle>
</Style>

<Polygon>
<tessellate>1</tessellate>

<outerBoundaryIs>
<LinearRing>
<coordinates>

156.52103003137316,46.12292546585683,0
156.8455648868983,46.25933667473646,0
157.06162261310172,45.74269457526353,0
156.73896996862683,45.60707453414316,0
156.52103003137316,46.12292546585683,0

</coordinates>
</LinearRing>
</outerBoundaryIs>
</Polygon>
</Placemark>

<Placemark>
<Style>
<LineStyle>
<width>0</width>
</LineStyle>

<PolyStyle>
<color>ffff8300</color>
<outline>0</outline>
</PolyStyle>
</Style>

<Polygon>
<tessellate>1</tessellate>

<outerBoundaryIs>
<LinearRing>
<coordinates>

156.8455648868983,46.25933667473646,0
157.17227888113953,46.39527164426247,0
157.3864711188605,45.87785335573752,0
157.06162261310172,45.74269457526353,0
156.8455648868983,46.25933667473646,0

</coordinates>
</LinearRing>
</outerBoundaryIs>
</Polygon>
</Placemark>

<Placemark>
<Style>
<LineStyle>
<width>0</width>
</LineStyle>

<PolyStyle>
<color>ffff8100</color>
<outline>0</outline>
</PolyStyle>
</Style>

<Polygon>
<tessellate>1</tessellate>

<outerBoundaryIs>
<LinearRing>
<coordinates>

157.17227888113953,46.39527164426247,0
157.50117208597283,46.530730527847844,0
157.71351541402714,46.01255072215216,0
157.3864711188605,45.87785335573752,0
157.17227888113953,46.39527164426247,0

</coordinates>
</LinearRing>
</outerBoundaryIs>
</Polygon>
</Placemark>

<Placemark>
<Style>
<LineStyle>
<width>0</width>
</LineStyle>

<PolyStyle>
<color>ffff8000</color>
<outline>0</outline>
</PolyStyle>
</Style>

<Polygon>
<tessellate>1</tessellate>

<outerBoundaryIs>
<LinearRing>
<coordinates>

157.50117208597283,46.530730527847844,0
157.8322445735583,46.665713475665804,0
158.0427554264417,46.146786524334196,0
157.71351541402714,46.01255072215216,0
157.50117208597283,46.530730527847844,0

</coordinates>
</LinearRing>
</outerBoundaryIs>
</Polygon>
</Placemark>

<Placemark>
<Style>
<LineStyle>
<width>0</width>
</LineStyle>

<PolyStyle>
<color>ffff7e00</color>
<outline>0</outline>
</PolyStyle>
</Style>

<Polygon>
<tessellate>1</tessellate>

<outerBoundaryIs>
<LinearRing>
<coordinates>

157.8322445735583,46.665713475665804,0
158.16549641628362,46.80022063471073,0
158.3741910837164,46.28056061528927,0
158.0427554264417,46.146786524334196,0
157.8322445735583,46.665713475665804,0

</coordinates>
</LinearRing>
</outerBoundaryIs>
</Polygon>
</Placemark>

<Placemark>
<Style>
<LineStyle>
<width>0</width>
</LineStyle>

<PolyStyle>
<color>ffff7c00</color>
<outline>0</outline>
</PolyStyle>
</Style>

<Polygon>
<tessellate>1</tessellate>

<outerBoundaryIs>
<LinearRing>
<coordinates>

158.16549641628362,46.80022063471073,0
158.5009276867103,46.93425214885856,0
158.7078223132897,46.413872851141434,0
158.3741910837164,46.28056061528927,0
158.16549641628362,46.80022063471073,0

</coordinates>
</LinearRing>
</outerBoundaryIs>
</Polygon>
</Placemark>

<Placemark>
<Style>
<LineStyle>
<width>0</width>
</LineStyle>

<PolyStyle>
<color>ffff7b00</color>
<outline>0</outline>
</PolyStyle>
</Style>

<Polygon>
<tessellate>1</tessellate>

<outerBoundaryIs>
<LinearRing>
<coordinates>

158.5009276867103,46.93425214885856,0
158.83853845752304,47.067808158926745,0
159.04364904247694,46.546723091073254,0
158.7078223132897,46.413872851141434,0
158.5009276867103,46.93425214885856,0

</coordinates>
</LinearRing>
</outerBoundaryIs>
</Polygon>
</Placemark>

<Placemark>
<Style>
<LineStyle>
<width>0</width>
</LineStyle>

<PolyStyle>
<color>ffff7900</color>
<outline>0</outline>
</PolyStyle>
</Style>

<Polygon>
<tessellate>1</tessellate>

<outerBoundaryIs>
<LinearRing>
<coordinates>

158.83853845752304,47.067808158926745,0
159.1783288014814,47.20088880273364,0
159.38167119851866,46.67911119726637,0
159.04364904247694,46.546723091073254,0
158.83853845752304,47.067808158926745,0

</coordinates>
</LinearRing>
</outerBoundaryIs>
</Polygon>
</Placemark>

<Placemark>
<Style>
<LineStyle>
<width>0</width>
</LineStyle>

<PolyStyle>
<color>ffff7800</color>
<outline>0</outline>
</PolyStyle>
</Style>

<Polygon>
<tessellate>1</tessellate>

<outerBoundaryIs>
<LinearRing>
<coordinates>

159.1783288014814,47.20088880273364,0
159.520298791374,47.33349421515732,0
159.721888708626,46.81103703484268,0
159.38167119851866,46.67911119726637,0
159.1783288014814,47.20088880273364,0

</coordinates>
</LinearRing>
</outerBoundaryIs>
</Polygon>
</Placemark>

<Placemark>
<Style>
<LineStyle>
<width>0</width>
</LineStyle>

<PolyStyle>
<color>ffff7600</color>
<outline>0</outline>
</PolyStyle>
</Style>

<Polygon>
<tessellate>1</tessellate>

<outerBoundaryIs>
<LinearRing>
<coordinates>

159.520298791374,47.33349421515732,0
159.8644484999757,47.465624528193864,0
160.06430150002433,46.94250047180612,0
159.721888708626,46.81103703484268,0
159.520298791374,47.33349421515732,0

</coordinates>
</LinearRing>
</outerBoundaryIs>
</Polygon>
</Placemark>

<Placemark>
<Style>
<LineStyle>
<width>0</width>
</LineStyle>

<PolyStyle>
<color>ffff7500</color>
<outline>0</outline>
</PolyStyle>
</Style>

<Polygon>
<tessellate>1</tessellate>

<outerBoundaryIs>
<LinearRing>
<coordinates>

159.8644484999757,47.465624528193864,0
160.21077800000646,47.597279871014834,0
160.40890949999354,47.07350137898517,0
160.06430150002433,46.94250047180612,0
159.8644484999757,47.465624528193864,0

</coordinates>
</LinearRing>
</outerBoundaryIs>
</Polygon>
</Placemark>

<Placemark>
<Style>
<LineStyle>
<width>0</width>
</LineStyle>

<PolyStyle>
<color>ffff7300</color>
<outline>0</outline>
</PolyStyle>
</Style>

<Polygon>
<tessellate>1</tessellate>

<outerBoundaryIs>
<LinearRing>
<coordinates>

160.21077800000646,47.597279871014834,0
160.55928736409297,47.72846037002413,0
160.75571263590703,47.20403962997586,0
160.40890949999354,47.07350137898517,0
160.21077800000646,47.597279871014834,0

</coordinates>
</LinearRing>
</outerBoundaryIs>
</Polygon>
</Placemark>

<Placemark>
<Style>
<LineStyle>
<width>0</width>
</LineStyle>

<PolyStyle>
<color>ffff7200</color>
<outline>0</outline>
</PolyStyle>
</Style>

<Polygon>
<tessellate>1</tessellate>

<outerBoundaryIs>
<LinearRing>
<coordinates>

160.55928736409297,47.72846037002413,0
160.90997666473214,47.859166148914234,0
161.1047108352679,47.33411510108578,0
160.75571263590703,47.20403962997586,0
160.55928736409297,47.72846037002413,0

</coordinates>
</LinearRing>
</outerBoundaryIs>
</Polygon>
</Placemark>

<Placemark>
<Style>
<LineStyle>
<width>0</width>
</LineStyle>

<PolyStyle>
<color>ffff7000</color>
<outline>0</outline>
</PolyStyle>
</Style>

<Polygon>
<tessellate>1</tessellate>

<outerBoundaryIs>
<LinearRing>
<coordinates>

160.90997666473214,47.859166148914234,0
161.26284597425675,47.9893973287215,0
161.45590402574325,47.4637276712785,0
161.1047108352679,47.33411510108578,0
160.90997666473214,47.859166148914234,0

</coordinates>
</LinearRing>
</outerBoundaryIs>
</Polygon>
</Placemark>

<Placemark>
<Style>
<LineStyle>
<width>0</width>
</LineStyle>

<PolyStyle>
<color>ffff6e00</color>
<outline>0</outline>
</PolyStyle>
</Style>

<Polygon>
<tessellate>1</tessellate>

<outerBoundaryIs>
<LinearRing>
<coordinates>

161.26284597425675,47.9893973287215,0
161.61789536480322,48.11915402788093,0
161.80929213519678,47.592877222119064,0
161.45590402574325,47.4637276712785,0
161.26284597425675,47.9893973287215,0

</coordinates>
</LinearRing>
</outerBoundaryIs>
</Polygon>
</Placemark>

<Placemark>
<Style>
<LineStyle>
<width>0</width>
</LineStyle>

<PolyStyle>
<color>ffff6d00</color>
<outline>0</outline>
</PolyStyle>
</Style>

<Polygon>
<tessellate>1</tessellate>

<outerBoundaryIs>
<LinearRing>
<coordinates>

161.61789536480322,48.11915402788093,0
161.975124908281,48.248436362279996,0
162.16487509171898,47.72156363772,0
161.80929213519678,47.592877222119064,0
161.61789536480322,48.11915402788093,0

</coordinates>
</LinearRing>
</outerBoundaryIs>
</Polygon>
</Placemark>

<Placemark>
<Style>
<LineStyle>
<width>0</width>
</LineStyle>

<PolyStyle>
<color>ffff6b00</color>
<outline>0</outline>
</PolyStyle>
</Style>

<Polygon>
<tessellate>1</tessellate>

<outerBoundaryIs>
<LinearRing>
<coordinates>

161.975124908281,48.248436362279996,0
162.33453467634416,48.37724444531172,0
162.52265282365585,47.84978680468829,0
162.16487509171898,47.72156363772,0
161.975124908281,48.248436362279996,0

</coordinates>
</LinearRing>
</outerBoundaryIs>
</Polygon>
</Placemark>

<Placemark>
<Style>
<LineStyle>
<width>0</width>
</LineStyle>

<PolyStyle>
<color>ffff6a00</color>
<outline>0</outline>
</PolyStyle>
</Style>

<Polygon>
<tessellate>1</tessellate>

<outerBoundaryIs>
<LinearRing>
<coordinates>

162.33453467634416,48.37724444531172,0
162.69612474036418,48.505578387926946,0
162.88262525963583,47.977546612073056,0
162.52265282365585,47.84978680468829,0
162.33453467634416,48.37724444531172,0

</coordinates>
</LinearRing>
</outerBoundaryIs>
</Polygon>
</Placemark>

<Placemark>
<Style>
<LineStyle>
<width>0</width>
</LineStyle>

<PolyStyle>
<color>ffff6800</color>
<outline>0</outline>
</PolyStyle>
</Style>

<Polygon>
<tessellate>1</tessellate>

<outerBoundaryIs>
<LinearRing>
<coordinates>

162.69612474036418,48.505578387926946,0
163.05989517140497,48.63343829868587,0
163.24479232859503,48.10484295131413,0
162.88262525963583,47.977546612073056,0
162.69612474036418,48.505578387926946,0

</coordinates>
</LinearRing>
</outerBoundaryIs>
</Polygon>
</Placemark>

<Placemark>
<Style>
<LineStyle>
<width>0</width>
</LineStyle>

<PolyStyle>
<color>ffff6700</color>
<outline>0</outline>
</PolyStyle>
</Style>

<Polygon>
<tessellate>1</tessellate>

<outerBoundaryIs>
<LinearRing>
<coordinates>

163.05989517140497,48.63343829868587,0
163.42584604019913,48.76082428380857,0
163.6091539598009,48.23167571619144,0
163.24479232859503,48.10484295131413,0
163.05989517140497,48.63343829868587,0

</coordinates>
</LinearRing>
</outerBoundaryIs>
</Polygon>
</Placemark>

<Placemark>
<Style>
<LineStyle>
<width>0</width>
</LineStyle>

<PolyStyle>
<color>ffff6500</color>
<outline>0</outline>
</PolyStyle>
</Style>

<Polygon>
<tessellate>1</tessellate>

<outerBoundaryIs>
<LinearRing>
<coordinates>

163.42584604019913,48.76082428380857,0
163.48840863483437,48.78239287637622,0
163.6709252471696,48.25297084602457,0
163.6091539598009,48.23167571619144,0
163.42584604019913,48.76082428380857,0

</coordinates>
</LinearRing>
</outerBoundaryIs>
</Polygon>
</Placemark>

<Placemark>

<Style>

<LineStyle>
<width>0</width>
</LineStyle>

<PolyStyle>
<color>ffff6400</color>
<outline>0</outline>
</PolyStyle>

</Style>

<Polygon>

<tessellate>1</tessellate>

<outerBoundaryIs>
<LinearRing>

<coordinates>

165.0,49.0,0
163.3384993002664,49.22784956612782,0
163.48840863483437,48.78239287637622,0
163.6709252471696,48.25297084602457,0
163.82081992725756,47.807509179889784,0
165.0,49.0,0

</coordinates>

</LinearRing>
</outerBoundaryIs>

</Polygon>

</Placemark>

<Placemark>

<name>Taipei</name>

<Style>

<IconStyle>

<scale>3</scale>

<Icon>
<href>https://i.imgur.com/CBHL5zR.png</href>
</Icon>

</IconStyle>

</Style>

<Point>
<coordinates>121.56,25.03,0</coordinates>
</Point>

</Placemark>

<Placemark>

<name>Okinawa</name>

<Style>

<IconStyle>

<scale>3</scale>

<Icon>
<href>https://i.imgur.com/5r49jF2.png</href>
</Icon>

</IconStyle>

</Style>

<Point>
<coordinates>127.68,26.21,0</coordinates>
</Point>

</Placemark>

<Placemark>

<name>Tokyo</name>

<Style>

<IconStyle>

<scale>3</scale>

<Icon>
<href>https://i.imgur.com/FIIwqqB.png</href>
</Icon>

</IconStyle>

</Style>

<Point>
<coordinates>139.76,35.68,0</coordinates>
</Point>

</Placemark>

<Placemark>

<name>Sendai</name>

<Style>

<IconStyle>

<scale>3</scale>

<Icon>
<href>https://i.imgur.com/CBHL5zR.png</href>
</Icon>

</IconStyle>

</Style>

<Point>
<coordinates>140.87,38.27,0</coordinates>
</Point>

</Placemark>

<Placemark>

<name>Luzon Strait Warm Transport</name>

<Style>

<IconStyle>

<scale>3</scale>

<Icon>
<href>https://i.imgur.com/FIIwqqB.png</href>
</Icon>

</IconStyle>

</Style>

<Point>
<coordinates>121.0,20.0,0</coordinates>
</Point>

</Placemark>

<Placemark>

<name>East China Sea Heavy Rain</name>

<Style>

<IconStyle>

<scale>3</scale>

<Icon>
<href>https://i.imgur.com/CBHL5zR.png</href>
</Icon>

</IconStyle>

</Style>

<Point>
<coordinates>125.0,28.5,0</coordinates>
</Point>

</Placemark>

<Placemark>

<name>Ryukyu Monsoon Corridor</name>

<Style>

<IconStyle>

<scale>3</scale>

<Icon>
<href>https://i.imgur.com/CBHL5zR.png</href>
</Icon>

</IconStyle>

</Style>

<Point>
<coordinates>128.5,28.0,0</coordinates>
</Point>

</Placemark>

<Placemark>

<name>Kyushu Typhoon Alley</name>

<Style>

<IconStyle>

<scale>3</scale>

<Icon>
<href>https://i.imgur.com/5r49jF2.png</href>
</Icon>

</IconStyle>

</Style>

<Point>
<coordinates>130.5,31.5,0</coordinates>
</Point>

</Placemark>

<Placemark>

<name>Kii Peninsula Heavy Rain</name>

<Style>

<IconStyle>

<scale>3</scale>

<Icon>
<href>https://i.imgur.com/CBHL5zR.png</href>
</Icon>

</IconStyle>

</Style>

<Point>
<coordinates>135.8,33.6,0</coordinates>
</Point>

</Placemark>

<Placemark>

<name>Izu Ridge Storm Eddy</name>

<Style>

<IconStyle>

<scale>3</scale>

<Icon>
<href>https://i.imgur.com/5r49jF2.png</href>
</Icon>

</IconStyle>

</Style>

<Point>
<coordinates>139.0,33.0,0</coordinates>
</Point>

</Placemark>

<Placemark>

<name>Kuroshio-Oyashio Front Rain</name>

<Style>

<IconStyle>

<scale>3</scale>

<Icon>
<href>https://i.imgur.com/CBHL5zR.png</href>
</Icon>

</IconStyle>

</Style>

<Point>
<coordinates>145.0,40.0,0</coordinates>
</Point>

</Placemark>

<Placemark>

<name>Kuroshio Extension Meander</name>

<Style>

<IconStyle>

<scale>3</scale>

<Icon>
<href>https://i.imgur.com/5r49jF2.png</href>
</Icon>

</IconStyle>

</Style>

<Point>
<coordinates>152.0,38.5,0</coordinates>
</Point>

</Placemark>

<Placemark>

<name>North Pacific Drift Warming</name>

<Style>

<IconStyle>

<scale>3</scale>

<Icon>
<href>https://i.imgur.com/FIIwqqB.png</href>
</Icon>

</IconStyle>

</Style>

<Point>
<coordinates>160.0,42.0,0</coordinates>
</Point>

</Placemark>


</Document>

</kml>
