<?xml version="1.0" encoding="UTF-8"?>
<kml xmlns="http://www.opengis.net/kml/2.2">

<Document>

<name>Indian Monsoon Gradient Visualization</name>


    <Placemark>

        <Style>
            <LineStyle>
                <width>0</width>
            </LineStyle>

            <PolyStyle>
                <color>b3ff0000</color>
                <outline>0</outline>
            </PolyStyle>
        </Style>

        <Polygon>
            <tessellate>1</tessellate>

            <outerBoundaryIs>
                <LinearRing>
                    <coordinates>

                        62.70497722664785,15.18831240852266,0
                        62.763571554153366,15.28010956484852,0
                        63.35309511251331,14.90266821292926,0
                        63.29502277335215,14.81168759147734,0
                        62.70497722664785,15.18831240852266,0

                    </coordinates>
                </LinearRing>
            </outerBoundaryIs>

        </Polygon>

    </Placemark>
    
    <Placemark>

        <Style>
            <LineStyle>
                <width>0</width>
            </LineStyle>

            <PolyStyle>
                <color>b3ff0200</color>
                <outline>0</outline>
            </PolyStyle>
        </Style>

        <Polygon>
            <tessellate>1</tessellate>

            <outerBoundaryIs>
                <LinearRing>
                    <coordinates>

                        62.763571554153366,15.28010956484852,0
                        62.82243085275306,15.371761890393804,0
                        63.410902480580276,14.992682554050637,0
                        63.35309511251331,14.90266821292926,0
                        62.763571554153366,15.28010956484852,0

                    </coordinates>
                </LinearRing>
            </outerBoundaryIs>

        </Polygon>

    </Placemark>
    
    <Placemark>

        <Style>
            <LineStyle>
                <width>0</width>
            </LineStyle>

            <PolyStyle>
                <color>b3ff0400</color>
                <outline>0</outline>
            </PolyStyle>
        </Style>

        <Polygon>
            <tessellate>1</tessellate>

            <outerBoundaryIs>
                <LinearRing>
                    <coordinates>

                        62.82243085275306,15.371761890393804,0
                        62.881297037525336,15.462864308192499,0
                        63.46870296247466,15.0821356918075,0
                        63.410902480580276,14.992682554050637,0
                        62.82243085275306,15.371761890393804,0

                    </coordinates>
                </LinearRing>
            </outerBoundaryIs>

        </Polygon>

    </Placemark>
    
    <Placemark>

        <Style>
            <LineStyle>
                <width>0</width>
            </LineStyle>

            <PolyStyle>
                <color>b3ff0700</color>
                <outline>0</outline>
            </PolyStyle>
        </Style>

        <Polygon>
            <tessellate>1</tessellate>

            <outerBoundaryIs>
                <LinearRing>
                    <coordinates>

                        62.881297037525336,15.462864308192499,0
                        62.94017021640502,15.553416853090557,0
                        63.52649645026163,15.171027591353887,0
                        63.46870296247466,15.0821356918075,0
                        62.881297037525336,15.462864308192499,0

                    </coordinates>
                </LinearRing>
            </outerBoundaryIs>

        </Polygon>

    </Placemark>
    
    <Placemark>

        <Style>
            <LineStyle>
                <width>0</width>
            </LineStyle>

            <PolyStyle>
                <color>b3ff0900</color>
                <outline>0</outline>
            </PolyStyle>
        </Style>

        <Polygon>
            <tessellate>1</tessellate>

            <outerBoundaryIs>
                <LinearRing>
                    <coordinates>

                        62.94017021640502,15.553416853090557,0
                        62.9990504991371,15.643419559617044,0
                        63.584282834196244,15.259358218160738,0
                        63.52649645026163,15.171027591353887,0
                        62.94017021640502,15.553416853090557,0

                    </coordinates>
                </LinearRing>
            </outerBoundaryIs>

        </Polygon>

    </Placemark>
    
    <Placemark>

        <Style>
            <LineStyle>
                <width>0</width>
            </LineStyle>

            <PolyStyle>
                <color>b3ff0c00</color>
                <outline>0</outline>
            </PolyStyle>
        </Style>

        <Polygon>
            <tessellate>1</tessellate>

            <outerBoundaryIs>
                <LinearRing>
                    <coordinates>

                        62.9990504991371,15.643419559617044,0
                        63.057937997303846,15.73287246195638,0
                        63.64206200269614,15.347127538043619,0
                        63.584282834196244,15.259358218160738,0
                        62.9990504991371,15.643419559617044,0

                    </coordinates>
                </LinearRing>
            </outerBoundaryIs>

        </Polygon>

    </Placemark>
    
    <Placemark>

        <Style>
            <LineStyle>
                <width>0</width>
            </LineStyle>

            <PolyStyle>
                <color>b3ff0e00</color>
                <outline>0</outline>
            </PolyStyle>
        </Style>

        <Polygon>
            <tessellate>1</tessellate>

            <outerBoundaryIs>
                <LinearRing>
                    <coordinates>

                        63.057937997303846,15.73287246195638,0
                        63.11683282435207,15.821775593919346,0
                        63.69983384231459,15.434335517191764,0
                        63.64206200269614,15.347127538043619,0
                        63.057937997303846,15.73287246195638,0

                    </coordinates>
                </LinearRing>
            </outerBoundaryIs>

        </Polygon>

    </Placemark>
    
    <Placemark>

        <Style>
            <LineStyle>
                <width>0</width>
            </LineStyle>

            <PolyStyle>
                <color>b3ff1100</color>
                <outline>0</outline>
            </PolyStyle>
        </Style>

        <Polygon>
            <tessellate>1</tessellate>

            <outerBoundaryIs>
                <LinearRing>
                    <coordinates>

                        63.11683282435207,15.821775593919346,0
                        63.175735095620226,15.910128988912854,0
                        63.75759823771311,15.520982122198257,0
                        63.69983384231459,15.434335517191764,0
                        63.11683282435207,15.821775593919346,0

                    </coordinates>
                </LinearRing>
            </outerBoundaryIs>

        </Polygon>

    </Placemark>
    
    <Placemark>

        <Style>
            <LineStyle>
                <width>0</width>
            </LineStyle>

            <PolyStyle>
                <color>b3ff1300</color>
                <outline>0</outline>
            </PolyStyle>
        </Style>

        <Polygon>
            <tessellate>1</tessellate>

            <outerBoundaryIs>
                <LinearRing>
                    <coordinates>

                        63.175735095620226,15.910128988912854,0
                        63.23464492836583,15.997932679908752,0
                        63.815355071634166,15.607067320091248,0
                        63.75759823771311,15.520982122198257,0
                        63.175735095620226,15.910128988912854,0

                    </coordinates>
                </LinearRing>
            </outerBoundaryIs>

        </Polygon>

    </Placemark>
    
    <Placemark>

        <Style>
            <LineStyle>
                <width>0</width>
            </LineStyle>

            <PolyStyle>
                <color>b3ff1500</color>
                <outline>0</outline>
            </PolyStyle>
        </Style>

        <Polygon>
            <tessellate>1</tessellate>

            <outerBoundaryIs>
                <LinearRing>
                    <coordinates>

                        63.23464492836583,15.997932679908752,0
                        63.29356244179286,16.085186699411167,0
                        63.8731042248738,15.692591078366608,0
                        63.815355071634166,15.607067320091248,0
                        63.23464492836583,15.997932679908752,0

                    </coordinates>
                </LinearRing>
            </outerBoundaryIs>

        </Polygon>

    </Placemark>
    
    <Placemark>

        <Style>
            <LineStyle>
                <width>0</width>
            </LineStyle>

            <PolyStyle>
                <color>b3ff1800</color>
                <outline>0</outline>
            </PolyStyle>
        </Style>

        <Polygon>
            <tessellate>1</tessellate>

            <outerBoundaryIs>
                <LinearRing>
                    <coordinates>

                        63.29356244179286,16.085186699411167,0
                        63.352487757079054,16.171891079422643,0
                        63.93084557625428,15.7775533650218,0
                        63.8731042248738,15.692591078366608,0
                        63.29356244179286,16.085186699411167,0

                    </coordinates>
                </LinearRing>
            </outerBoundaryIs>

        </Polygon>

    </Placemark>
    
    <Placemark>

        <Style>
            <LineStyle>
                <width>0</width>
            </LineStyle>

            <PolyStyle>
                <color>b3ff1a00</color>
                <outline>0</outline>
            </PolyStyle>
        </Style>

        <Polygon>
            <tessellate>1</tessellate>

            <outerBoundaryIs>
                <LinearRing>
                    <coordinates>

                        63.352487757079054,16.171891079422643,0
                        63.41142099740331,16.25804585140896,0
                        63.988579002596694,15.861954148591039,0
                        63.93084557625428,15.7775533650218,0
                        63.352487757079054,16.171891079422643,0

                    </coordinates>
                </LinearRing>
            </outerBoundaryIs>

        </Polygon>

    </Placemark>
    
    <Placemark>

        <Style>
            <LineStyle>
                <width>0</width>
            </LineStyle>

            <PolyStyle>
                <color>b3ff1d00</color>
                <outline>0</outline>
            </PolyStyle>
        </Style>

        <Polygon>
            <tessellate>1</tessellate>

            <outerBoundaryIs>
                <LinearRing>
                    <coordinates>

                        63.41142099740331,16.25804585140896,0
                        63.47036228797307,16.343651046262682,0
                        64.04630437869358,15.945793398181758,0
                        63.988579002596694,15.861954148591039,0
                        63.41142099740331,16.25804585140896,0

                    </coordinates>
                </LinearRing>
            </outerBoundaryIs>

        </Polygon>

    </Placemark>
    
    <Placemark>

        <Style>
            <LineStyle>
                <width>0</width>
            </LineStyle>

            <PolyStyle>
                <color>b3ff1f00</color>
                <outline>0</outline>
            </PolyStyle>
        </Style>

        <Polygon>
            <tessellate>1</tessellate>

            <outerBoundaryIs>
                <LinearRing>
                    <coordinates>

                        63.47036228797307,16.343651046262682,0
                        63.529311756051534,16.428706694265113,0
                        64.10402157728178,16.029071083512658,0
                        64.04630437869358,15.945793398181758,0
                        63.47036228797307,16.343651046262682,0

                    </coordinates>
                </LinearRing>
            </outerBoundaryIs>

        </Polygon>

    </Placemark>
    
    <Placemark>

        <Style>
            <LineStyle>
                <width>0</width>
            </LineStyle>

            <PolyStyle>
                <color>b3ff2200</color>
                <outline>0</outline>
            </PolyStyle>
        </Style>

        <Polygon>
            <tessellate>1</tessellate>

            <outerBoundaryIs>
                <LinearRing>
                    <coordinates>

                        63.529311756051534,16.428706694265113,0
                        63.58826953098479,16.513212825046928,0
                        64.16173046901521,16.111787174953072,0
                        64.10402157728178,16.029071083512658,0
                        63.529311756051534,16.428706694265113,0

                    </coordinates>
                </LinearRing>
            </outerBoundaryIs>

        </Polygon>

    </Placemark>
    
    <Placemark>

        <Style>
            <LineStyle>
                <width>0</width>
            </LineStyle>

            <PolyStyle>
                <color>b3ff2400</color>
                <outline>0</outline>
            </PolyStyle>
        </Style>

        <Polygon>
            <tessellate>1</tessellate>

            <outerBoundaryIs>
                <LinearRing>
                    <coordinates>

                        63.58826953098479,16.513212825046928,0
                        63.647235744228894,16.597169467547317,0
                        64.2194309224378,16.193941643563797,0
                        64.16173046901521,16.111787174953072,0
                        63.58826953098479,16.513212825046928,0

                    </coordinates>
                </LinearRing>
            </outerBoundaryIs>

        </Polygon>

    </Placemark>
    
    <Placemark>

        <Style>
            <LineStyle>
                <width>0</width>
            </LineStyle>

            <PolyStyle>
                <color>b3ff2600</color>
                <outline>0</outline>
            </PolyStyle>
        </Style>

        <Polygon>
            <tessellate>1</tessellate>

            <outerBoundaryIs>
                <LinearRing>
                    <coordinates>

                        63.647235744228894,16.597169467547317,0
                        63.70621052937666,16.68057664997158,0
                        64.27712280395669,16.275534461139532,0
                        64.2194309224378,16.193941643563797,0
                        63.647235744228894,16.597169467547317,0

                    </coordinates>
                </LinearRing>
            </outerBoundaryIs>

        </Polygon>

    </Placemark>
    
    <Placemark>

        <Style>
            <LineStyle>
                <width>0</width>
            </LineStyle>

            <PolyStyle>
                <color>b3ff2900</color>
                <outline>0</outline>
            </PolyStyle>
        </Style>

        <Polygon>
            <tessellate>1</tessellate>

            <outerBoundaryIs>
                <LinearRing>
                    <coordinates>

                        63.70621052937666,16.68057664997158,0
                        63.765194022184396,16.763434399747183,0
                        64.3348059778156,16.356565600252814,0
                        64.27712280395669,16.275534461139532,0
                        63.70621052937666,16.68057664997158,0

                    </coordinates>
                </LinearRing>
            </outerBoundaryIs>

        </Polygon>

    </Placemark>
    
    <Placemark>

        <Style>
            <LineStyle>
                <width>0</width>
            </LineStyle>

            <PolyStyle>
                <color>b3ff2b00</color>
                <outline>0</outline>
            </PolyStyle>
        </Style>

        <Polygon>
            <tessellate>1</tessellate>

            <outerBoundaryIs>
                <LinearRing>
                    <coordinates>

                        63.765194022184396,16.763434399747183,0
                        63.82418636059816,16.845742743478027,0
                        64.3924803060685,16.437035034299754,0
                        64.3348059778156,16.356565600252814,0
                        63.765194022184396,16.763434399747183,0

                    </coordinates>
                </LinearRing>
            </outerBoundaryIs>

        </Polygon>

    </Placemark>
    
    <Placemark>

        <Style>
            <LineStyle>
                <width>0</width>
            </LineStyle>

            <PolyStyle>
                <color>b3ff2e00</color>
                <outline>0</outline>
            </PolyStyle>
        </Style>

        <Polygon>
            <tessellate>1</tessellate>

            <outerBoundaryIs>
                <LinearRing>
                    <coordinates>

                        63.82418636059816,16.845742743478027,0
                        63.883187684779884,16.927501706897218,0
                        64.45014564855346,16.516942737547232,0
                        64.3924803060685,16.437035034299754,0
                        63.82418636059816,16.845742743478027,0

                    </coordinates>
                </LinearRing>
            </outerBoundaryIs>

        </Polygon>

    </Placemark>
    
    <Placemark>

        <Style>
            <LineStyle>
                <width>0</width>
            </LineStyle>

            <PolyStyle>
                <color>b3ff3000</color>
                <outline>0</outline>
            </PolyStyle>
        </Style>

        <Polygon>
            <tessellate>1</tessellate>

            <outerBoundaryIs>
                <LinearRing>
                    <coordinates>

                        63.883187684779884,16.927501706897218,0
                        63.942198137133104,17.008711314818115,0
                        64.50780186286688,16.596288685181875,0
                        64.45014564855346,16.516942737547232,0
                        63.883187684779884,16.927501706897218,0

                    </coordinates>
                </LinearRing>
            </outerBoundaryIs>

        </Polygon>

    </Placemark>
    
    <Placemark>

        <Style>
            <LineStyle>
                <width>0</width>
            </LineStyle>

            <PolyStyle>
                <color>b3ff3300</color>
                <outline>0</outline>
            </PolyStyle>
        </Style>

        <Polygon>
            <tessellate>1</tessellate>

            <outerBoundaryIs>
                <LinearRing>
                    <coordinates>

                        63.942198137133104,17.008711314818115,0
                        64.00121786232836,17.08937159108355,0
                        64.5654488043383,16.67507285336089,0
                        64.50780186286688,16.596288685181875,0
                        63.942198137133104,17.008711314818115,0

                    </coordinates>
                </LinearRing>
            </outerBoundaryIs>

        </Polygon>

    </Placemark>
    
    <Placemark>

        <Style>
            <LineStyle>
                <width>0</width>
            </LineStyle>

            <PolyStyle>
                <color>b3ff3500</color>
                <outline>0</outline>
            </PolyStyle>
        </Style>

        <Polygon>
            <tessellate>1</tessellate>

            <outerBoundaryIs>
                <LinearRing>
                    <coordinates>

                        64.00121786232836,17.08937159108355,0
                        64.06024700732797,17.16948255851316,0
                        64.62308632600536,16.753295219264622,0
                        64.5654488043383,16.67507285336089,0
                        64.00121786232836,17.08937159108355,0

                    </coordinates>
                </LinearRing>
            </outerBoundaryIs>

        </Polygon>

    </Placemark>
    
    <Placemark>

        <Style>
            <LineStyle>
                <width>0</width>
            </LineStyle>

            <PolyStyle>
                <color>b3ff3700</color>
                <outline>0</outline>
            </PolyStyle>
        </Style>

        <Polygon>
            <tessellate>1</tessellate>

            <outerBoundaryIs>
                <LinearRing>
                    <coordinates>

                        64.06024700732797,17.16948255851316,0
                        64.11928572141048,17.249044238849017,0
                        64.68071427858953,16.83095576115099,0
                        64.62308632600536,16.753295219264622,0
                        64.06024700732797,17.16948255851316,0

                    </coordinates>
                </LinearRing>
            </outerBoundaryIs>

        </Polygon>

    </Placemark>
    
    <Placemark>

        <Style>
            <LineStyle>
                <width>0</width>
            </LineStyle>

            <PolyStyle>
                <color>b3ff3a00</color>
                <outline>0</outline>
            </PolyStyle>
        </Style>

        <Polygon>
            <tessellate>1</tessellate>

            <outerBoundaryIs>
                <LinearRing>
                    <coordinates>

                        64.11928572141048,17.249044238849017,0
                        64.1783341561945,17.328056652699303,0
                        64.73833251047216,16.908054458411804,0
                        64.68071427858953,16.83095576115099,0
                        64.11928572141048,17.249044238849017,0

                    </coordinates>
                </LinearRing>
            </outerBoundaryIs>

        </Polygon>

    </Placemark>
    
    <Placemark>

        <Style>
            <LineStyle>
                <width>0</width>
            </LineStyle>

            <PolyStyle>
                <color>b3ff3c00</color>
                <outline>0</outline>
            </PolyStyle>
        </Style>

        <Polygon>
            <tessellate>1</tessellate>

            <outerBoundaryIs>
                <LinearRing>
                    <coordinates>

                        64.1783341561945,17.328056652699303,0
                        64.2373924656619,17.40651981947992,0
                        64.79594086767143,16.984591291631187,0
                        64.73833251047216,16.908054458411804,0
                        64.1783341561945,17.328056652699303,0

                    </coordinates>
                </LinearRing>
            </outerBoundaryIs>

        </Polygon>

    </Placemark>
    
    <Placemark>

        <Style>
            <LineStyle>
                <width>0</width>
            </LineStyle>

            <PolyStyle>
                <color>b3ff3f00</color>
                <outline>0</outline>
            </PolyStyle>
        </Style>

        <Polygon>
            <tessellate>1</tessellate>

            <outerBoundaryIs>
                <LinearRing>
                    <coordinates>

                        64.2373924656619,17.40651981947992,0
                        64.29646080618026,17.48443375735415,0
                        64.85353919381974,17.06056624264585,0
                        64.79594086767143,16.984591291631187,0
                        64.2373924656619,17.40651981947992,0

                    </coordinates>
                </LinearRing>
            </outerBoundaryIs>

        </Polygon>

    </Placemark>
    
    <Placemark>

        <Style>
            <LineStyle>
                <width>0</width>
            </LineStyle>

            <PolyStyle>
                <color>b3ff4100</color>
                <outline>0</outline>
            </PolyStyle>
        </Style>

        <Polygon>
            <tessellate>1</tessellate>

            <outerBoundaryIs>
                <LinearRing>
                    <coordinates>

                        64.29646080618026,17.48443375735415,0
                        64.35553933652473,17.56179848317036,0
                        64.91112733014192,17.135979294607413,0
                        64.85353919381974,17.06056624264585,0
                        64.29646080618026,17.48443375735415,0

                    </coordinates>
                </LinearRing>
            </outerBoundaryIs>

        </Polygon>

    </Placemark>
    
    <Placemark>

        <Style>
            <LineStyle>
                <width>0</width>
            </LineStyle>

            <PolyStyle>
                <color>b3ff4400</color>
                <outline>0</outline>
            </PolyStyle>
        </Style>

        <Polygon>
            <tessellate>1</tessellate>

            <outerBoundaryIs>
                <LinearRing>
                    <coordinates>

                        64.35553933652473,17.56179848317036,0
                        64.4146282178989,17.63861401239741,0
                        64.96870511543443,17.210830432047032,0
                        64.91112733014192,17.135979294607413,0
                        64.35553933652473,17.56179848317036,0

                    </coordinates>
                </LinearRing>
            </outerBoundaryIs>

        </Polygon>

    </Placemark>
    
    <Placemark>

        <Style>
            <LineStyle>
                <width>0</width>
            </LineStyle>

            <PolyStyle>
                <color>b3ff4600</color>
                <outline>0</outline>
            </PolyStyle>
        </Style>

        <Polygon>
            <tessellate>1</tessellate>

            <outerBoundaryIs>
                <LinearRing>
                    <coordinates>

                        64.4146282178989,17.63861401239741,0
                        64.47372761395478,17.71488035905797,0
                        65.02627238604522,17.28511964094203,0
                        64.96870511543443,17.210830432047032,0
                        64.4146282178989,17.63861401239741,0

                    </coordinates>
                </LinearRing>
            </outerBoundaryIs>

        </Polygon>

    </Placemark>
    
    <Placemark>

        <Style>
            <LineStyle>
                <width>0</width>
            </LineStyle>

            <PolyStyle>
                <color>b3ff4800</color>
                <outline>0</outline>
            </PolyStyle>
        </Style>

        <Polygon>
            <tessellate>1</tessellate>

            <outerBoundaryIs>
                <LinearRing>
                    <coordinates>

                        64.47372761395478,17.71488035905797,0
                        64.53283769081196,17.790597535659714,0
                        65.08382897585471,17.358846908784734,0
                        65.02627238604522,17.28511964094203,0
                        64.47372761395478,17.71488035905797,0

                    </coordinates>
                </LinearRing>
            </outerBoundaryIs>

        </Polygon>

    </Placemark>
    
    <Placemark>

        <Style>
            <LineStyle>
                <width>0</width>
            </LineStyle>

            <PolyStyle>
                <color>b3ff4b00</color>
                <outline>0</outline>
            </PolyStyle>
        </Style>

        <Polygon>
            <tessellate>1</tessellate>

            <outerBoundaryIs>
                <LinearRing>
                    <coordinates>

                        64.53283769081196,17.790597535659714,0
                        64.59195861707545,17.86576555312409,0
                        65.1413747162579,17.432012224653693,0
                        65.08382897585471,17.358846908784734,0
                        64.53283769081196,17.790597535659714,0

                    </coordinates>
                </LinearRing>
            </outerBoundaryIs>

        </Polygon>

    </Placemark>
    
    <Placemark>

        <Style>
            <LineStyle>
                <width>0</width>
            </LineStyle>

            <PolyStyle>
                <color>b3ff4d00</color>
                <outline>0</outline>
            </PolyStyle>
        </Style>

        <Polygon>
            <tessellate>1</tessellate>

            <outerBoundaryIs>
                <LinearRing>
                    <coordinates>

                        64.59195861707545,17.86576555312409,0
                        64.6510905638526,17.94038442071295,0
                        65.19890943614739,17.50461557928705,0
                        65.1413747162579,17.432012224653693,0
                        64.59195861707545,17.86576555312409,0

                    </coordinates>
                </LinearRing>
            </outerBoundaryIs>

        </Polygon>

    </Placemark>
    
    <Placemark>

        <Style>
            <LineStyle>
                <width>0</width>
            </LineStyle>

            <PolyStyle>
                <color>b3ff5000</color>
                <outline>0</outline>
            </PolyStyle>
        </Style>

        <Polygon>
            <tessellate>1</tessellate>

            <outerBoundaryIs>
                <LinearRing>
                    <coordinates>

                        64.6510905638526,17.94038442071295,0
                        64.71023370476863,18.014454145952616,0
                        65.25643296189804,17.576656965158495,0
                        65.19890943614739,17.50461557928705,0
                        64.6510905638526,17.94038442071295,0

                    </coordinates>
                </LinearRing>
            </outerBoundaryIs>

        </Polygon>

    </Placemark>
    
    <Placemark>

        <Style>
            <LineStyle>
                <width>0</width>
            </LineStyle>

            <PolyStyle>
                <color>b3ff5200</color>
                <outline>0</outline>
            </PolyStyle>
        </Style>

        <Polygon>
            <tessellate>1</tessellate>

            <outerBoundaryIs>
                <LinearRing>
                    <coordinates>

                        64.71023370476863,18.014454145952616,0
                        64.76938821598078,18.08797473455571,0
                        65.31394511735253,17.648136376555396,0
                        65.25643296189804,17.576656965158495,0
                        64.71023370476863,18.014454145952616,0

                    </coordinates>
                </LinearRing>
            </outerBoundaryIs>

        </Polygon>

    </Placemark>
    
    <Placemark>

        <Style>
            <LineStyle>
                <width>0</width>
            </LineStyle>

            <PolyStyle>
                <color>b3ff5500</color>
                <outline>0</outline>
            </PolyStyle>
        </Style>

        <Polygon>
            <tessellate>1</tessellate>

            <outerBoundaryIs>
                <LinearRing>
                    <coordinates>

                        64.76938821598078,18.08797473455571,0
                        64.82855427619127,18.160946190340447,0
                        65.37144572380872,17.71905380965955,0
                        65.31394511735253,17.648136376555396,0
                        64.76938821598078,18.08797473455571,0

                    </coordinates>
                </LinearRing>
            </outerBoundaryIs>

        </Polygon>

    </Placemark>
    
    <Placemark>

        <Style>
            <LineStyle>
                <width>0</width>
            </LineStyle>

            <PolyStyle>
                <color>b3ff5700</color>
                <outline>0</outline>
            </PolyStyle>
        </Style>

        <Polygon>
            <tessellate>1</tessellate>

            <outerBoundaryIs>
                <LinearRing>
                    <coordinates>

                        64.82855427619127,18.160946190340447,0
                        64.88773206665827,18.233368515147365,0
                        65.42893460000839,17.78940926263041,0
                        65.37144572380872,17.71905380965955,0
                        64.82855427619127,18.160946190340447,0

                    </coordinates>
                </LinearRing>
            </outerBoundaryIs>

        </Polygon>

    </Placemark>
    
    <Placemark>

        <Style>
            <LineStyle>
                <width>0</width>
            </LineStyle>

            <PolyStyle>
                <color>b3ff5900</color>
                <outline>0</outline>
            </PolyStyle>
        </Style>

        <Polygon>
            <tessellate>1</tessellate>

            <outerBoundaryIs>
                <LinearRing>
                    <coordinates>

                        64.88773206665827,18.233368515147365,0
                        64.94692177120567,18.305241708753638,0
                        65.48641156212767,17.859202735690804,0
                        65.42893460000839,17.78940926263041,0
                        64.88773206665827,18.233368515147365,0

                    </coordinates>
                </LinearRing>
            </outerBoundaryIs>

        </Polygon>

    </Placemark>
    
    <Placemark>

        <Style>
            <LineStyle>
                <width>0</width>
            </LineStyle>

            <PolyStyle>
                <color>b3ff5c00</color>
                <outline>0</outline>
            </PolyStyle>
        </Style>

        <Polygon>
            <tessellate>1</tessellate>

            <outerBoundaryIs>
                <LinearRing>
                    <coordinates>

                        64.94692177120567,18.305241708753638,0
                        65.00612357623076,18.37656576878466,0
                        65.54387642376925,17.92843423121534,0
                        65.48641156212767,17.859202735690804,0
                        64.94692177120567,18.305241708753638,0

                    </coordinates>
                </LinearRing>
            </outerBoundaryIs>

        </Polygon>

    </Placemark>
    
    <Placemark>

        <Style>
            <LineStyle>
                <width>0</width>
            </LineStyle>

            <PolyStyle>
                <color>b3ff5e00</color>
                <outline>0</outline>
            </PolyStyle>
        </Style>

        <Polygon>
            <tessellate>1</tessellate>

            <outerBoundaryIs>
                <LinearRing>
                    <coordinates>

                        65.00612357623076,18.37656576878466,0
                        65.06533767071011,18.44734069062305,0
                        65.60132899595658,17.9971037538214,0
                        65.54387642376925,17.92843423121534,0
                        65.00612357623076,18.37656576878466,0

                    </coordinates>
                </LinearRing>
            </outerBoundaryIs>

        </Polygon>

    </Placemark>
    
    <Placemark>

        <Style>
            <LineStyle>
                <width>0</width>
            </LineStyle>

            <PolyStyle>
                <color>b3ff6100</color>
                <outline>0</outline>
            </PolyStyle>
        </Style>

        <Polygon>
            <tessellate>1</tessellate>

            <outerBoundaryIs>
                <LinearRing>
                    <coordinates>

                        65.06533767071011,18.44734069062305,0
                        65.12456424620345,18.51756646731498,0
                        65.65876908712988,18.0652113104628,0
                        65.60132899595658,17.9971037538214,0
                        65.06533767071011,18.44734069062305,0

                    </coordinates>
                </LinearRing>
            </outerBoundaryIs>

        </Polygon>

    </Placemark>
    
    <Placemark>

        <Style>
            <LineStyle>
                <width>0</width>
            </LineStyle>

            <PolyStyle>
                <color>b3ff6300</color>
                <outline>0</outline>
            </PolyStyle>
        </Style>

        <Polygon>
            <tessellate>1</tessellate>

            <outerBoundaryIs>
                <LinearRing>
                    <coordinates>

                        65.12456424620345,18.51756646731498,0
                        65.18380349685532,18.58724308947368,0
                        65.71619650314469,18.132756910526318,0
                        65.65876908712988,18.0652113104628,0
                        65.12456424620345,18.51756646731498,0

                    </coordinates>
                </LinearRing>
            </outerBoundaryIs>

        </Polygon>

    </Placemark>
    
    <Placemark>

        <Style>
            <LineStyle>
                <width>0</width>
            </LineStyle>

            <PolyStyle>
                <color>b3ff6600</color>
                <outline>0</outline>
            </PolyStyle>
        </Style>

        <Polygon>
            <tessellate>1</tessellate>

            <outerBoundaryIs>
                <LinearRing>
                    <coordinates>

                        65.18380349685532,18.58724308947368,0
                        65.24305561939445,18.656370545180334,0
                        65.7736110472722,18.19974056593077,0
                        65.71619650314469,18.132756910526318,0
                        65.18380349685532,18.58724308947368,0

                    </coordinates>
                </LinearRing>
            </outerBoundaryIs>

        </Polygon>

    </Placemark>
    
    <Placemark>

        <Style>
            <LineStyle>
                <width>0</width>
            </LineStyle>

            <PolyStyle>
                <color>b3ff6800</color>
                <outline>0</outline>
            </PolyStyle>
        </Style>

        <Polygon>
            <tessellate>1</tessellate>

            <outerBoundaryIs>
                <LinearRing>
                    <coordinates>

                        65.24305561939445,18.656370545180334,0
                        65.30232081313076,18.724948819882076,0
                        65.83101252020256,18.266162291229033,0
                        65.7736110472722,18.19974056593077,0
                        65.24305561939445,18.656370545180334,0

                    </coordinates>
                </LinearRing>
            </outerBoundaryIs>

        </Polygon>

    </Placemark>
    
    <Placemark>

        <Style>
            <LineStyle>
                <width>0</width>
            </LineStyle>

            <PolyStyle>
                <color>b3ff6a00</color>
                <outline>0</outline>
            </PolyStyle>
        </Style>

        <Polygon>
            <tessellate>1</tessellate>

            <outerBoundaryIs>
                <LinearRing>
                    <coordinates>

                        65.30232081313076,18.724948819882076,0
                        65.3615992799496,18.792977896287113,0
                        65.8884007200504,18.332022103712887,0
                        65.83101252020256,18.266162291229033,0
                        65.30232081313076,18.724948819882076,0

                    </coordinates>
                </LinearRing>
            </outerBoundaryIs>

        </Polygon>

    </Placemark>
    
    <Placemark>

        <Style>
            <LineStyle>
                <width>0</width>
            </LineStyle>

            <PolyStyle>
                <color>b3ff6d00</color>
                <outline>0</outline>
            </PolyStyle>
        </Style>

        <Polygon>
            <tessellate>1</tessellate>

            <outerBoundaryIs>
                <LinearRing>
                    <coordinates>

                        65.3615992799496,18.792977896287113,0
                        65.42089122430345,18.860457754257155,0
                        65.94577544236323,18.397320023520628,0
                        65.8884007200504,18.332022103712887,0
                        65.3615992799496,18.792977896287113,0

                    </coordinates>
                </LinearRing>
            </outerBoundaryIs>

        </Polygon>

    </Placemark>
    
    <Placemark>

        <Style>
            <LineStyle>
                <width>0</width>
            </LineStyle>

            <PolyStyle>
                <color>b3ff6f00</color>
                <outline>0</outline>
            </PolyStyle>
        </Style>

        <Polygon>
            <tessellate>1</tessellate>

            <outerBoundaryIs>
                <LinearRing>
                    <coordinates>

                        65.42089122430345,18.860457754257155,0
                        65.48019685320055,18.92738837069679,0
                        66.0031364801328,18.46205607374766,0
                        65.94577544236323,18.397320023520628,0
                        65.42089122430345,18.860457754257155,0

                    </coordinates>
                </LinearRing>
            </outerBoundaryIs>

        </Polygon>

    </Placemark>
    
    <Placemark>

        <Style>
            <LineStyle>
                <width>0</width>
            </LineStyle>

            <PolyStyle>
                <color>b3ff7200</color>
                <outline>0</outline>
            </PolyStyle>
        </Style>

        <Polygon>
            <tessellate>1</tessellate>

            <outerBoundaryIs>
                <LinearRing>
                    <coordinates>

                        65.48019685320055,18.92738837069679,0
                        65.53951637619052,18.99376971944006,0
                        66.06048362380947,18.526230280559936,0
                        66.0031364801328,18.46205607374766,0
                        65.48019685320055,18.92738837069679,0

                    </coordinates>
                </LinearRing>
            </outerBoundaryIs>

        </Polygon>

    </Placemark>
    
    <Placemark>

        <Style>
            <LineStyle>
                <width>0</width>
            </LineStyle>

            <PolyStyle>
                <color>b3ff7400</color>
                <outline>0</outline>
            </PolyStyle>
        </Style>

        <Polygon>
            <tessellate>1</tessellate>

            <outerBoundaryIs>
                <LinearRing>
                    <coordinates>

                        65.53951637619052,18.99376971944006,0
                        65.59885000534678,19.05960177113405,0
                        66.11781666131989,18.589842673310397,0
                        66.06048362380947,18.526230280559936,0
                        65.53951637619052,18.99376971944006,0

                    </coordinates>
                </LinearRing>
            </outerBoundaryIs>

        </Polygon>

    </Placemark>
    
    <Placemark>

        <Style>
            <LineStyle>
                <width>0</width>
            </LineStyle>

            <PolyStyle>
                <color>b3ff7700</color>
                <outline>0</outline>
            </PolyStyle>
        </Style>

        <Polygon>
            <tessellate>1</tessellate>

            <outerBoundaryIs>
                <LinearRing>
                    <coordinates>

                        65.59885000534678,19.05960177113405,0
                        65.65819795524534,19.124884493119573,0
                        66.17513537808797,18.652893284658205,0
                        66.11781666131989,18.589842673310397,0
                        65.59885000534678,19.05960177113405,0

                    </coordinates>
                </LinearRing>
            </outerBoundaryIs>

        </Polygon>

    </Placemark>
    
    <Placemark>

        <Style>
            <LineStyle>
                <width>0</width>
            </LineStyle>

            <PolyStyle>
                <color>b3ff7900</color>
                <outline>0</outline>
            </PolyStyle>
        </Style>

        <Polygon>
            <tessellate>1</tessellate>

            <outerBoundaryIs>
                <LinearRing>
                    <coordinates>

                        65.65819795524534,19.124884493119573,0
                        65.71756044294024,19.189617849308892,0
                        66.23243955705975,18.715382150691102,0
                        66.17513537808797,18.652893284658205,0
                        65.65819795524534,19.124884493119573,0

                    </coordinates>
                </LinearRing>
            </outerBoundaryIs>

        </Polygon>

    </Placemark>
    
    <Placemark>

        <Style>
            <LineStyle>
                <width>0</width>
            </LineStyle>

            <PolyStyle>
                <color>b3ff7b00</color>
                <outline>0</outline>
            </PolyStyle>
        </Style>

        <Polygon>
            <tessellate>1</tessellate>

            <outerBoundaryIs>
                <LinearRing>
                    <coordinates>

                        65.71756044294024,19.189617849308892,0
                        65.77693768793488,19.253801800060497,0
                        66.28972897873179,18.77730931105061,0
                        66.23243955705975,18.715382150691102,0
                        65.71756044294024,19.189617849308892,0

                    </coordinates>
                </LinearRing>
            </outerBoundaryIs>

        </Polygon>

    </Placemark>
    
    <Placemark>

        <Style>
            <LineStyle>
                <width>0</width>
            </LineStyle>

            <PolyStyle>
                <color>b3ff7e00</color>
                <outline>0</outline>
            </PolyStyle>
        </Style>

        <Polygon>
            <tessellate>1</tessellate>

            <outerBoundaryIs>
                <LinearRing>
                    <coordinates>

                        65.77693768793488,19.253801800060497,0
                        65.83632991214965,19.317436302050993,0
                        66.34700342118369,18.838674809060116,0
                        66.28972897873179,18.77730931105061,0
                        65.77693768793488,19.253801800060497,0

                    </coordinates>
                </LinearRing>
            </outerBoundaryIs>

        </Polygon>

    </Placemark>
    
    <Placemark>

        <Style>
            <LineStyle>
                <width>0</width>
            </LineStyle>

            <PolyStyle>
                <color>b3ff8000</color>
                <outline>0</outline>
            </PolyStyle>
        </Style>

        <Polygon>
            <tessellate>1</tessellate>

            <outerBoundaryIs>
                <LinearRing>
                    <coordinates>

                        65.83632991214965,19.317436302050993,0
                        65.89573733988507,19.380521308143955,0
                        66.40426266011494,18.899478691856046,0
                        66.34700342118369,18.838674809060116,0
                        65.83632991214965,19.317436302050993,0

                    </coordinates>
                </LinearRing>
            </outerBoundaryIs>

        </Polygon>

    </Placemark>
    
    <Placemark>

        <Style>
            <LineStyle>
                <width>0</width>
            </LineStyle>

            <PolyStyle>
                <color>b3ff8300</color>
                <outline>0</outline>
            </PolyStyle>
        </Style>

        <Polygon>
            <tessellate>1</tessellate>

            <outerBoundaryIs>
                <LinearRing>
                    <coordinates>

                        65.89573733988507,19.380521308143955,0
                        65.95516019778069,19.443056767255946,0
                        66.461506468886,18.95972101052184,0
                        66.40426266011494,18.899478691856046,0
                        65.89573733988507,19.380521308143955,0

                    </coordinates>
                </LinearRing>
            </outerBoundaryIs>

        </Polygon>

    </Placemark>
    
    <Placemark>

        <Style>
            <LineStyle>
                <width>0</width>
            </LineStyle>

            <PolyStyle>
                <color>b3ff8500</color>
                <outline>0</outline>
            </PolyStyle>
        </Style>

        <Polygon>
            <tessellate>1</tessellate>

            <outerBoundaryIs>
                <LinearRing>
                    <coordinates>

                        65.95516019778069,19.443056767255946,0
                        66.01459871476911,19.5050426242196,0
                        66.51873461856422,19.019401820224843,0
                        66.461506468886,18.95972101052184,0
                        65.95516019778069,19.443056767255946,0

                    </coordinates>
                </LinearRing>
            </outerBoundaryIs>

        </Polygon>

    </Placemark>
    
    <Placemark>

        <Style>
            <LineStyle>
                <width>0</width>
            </LineStyle>

            <PolyStyle>
                <color>b3ff8800</color>
                <outline>0</outline>
            </PolyStyle>
        </Style>

        <Polygon>
            <tessellate>1</tessellate>

            <outerBoundaryIs>
                <LinearRing>
                    <coordinates>

                        66.01459871476911,19.5050426242196,0
                        66.07405312202543,19.56647881964387,0
                        66.57594687797457,19.078521180356134,0
                        66.51873461856422,19.019401820224843,0
                        66.01459871476911,19.5050426242196,0

                    </coordinates>
                </LinearRing>
            </outerBoundaryIs>

        </Polygon>

    </Placemark>
    
    <Placemark>

        <Style>
            <LineStyle>
                <width>0</width>
            </LineStyle>

            <PolyStyle>
                <color>b3ff8a00</color>
                <outline>0</outline>
            </PolyStyle>
        </Style>

        <Polygon>
            <tessellate>1</tessellate>

            <outerBoundaryIs>
                <LinearRing>
                    <coordinates>

                        66.07405312202543,19.56647881964387,0
                        66.13352365291128,19.627365289771422,0
                        66.63314301375537,19.137079154673014,0
                        66.57594687797457,19.078521180356134,0
                        66.07405312202543,19.56647881964387,0

                    </coordinates>
                </LinearRing>
            </outerBoundaryIs>

        </Polygon>

    </Placemark>
    
    <Placemark>

        <Style>
            <LineStyle>
                <width>0</width>
            </LineStyle>

            <PolyStyle>
                <color>b3ff8c00</color>
                <outline>0</outline>
            </PolyStyle>
        </Style>

        <Polygon>
            <tessellate>1</tessellate>

            <outerBoundaryIs>
                <LinearRing>
                    <coordinates>

                        66.13352365291128,19.627365289771422,0
                        66.19301054291371,19.68770196633334,0
                        66.69032279041961,19.195075811444436,0
                        66.63314301375537,19.137079154673014,0
                        66.13352365291128,19.627365289771422,0

                    </coordinates>
                </LinearRing>
            </outerBoundaryIs>

        </Polygon>

    </Placemark>
    
    <Placemark>

        <Style>
            <LineStyle>
                <width>0</width>
            </LineStyle>

            <PolyStyle>
                <color>b3ff8f00</color>
                <outline>0</outline>
            </PolyStyle>
        </Style>

        <Polygon>
            <tessellate>1</tessellate>

            <outerBoundaryIs>
                <LinearRing>
                    <coordinates>

                        66.19301054291371,19.68770196633334,0
                        66.25251402957834,19.747488776400967,0
                        66.74748597042166,19.252511223599033,0
                        66.69032279041961,19.195075811444436,0
                        66.19301054291371,19.68770196633334,0

                    </coordinates>
                </LinearRing>
            </outerBoundaryIs>

        </Polygon>

    </Placemark>
    
    <Placemark>

        <Style>
            <LineStyle>
                <width>0</width>
            </LineStyle>

            <PolyStyle>
                <color>b3ff9100</color>
                <outline>0</outline>
            </PolyStyle>
        </Style>

        <Polygon>
            <tessellate>1</tessellate>

            <outerBoundaryIs>
                <LinearRing>
                    <coordinates>

                        66.25251402957834,19.747488776400967,0
                        66.31203435243675,19.80672564223529,0
                        66.80463231422992,19.30938546887582,0
                        66.74748597042166,19.252511223599033,0
                        66.25251402957834,19.747488776400967,0

                    </coordinates>
                </LinearRing>
            </outerBoundaryIs>

        </Polygon>

    </Placemark>
    
    <Placemark>

        <Style>
            <LineStyle>
                <width>0</width>
            </LineStyle>

            <PolyStyle>
                <color>b3ff9400</color>
                <outline>0</outline>
            </PolyStyle>
        </Style>

        <Polygon>
            <tessellate>1</tessellate>

            <outerBoundaryIs>
                <LinearRing>
                    <coordinates>

                        66.31203435243675,19.80672564223529,0
                        66.37157175292784,19.865412481133692,0
                        66.86176158040549,19.36569862997742,0
                        66.80463231422992,19.30938546887582,0
                        66.31203435243675,19.80672564223529,0

                    </coordinates>
                </LinearRing>
            </outerBoundaryIs>

        </Polygon>

    </Placemark>
    
    <Placemark>

        <Style>
            <LineStyle>
                <width>0</width>
            </LineStyle>

            <PolyStyle>
                <color>b3ff9600</color>
                <outline>0</outline>
            </PolyStyle>
        </Style>

        <Polygon>
            <tessellate>1</tessellate>

            <outerBoundaryIs>
                <LinearRing>
                    <coordinates>

                        66.37157175292784,19.865412481133692,0
                        66.43112647431259,19.923549205274174,0
                        66.9188735256874,19.421450794725825,0
                        66.86176158040549,19.36569862997742,0
                        66.37157175292784,19.865412481133692,0

                    </coordinates>
                </LinearRing>
            </outerBoundaryIs>

        </Polygon>

    </Placemark>
    
    <Placemark>

        <Style>
            <LineStyle>
                <width>0</width>
            </LineStyle>

            <PolyStyle>
                <color>b3ff9900</color>
                <outline>0</outline>
            </PolyStyle>
        </Style>

        <Polygon>
            <tessellate>1</tessellate>

            <outerBoundaryIs>
                <LinearRing>
                    <coordinates>

                        66.43112647431259,19.923549205274174,0
                        66.49069876158237,19.98113572155725,0
                        66.9759679050843,19.476642056220527,0
                        66.9188735256874,19.421450794725825,0
                        66.43112647431259,19.923549205274174,0

                    </coordinates>
                </LinearRing>
            </outerBoundaryIs>

        </Polygon>

    </Placemark>
    
    <Placemark>

        <Style>
            <LineStyle>
                <width>0</width>
            </LineStyle>

            <PolyStyle>
                <color>b3ff9b00</color>
                <outline>0</outline>
            </PolyStyle>
        </Style>

        <Polygon>
            <tessellate>1</tessellate>

            <outerBoundaryIs>
                <LinearRing>
                    <coordinates>

                        66.49069876158237,19.98113572155725,0
                        66.55028886136034,20.038171931445785,0
                        67.03304447197297,19.531272512998658,0
                        66.9759679050843,19.476642056220527,0
                        66.49069876158237,19.98113572155725,0

                    </coordinates>
                </LinearRing>
            </outerBoundaryIs>

        </Polygon>

    </Placemark>
    
    <Placemark>

        <Style>
            <LineStyle>
                <width>0</width>
            </LineStyle>

            <PolyStyle>
                <color>b3ff9d00</color>
                <outline>0</outline>
            </PolyStyle>
        </Style>

        <Polygon>
            <tessellate>1</tessellate>

            <outerBoundaryIs>
                <LinearRing>
                    <coordinates>

                        66.55028886136034,20.038171931445785,0
                        66.60989702179573,20.094657730802425,0
                        67.09010297820426,19.585342269197575,0
                        67.03304447197297,19.531272512998658,0
                        66.55028886136034,20.038171931445785,0

                    </coordinates>
                </LinearRing>
            </outerBoundaryIs>

        </Polygon>

    </Placemark>
    
    <Placemark>

        <Style>
            <LineStyle>
                <width>0</width>
            </LineStyle>

            <PolyStyle>
                <color>b3ffa000</color>
                <outline>0</outline>
            </PolyStyle>
        </Style>

        <Polygon>
            <tessellate>1</tessellate>

            <outerBoundaryIs>
                <LinearRing>
                    <coordinates>

                        66.60989702179573,20.094657730802425,0
                        66.66952349245031,20.150593009725256,0
                        67.14714317421635,19.638851434719186,0
                        67.09010297820426,19.585342269197575,0
                        66.60989702179573,20.094657730802425,0

                    </coordinates>
                </LinearRing>
            </outerBoundaryIs>

        </Polygon>

    </Placemark>
    
    <Placemark>

        <Style>
            <LineStyle>
                <width>0</width>
            </LineStyle>

            <PolyStyle>
                <color>b3ffa200</color>
                <outline>0</outline>
            </PolyStyle>
        </Style>

        <Polygon>
            <tessellate>1</tessellate>

            <outerBoundaryIs>
                <LinearRing>
                    <coordinates>

                        66.66952349245031,20.150593009725256,0
                        66.72916852417764,20.205977652381694,0
                        67.2041648091557,19.69180012539608,0
                        67.14714317421635,19.638851434719186,0
                        66.66952349245031,20.150593009725256,0

                    </coordinates>
                </LinearRing>
            </outerBoundaryIs>

        </Polygon>

    </Placemark>
    
    <Placemark>

        <Style>
            <LineStyle>
                <width>0</width>
            </LineStyle>

            <PolyStyle>
                <color>b3ffa500</color>
                <outline>0</outline>
            </PolyStyle>
        </Style>

        <Polygon>
            <tessellate>1</tessellate>

            <outerBoundaryIs>
                <LinearRing>
                    <coordinates>

                        66.72916852417764,20.205977652381694,0
                        66.78883236899398,20.26081153684069,0
                        67.26116763100603,19.74418846315931,0
                        67.2041648091557,19.69180012539608,0
                        66.72916852417764,20.205977652381694,0

                    </coordinates>
                </LinearRing>
            </outerBoundaryIs>

        </Polygon>

    </Placemark>
    
    <Placemark>

        <Style>
            <LineStyle>
                <width>0</width>
            </LineStyle>

            <PolyStyle>
                <color>b3ffa700</color>
                <outline>0</outline>
            </PolyStyle>
        </Style>

        <Polygon>
            <tessellate>1</tessellate>

            <outerBoundaryIs>
                <LinearRing>
                    <coordinates>

                        66.78883236899398,20.26081153684069,0
                        66.84851527994087,20.315094534903494,0
                        67.31815138672582,19.79601657620762,0
                        67.26116763100603,19.74418846315931,0
                        66.78883236899398,20.26081153684069,0

                    </coordinates>
                </LinearRing>
            </outerBoundaryIs>

        </Polygon>

    </Placemark>
    
    <Placemark>

        <Style>
            <LineStyle>
                <width>0</width>
            </LineStyle>

            <PolyStyle>
                <color>b3ffaa00</color>
                <outline>0</outline>
            </PolyStyle>
        </Style>

        <Polygon>
            <tessellate>1</tessellate>

            <outerBoundaryIs>
                <LinearRing>
                    <coordinates>

                        66.84851527994087,20.315094534903494,0
                        66.90821751093932,20.36882651193335,0
                        67.37511582239401,19.847284599177762,0
                        67.31815138672582,19.79601657620762,0
                        66.84851527994087,20.315094534903494,0

                    </coordinates>
                </LinearRing>
            </outerBoundaryIs>

        </Polygon>

    </Placemark>
    
    <Placemark>

        <Style>
            <LineStyle>
                <width>0</width>
            </LineStyle>

            <PolyStyle>
                <color>b3ffac00</color>
                <outline>0</outline>
            </PolyStyle>
        </Style>

        <Polygon>
            <tessellate>1</tessellate>

            <outerBoundaryIs>
                <LinearRing>
                    <coordinates>

                        66.90821751093932,20.36882651193335,0
                        66.96793931663495,20.422007326684096,0
                        67.43206068336505,19.897992673315905,0
                        67.37511582239401,19.847284599177762,0
                        66.90821751093932,20.36882651193335,0

                    </coordinates>
                </LinearRing>
            </outerBoundaryIs>

        </Polygon>

    </Placemark>
    
    <Placemark>

        <Style>
            <LineStyle>
                <width>0</width>
            </LineStyle>

            <PolyStyle>
                <color>b3ffae00</color>
                <outline>0</outline>
            </PolyStyle>
        </Style>

        <Polygon>
            <tessellate>1</tessellate>

            <outerBoundaryIs>
                <LinearRing>
                    <coordinates>

                        66.96793931663495,20.422007326684096,0
                        67.02768095223394,20.47463683112809,0
                        67.48898571443274,19.94814094664969,0
                        67.43206068336505,19.897992673315905,0
                        66.96793931663495,20.422007326684096,0

                    </coordinates>
                </LinearRing>
            </outerBoundaryIs>

        </Polygon>

    </Placemark>
    
    <Placemark>

        <Style>
            <LineStyle>
                <width>0</width>
            </LineStyle>

            <PolyStyle>
                <color>b3ffb100</color>
                <outline>0</outline>
            </PolyStyle>
        </Style>

        <Polygon>
            <tessellate>1</tessellate>

            <outerBoundaryIs>
                <LinearRing>
                    <coordinates>

                        67.02768095223394,20.47463683112809,0
                        67.08744267332968,20.52671487028383,0
                        67.54589066000365,19.997729574160612,0
                        67.48898571443274,19.94814094664969,0
                        67.02768095223394,20.47463683112809,0

                    </coordinates>
                </LinearRing>
            </outerBoundaryIs>

        </Polygon>

    </Placemark>
    
    <Placemark>

        <Style>
            <LineStyle>
                <width>0</width>
            </LineStyle>

            <PolyStyle>
                <color>b3ffb300</color>
                <outline>0</outline>
            </PolyStyle>
        </Style>

        <Polygon>
            <tessellate>1</tessellate>

            <outerBoundaryIs>
                <LinearRing>
                    <coordinates>

                        67.08744267332968,20.52671487028383,0
                        67.14722473571958,20.57824128204324,0
                        67.60277526428042,20.04675871795676,0
                        67.54589066000365,19.997729574160612,0
                        67.08744267332968,20.52671487028383,0

                    </coordinates>
                </LinearRing>
            </outerBoundaryIs>

        </Polygon>

    </Placemark>
    
    <Placemark>

        <Style>
            <LineStyle>
                <width>0</width>
            </LineStyle>

            <PolyStyle>
                <color>b3ffb600</color>
                <outline>0</outline>
            </PolyStyle>
        </Style>

        <Polygon>
            <tessellate>1</tessellate>

            <outerBoundaryIs>
                <LinearRing>
                    <coordinates>

                        67.14722473571958,20.57824128204324,0
                        67.20702739521181,20.62921589699924,0
                        67.65963927145486,20.095228547445203,0
                        67.60277526428042,20.04675871795676,0
                        67.14722473571958,20.57824128204324,0

                    </coordinates>
                </LinearRing>
            </outerBoundaryIs>

        </Polygon>

    </Placemark>
    
    <Placemark>

        <Style>
            <LineStyle>
                <width>0</width>
            </LineStyle>

            <PolyStyle>
                <color>b3ffb800</color>
                <outline>0</outline>
            </PolyStyle>
        </Style>

        <Polygon>
            <tessellate>1</tessellate>

            <outerBoundaryIs>
                <LinearRing>
                    <coordinates>

                        67.20702739521181,20.62921589699924,0
                        67.26685090742185,20.67963853827389,0
                        67.7164824259115,20.143139239503892,0
                        67.65963927145486,20.095228547445203,0
                        67.20702739521181,20.62921589699924,0

                    </coordinates>
                </LinearRing>
            </outerBoundaryIs>

        </Polygon>

    </Placemark>
    
    <Placemark>

        <Style>
            <LineStyle>
                <width>0</width>
            </LineStyle>

            <PolyStyle>
                <color>b3ffbb00</color>
                <outline>0</outline>
            </PolyStyle>
        </Style>

        <Polygon>
            <tessellate>1</tessellate>

            <outerBoundaryIs>
                <LinearRing>
                    <coordinates>

                        67.26685090742185,20.67963853827389,0
                        67.32669552755846,20.72950902134735,0
                        67.77330447244154,20.19049097865265,0
                        67.7164824259115,20.143139239503892,0
                        67.26685090742185,20.67963853827389,0

                    </coordinates>
                </LinearRing>
            </outerBoundaryIs>

        </Polygon>

    </Placemark>
    
    <Placemark>

        <Style>
            <LineStyle>
                <width>0</width>
            </LineStyle>

            <PolyStyle>
                <color>b3ffbd00</color>
                <outline>0</outline>
            </PolyStyle>
        </Style>

        <Polygon>
            <tessellate>1</tessellate>

            <outerBoundaryIs>
                <LinearRing>
                    <coordinates>

                        67.32669552755846,20.72950902134735,0
                        67.38656151019879,20.778827153888138,0
                        67.83010515646788,20.237283957222978,0
                        67.77330447244154,20.19049097865265,0
                        67.32669552755846,20.72950902134735,0

                    </coordinates>
                </LinearRing>
            </outerBoundaryIs>

        </Polygon>

    </Placemark>
    
    <Placemark>

        <Style>
            <LineStyle>
                <width>0</width>
            </LineStyle>

            <PolyStyle>
                <color>b3ffbf00</color>
                <outline>0</outline>
            </PolyStyle>
        </Style>

        <Polygon>
            <tessellate>1</tessellate>

            <outerBoundaryIs>
                <LinearRing>
                    <coordinates>

                        67.38656151019879,20.778827153888138,0
                        67.44644910905234,20.82759273558501,0
                        67.886884224281,20.283518375526103,0
                        67.83010515646788,20.237283957222978,0
                        67.38656151019879,20.778827153888138,0

                    </coordinates>
                </LinearRing>
            </outerBoundaryIs>

        </Polygon>

    </Placemark>
    
    <Placemark>

        <Style>
            <LineStyle>
                <width>0</width>
            </LineStyle>

            <PolyStyle>
                <color>b3ffc200</color>
                <outline>0</outline>
            </PolyStyle>
        </Style>

        <Polygon>
            <tessellate>1</tessellate>

            <outerBoundaryIs>
                <LinearRing>
                    <coordinates>

                        67.44644910905234,20.82759273558501,0
                        67.50635857671388,20.875805557981217,0
                        67.94364142328611,20.329194442018782,0
                        67.886884224281,20.283518375526103,0
                        67.44644910905234,20.82759273558501,0

                    </coordinates>
                </LinearRing>
            </outerBoundaryIs>

        </Polygon>

    </Placemark>
    
    <Placemark>

        <Style>
            <LineStyle>
                <width>0</width>
            </LineStyle>

            <PolyStyle>
                <color>b3ffc400</color>
                <outline>0</outline>
            </PolyStyle>
        </Style>

        <Polygon>
            <tessellate>1</tessellate>

            <outerBoundaryIs>
                <LinearRing>
                    <coordinates>

                        67.50635857671388,20.875805557981217,0
                        67.56629016440462,20.92346540431106,0
                        68.00037650226204,20.374312373466722,0
                        67.94364142328611,20.329194442018782,0
                        67.50635857671388,20.875805557981217,0

                    </coordinates>
                </LinearRing>
            </outerBoundaryIs>

        </Polygon>

    </Placemark>
    
    <Placemark>

        <Style>
            <LineStyle>
                <width>0</width>
            </LineStyle>

            <PolyStyle>
                <color>b3ffc700</color>
                <outline>0</outline>
            </PolyStyle>
        </Style>

        <Polygon>
            <tessellate>1</tessellate>

            <outerBoundaryIs>
                <LinearRing>
                    <coordinates>

                        67.56629016440462,20.92346540431106,0
                        67.62624412170149,20.970572049339673,0
                        68.05708921163185,20.41887239510477,0
                        68.00037650226204,20.374312373466722,0
                        67.56629016440462,20.92346540431106,0

                    </coordinates>
                </LinearRing>
            </outerBoundaryIs>

        </Polygon>

    </Placemark>
    
    <Placemark>

        <Style>
            <LineStyle>
                <width>0</width>
            </LineStyle>

            <PolyStyle>
                <color>b3ffc900</color>
                <outline>0</outline>
            </PolyStyle>
        </Style>

        <Polygon>
            <tessellate>1</tessellate>

            <outerBoundaryIs>
                <LinearRing>
                    <coordinates>

                        67.62624412170149,20.970572049339673,0
                        67.68622069625494,21.017125259206505,0
                        68.11377930374508,20.4628747407935,0
                        68.05708921163185,20.41887239510477,0
                        67.62624412170149,20.970572049339673,0

                    </coordinates>
                </LinearRing>
            </outerBoundaryIs>

        </Polygon>

    </Placemark>
    
    <Placemark>

        <Style>
            <LineStyle>
                <width>0</width>
            </LineStyle>

            <PolyStyle>
                <color>b3ffcc00</color>
                <outline>0</outline>
            </PolyStyle>
        </Style>

        <Polygon>
            <tessellate>1</tessellate>

            <outerBoundaryIs>
                <LinearRing>
                    <coordinates>

                        67.68622069625494,21.017125259206505,0
                        67.74622013349415,21.063124791272845,0
                        68.17044653317251,20.506319653171598,0
                        68.11377930374508,20.4628747407935,0
                        67.68622069625494,21.017125259206505,0

                    </coordinates>
                </LinearRing>
            </outerBoundaryIs>

        </Polygon>

    </Placemark>
    
    <Placemark>

        <Style>
            <LineStyle>
                <width>0</width>
            </LineStyle>

            <PolyStyle>
                <color>b3ffce00</color>
                <outline>0</outline>
            </PolyStyle>
        </Style>

        <Polygon>
            <tessellate>1</tessellate>

            <outerBoundaryIs>
                <LinearRing>
                    <coordinates>

                        67.74622013349415,21.063124791272845,0
                        67.80624267632031,21.108570393974084,0
                        68.22709065701302,20.549207383803697,0
                        68.17044653317251,20.506319653171598,0
                        67.74622013349415,21.063124791272845,0

                    </coordinates>
                </LinearRing>
            </outerBoundaryIs>

        </Polygon>

    </Placemark>
    
    <Placemark>

        <Style>
            <LineStyle>
                <width>0</width>
            </LineStyle>

            <PolyStyle>
                <color>b3ffd000</color>
                <outline>0</outline>
            </PolyStyle>
        </Style>

        <Polygon>
            <tessellate>1</tessellate>

            <outerBoundaryIs>
                <LinearRing>
                    <coordinates>

                        67.80624267632031,21.108570393974084,0
                        67.86628856478717,21.153461806677353,0
                        68.28371143521284,20.591538193322652,0
                        68.22709065701302,20.549207383803697,0
                        67.80624267632031,21.108570393974084,0

                    </coordinates>
                </LinearRing>
            </outerBoundaryIs>

        </Polygon>

    </Placemark>
    
    <Placemark>

        <Style>
            <LineStyle>
                <width>0</width>
            </LineStyle>

            <PolyStyle>
                <color>b3ffd300</color>
                <outline>0</outline>
            </PolyStyle>
        </Style>

        <Polygon>
            <tessellate>1</tessellate>

            <outerBoundaryIs>
                <LinearRing>
                    <coordinates>

                        67.86628856478717,21.153461806677353,0
                        67.92635803576943,21.197798759545194,0
                        68.34030863089723,20.63331235156592,0
                        68.28371143521284,20.591538193322652,0
                        67.86628856478717,21.153461806677353,0

                    </coordinates>
                </LinearRing>
            </outerBoundaryIs>

        </Polygon>

    </Placemark>
    
    <Placemark>

        <Style>
            <LineStyle>
                <width>0</width>
            </LineStyle>

            <PolyStyle>
                <color>b3ffd500</color>
                <outline>0</outline>
            </PolyStyle>
        </Style>

        <Polygon>
            <tessellate>1</tessellate>

            <outerBoundaryIs>
                <LinearRing>
                    <coordinates>

                        67.92635803576943,21.197798759545194,0
                        67.98645132261828,21.241580973405707,0
                        68.39688201071505,20.6745301377054,0
                        68.34030863089723,20.63331235156592,0
                        67.92635803576943,21.197798759545194,0

                    </coordinates>
                </LinearRing>
            </outerBoundaryIs>

        </Polygon>

    </Placemark>
    
    <Placemark>

        <Style>
            <LineStyle>
                <width>0</width>
            </LineStyle>

            <PolyStyle>
                <color>b3ffd800</color>
                <outline>0</outline>
            </PolyStyle>
        </Style>

        <Polygon>
            <tessellate>1</tessellate>

            <outerBoundaryIs>
                <LinearRing>
                    <coordinates>

                        67.98645132261828,21.241580973405707,0
                        68.04656865480439,21.28480815963014,0
                        68.45343134519561,20.71519184036986,0
                        68.39688201071505,20.6745301377054,0
                        67.98645132261828,21.241580973405707,0

                    </coordinates>
                </LinearRing>
            </outerBoundaryIs>

        </Polygon>

    </Placemark>
    
    <Placemark>

        <Style>
            <LineStyle>
                <width>0</width>
            </LineStyle>

            <PolyStyle>
                <color>b3ffda00</color>
                <outline>0</outline>
            </PolyStyle>
        </Style>

        <Polygon>
            <tessellate>1</tessellate>

            <outerBoundaryIs>
                <LinearRing>
                    <coordinates>

                        68.04656865480439,21.28480815963014,0
                        68.10671025754831,21.32748002001844,0
                        68.50995640911836,20.755297757759337,0
                        68.45343134519561,20.71519184036986,0
                        68.04656865480439,21.28480815963014,0

                    </coordinates>
                </LinearRing>
            </outerBoundaryIs>

        </Polygon>

    </Placemark>
    
    <Placemark>

        <Style>
            <LineStyle>
                <width>0</width>
            </LineStyle>

            <PolyStyle>
                <color>b3ffdd00</color>
                <outline>0</outline>
            </PolyStyle>
        </Style>

        <Polygon>
            <tessellate>1</tessellate>

            <outerBoundaryIs>
                <LinearRing>
                    <coordinates>

                        68.10671025754831,21.32748002001844,0
                        68.1668763514381,21.369596246693582,0
                        68.56645698189524,20.79484819775086,0
                        68.50995640911836,20.755297757759337,0
                        68.10671025754831,21.32748002001844,0

                    </coordinates>
                </LinearRing>
            </outerBoundaryIs>

        </Polygon>

    </Placemark>
    
    <Placemark>

        <Style>
            <LineStyle>
                <width>0</width>
            </LineStyle>

            <PolyStyle>
                <color>b3ffdf00</color>
                <outline>0</outline>
            </PolyStyle>
        </Style>

        <Polygon>
            <tessellate>1</tessellate>

            <outerBoundaryIs>
                <LinearRing>
                    <coordinates>

                        68.1668763514381,21.369596246693582,0
                        68.22706715203455,21.411156522005452,0
                        68.62293284796544,20.833843477994545,0
                        68.56645698189524,20.79484819775086,0
                        68.1668763514381,21.369596246693582,0

                    </coordinates>
                </LinearRing>
            </outerBoundaryIs>

        </Polygon>

    </Placemark>
    
    <Placemark>

        <Style>
            <LineStyle>
                <width>0</width>
            </LineStyle>

            <PolyStyle>
                <color>b3ffe100</color>
                <outline>0</outline>
            </PolyStyle>
        </Style>

        <Polygon>
            <tessellate>1</tessellate>

            <outerBoundaryIs>
                <LinearRing>
                    <coordinates>

                        68.22706715203455,21.411156522005452,0
                        68.28728286946384,21.452160518444977,0
                        68.67938379720283,20.87228392599947,0
                        68.62293284796544,20.833843477994545,0
                        68.22706715203455,21.411156522005452,0

                    </coordinates>
                </LinearRing>
            </outerBoundaryIs>

        </Polygon>

    </Placemark>
    
    <Placemark>

        <Style>
            <LineStyle>
                <width>0</width>
            </LineStyle>

            <PolyStyle>
                <color>b3ffe400</color>
                <outline>0</outline>
            </PolyStyle>
        </Style>

        <Polygon>
            <tessellate>1</tessellate>

            <outerBoundaryIs>
                <LinearRing>
                    <coordinates>

                        68.28728286946384,21.452160518444977,0
                        68.34752370799784,21.492607898569435,0
                        68.73580962533548,20.910169879208343,0
                        68.67938379720283,20.87228392599947,0
                        68.28728286946384,21.452160518444977,0

                    </coordinates>
                </LinearRing>
            </outerBoundaryIs>

        </Polygon>

    </Placemark>
    
    <Placemark>

        <Style>
            <LineStyle>
                <width>0</width>
            </LineStyle>

            <PolyStyle>
                <color>b3ffe600</color>
                <outline>0</outline>
            </PolyStyle>
        </Style>

        <Polygon>
            <tessellate>1</tessellate>

            <outerBoundaryIs>
                <LinearRing>
                    <coordinates>

                        68.34752370799784,21.492607898569435,0
                        68.40778986562243,21.532498314939687,0
                        68.79221013437758,20.947501685060317,0
                        68.73580962533548,20.910169879208343,0
                        68.34752370799784,21.492607898569435,0

                    </coordinates>
                </LinearRing>
            </outerBoundaryIs>

        </Polygon>

    </Placemark>
    
    <Placemark>

        <Style>
            <LineStyle>
                <width>0</width>
            </LineStyle>

            <PolyStyle>
                <color>b3ffe900</color>
                <outline>0</outline>
            </PolyStyle>
        </Style>

        <Polygon>
            <tessellate>1</tessellate>

            <outerBoundaryIs>
                <LinearRing>
                    <coordinates>

                        68.40778986562243,21.532498314939687,0
                        68.46808153359373,21.571831410070253,0
                        68.84858513307293,20.984279701040855,0
                        68.79221013437758,20.947501685060317,0
                        68.40778986562243,21.532498314939687,0

                    </coordinates>
                </LinearRing>
            </outerBoundaryIs>

        </Polygon>

    </Placemark>
    
    <Placemark>

        <Style>
            <LineStyle>
                <width>0</width>
            </LineStyle>

            <PolyStyle>
                <color>b3ffeb00</color>
                <outline>0</outline>
            </PolyStyle>
        </Style>

        <Polygon>
            <tessellate>1</tessellate>

            <outerBoundaryIs>
                <LinearRing>
                    <coordinates>

                        68.46808153359373,21.571831410070253,0
                        68.52839889598309,21.610606816393116,0
                        68.90493443735025,21.020504294717995,0
                        68.84858513307293,20.984279701040855,0
                        68.46808153359373,21.571831410070253,0

                    </coordinates>
                </LinearRing>
            </outerBoundaryIs>

        </Polygon>

    </Placemark>
    
    <Placemark>

        <Style>
            <LineStyle>
                <width>0</width>
            </LineStyle>

            <PolyStyle>
                <color>b3ffee00</color>
                <outline>0</outline>
            </PolyStyle>
        </Style>

        <Polygon>
            <tessellate>1</tessellate>

            <outerBoundaryIs>
                <LinearRing>
                    <coordinates>

                        68.52839889598309,21.610606816393116,0
                        68.58874212921036,21.64882415623588,0
                        68.96125787078965,21.05617584376412,0
                        68.90493443735025,21.020504294717995,0
                        68.52839889598309,21.610606816393116,0

                    </coordinates>
                </LinearRing>
            </outerBoundaryIs>

        </Polygon>

    </Placemark>
    
    <Placemark>

        <Style>
            <LineStyle>
                <width>0</width>
            </LineStyle>

            <PolyStyle>
                <color>b3fff000</color>
                <outline>0</outline>
            </PolyStyle>
        </Style>

        <Polygon>
            <tessellate>1</tessellate>

            <outerBoundaryIs>
                <LinearRing>
                    <coordinates>

                        68.58874212921036,21.64882415623588,0
                        68.64911140156686,21.68648304181571,0
                        69.0175552650998,21.09129473596207,0
                        68.96125787078965,21.05617584376412,0
                        68.58874212921036,21.64882415623588,0

                    </coordinates>
                </LinearRing>
            </outerBoundaryIs>

        </Polygon>

    </Placemark>
    
    <Placemark>

        <Style>
            <LineStyle>
                <width>0</width>
            </LineStyle>

            <PolyStyle>
                <color>b3fff200</color>
                <outline>0</outline>
            </PolyStyle>
        </Style>

        <Polygon>
            <tessellate>1</tessellate>

            <outerBoundaryIs>
                <LinearRing>
                    <coordinates>

                        68.64911140156686,21.68648304181571,0
                        68.70950687272769,21.72358307524936,0
                        69.07382646060564,21.125861369195086,0
                        69.0175552650998,21.09129473596207,0
                        68.64911140156686,21.68648304181571,0

                    </coordinates>
                </LinearRing>
            </outerBoundaryIs>

        </Polygon>

    </Placemark>
    
    <Placemark>

        <Style>
            <LineStyle>
                <width>0</width>
            </LineStyle>

            <PolyStyle>
                <color>b3fff500</color>
                <outline>0</outline>
            </PolyStyle>
        </Style>

        <Polygon>
            <tessellate>1</tessellate>

            <outerBoundaryIs>
                <LinearRing>
                    <coordinates>

                        68.70950687272769,21.72358307524936,0
                        68.76992869325424,21.76012384858068,0
                        69.13007130674573,21.159876151419315,0
                        69.07382646060564,21.125861369195086,0
                        68.70950687272769,21.72358307524936,0

                    </coordinates>
                </LinearRing>
            </outerBoundaryIs>

        </Polygon>

    </Placemark>
    
    <Placemark>

        <Style>
            <LineStyle>
                <width>0</width>
            </LineStyle>

            <PolyStyle>
                <color>b3fff700</color>
                <outline>0</outline>
            </PolyStyle>
        </Style>

        <Polygon>
            <tessellate>1</tessellate>

            <outerBoundaryIs>
                <LinearRing>
                    <coordinates>

                        68.76992869325424,21.76012384858068,0
                        68.83037700408782,21.796104943826265,0
                        69.18628966257886,21.19333950061818,0
                        69.13007130674573,21.159876151419315,0
                        68.76992869325424,21.76012384858068,0

                    </coordinates>
                </LinearRing>
            </outerBoundaryIs>

        </Polygon>

    </Placemark>
    
    <Placemark>

        <Style>
            <LineStyle>
                <width>0</width>
            </LineStyle>

            <PolyStyle>
                <color>b3fffa00</color>
                <outline>0</outline>
            </PolyStyle>
        </Style>

        <Polygon>
            <tessellate>1</tessellate>

            <outerBoundaryIs>
                <LinearRing>
                    <coordinates>

                        68.83037700408782,21.796104943826265,0
                        68.89085193603434,21.83152593304027,0
                        69.24248139729899,21.226251844737504,0
                        69.18628966257886,21.19333950061818,0
                        68.83037700408782,21.796104943826265,0

                    </coordinates>
                </LinearRing>
            </outerBoundaryIs>

        </Polygon>

    </Placemark>
    
    <Placemark>

        <Style>
            <LineStyle>
                <width>0</width>
            </LineStyle>

            <PolyStyle>
                <color>b3fffc00</color>
                <outline>0</outline>
            </PolyStyle>
        </Style>

        <Polygon>
            <tessellate>1</tessellate>

            <outerBoundaryIs>
                <LinearRing>
                    <coordinates>

                        68.89085193603434,21.83152593304027,0
                        68.89791171147688,21.835596268527425,0
                        69.24738399882453,21.229074116931955,0
                        69.24248139729899,21.226251844737504,0
                        68.89085193603434,21.83152593304027,0

                    </coordinates>
                </LinearRing>
            </outerBoundaryIs>

        </Polygon>

    </Placemark>
    
    <Placemark>

        <Style>
            <LineStyle>
                <width>0</width>
            </LineStyle>

            <PolyStyle>
                <color>b3ffff00</color>
                <outline>0</outline>
            </PolyStyle>
        </Style>

        <Polygon>

            <outerBoundaryIs>
                <LinearRing>
                    <coordinates>

                        70.0,22.0,0
                        68.80191593326768,22.067783250454347,0
                        68.89791171147688,21.835596268527425,0
                        69.24738399882453,21.229074116931955,0
                        69.34225594978929,20.996320387567618,0
                        70.0,22.0,0

                    </coordinates>
                </LinearRing>
            </outerBoundaryIs>

        </Polygon>

    </Placemark>
    
    <Placemark>

        <Style>
            <LineStyle>
                <width>0</width>
            </LineStyle>

            <PolyStyle>
                <color>b3ff0000</color>
                <outline>0</outline>
            </PolyStyle>
        </Style>

        <Polygon>
            <tessellate>1</tessellate>

            <outerBoundaryIs>
                <LinearRing>
                    <coordinates>

                        63.70515312735428,10.188587702915745,0
                        63.77874710492823,10.303647365091955,0
                        64.36791956173845,9.925658190463604,0
                        64.29484687264572,9.811412297084255,0
                        63.70515312735428,10.188587702915745,0

                    </coordinates>
                </LinearRing>
            </outerBoundaryIs>

        </Polygon>

    </Placemark>
    
    <Placemark>

        <Style>
            <LineStyle>
                <width>0</width>
            </LineStyle>

            <PolyStyle>
                <color>b3ff0200</color>
                <outline>0</outline>
            </PolyStyle>
        </Style>

        <Polygon>
            <tessellate>1</tessellate>

            <outerBoundaryIs>
                <LinearRing>
                    <coordinates>

                        63.77874710492823,10.303647365091955,0
                        63.852605679005784,10.418421899887484,0
                        64.44072765432753,10.038800322334737,0
                        64.36791956173845,9.925658190463604,0
                        63.77874710492823,10.303647365091955,0

                    </coordinates>
                </LinearRing>
            </outerBoundaryIs>

        </Polygon>

    </Placemark>
    
    <Placemark>

        <Style>
            <LineStyle>
                <width>0</width>
            </LineStyle>

            <PolyStyle>
                <color>b3ff0400</color>
                <outline>0</outline>
            </PolyStyle>
        </Style>

        <Polygon>
            <tessellate>1</tessellate>

            <outerBoundaryIs>
                <LinearRing>
                    <coordinates>

                        63.852605679005784,10.418421899887484,0
                        63.92647109619325,10.532507585435978,0
                        64.51352890380676,10.151242414564019,0
                        64.44072765432753,10.038800322334737,0
                        63.852605679005784,10.418421899887484,0

                    </coordinates>
                </LinearRing>
            </outerBoundaryIs>

        </Polygon>

    </Placemark>
    
    <Placemark>

        <Style>
            <LineStyle>
                <width>0</width>
            </LineStyle>

            <PolyStyle>
                <color>b3ff0700</color>
                <outline>0</outline>
            </PolyStyle>
        </Style>

        <Polygon>
            <tessellate>1</tessellate>

            <outerBoundaryIs>
                <LinearRing>
                    <coordinates>

                        63.92647109619325,10.532507585435978,0
                        64.00034346317442,10.645904455893996,0
                        64.58632320349226,10.262984432994893,0
                        64.51352890380676,10.151242414564019,0
                        63.92647109619325,10.532507585435978,0

                    </coordinates>
                </LinearRing>
            </outerBoundaryIs>

        </Polygon>

    </Placemark>
    
    <Placemark>

        <Style>
            <LineStyle>
                <width>0</width>
            </LineStyle>

            <PolyStyle>
                <color>b3ff0900</color>
                <outline>0</outline>
            </PolyStyle>
        </Style>

        <Polygon>
            <tessellate>1</tessellate>

            <outerBoundaryIs>
                <LinearRing>
                    <coordinates>

                        64.00034346317442,10.645904455893996,0
                        64.07422288841113,10.758612545099714,0
                        64.65911044492222,10.374026343789174,0
                        64.58632320349226,10.262984432994893,0
                        64.00034346317442,10.645904455893996,0

                    </coordinates>
                </LinearRing>
            </outerBoundaryIs>

        </Polygon>

    </Placemark>
    
    <Placemark>

        <Style>
            <LineStyle>
                <width>0</width>
            </LineStyle>

            <PolyStyle>
                <color>b3ff0b00</color>
                <outline>0</outline>
            </PolyStyle>
        </Style>

        <Polygon>
            <tessellate>1</tessellate>

            <outerBoundaryIs>
                <LinearRing>
                    <coordinates>

                        64.07422288841113,10.758612545099714,0
                        64.14810948216949,10.87063188654553,0
                        64.73189051783051,10.48436811345447,0
                        64.65911044492222,10.374026343789174,0
                        64.07422288841113,10.758612545099714,0

                    </coordinates>
                </LinearRing>
            </outerBoundaryIs>

        </Polygon>

    </Placemark>
    
    <Placemark>

        <Style>
            <LineStyle>
                <width>0</width>
            </LineStyle>

            <PolyStyle>
                <color>b3ff0e00</color>
                <outline>0</outline>
            </PolyStyle>
        </Style>

        <Polygon>
            <tessellate>1</tessellate>

            <outerBoundaryIs>
                <LinearRing>
                    <coordinates>

                        64.14810948216949,10.87063188654553,0
                        64.22200335654644,10.981962513349494,0
                        64.80466331012023,10.594009708872726,0
                        64.73189051783051,10.48436811345447,0
                        64.14810948216949,10.87063188654553,0

                    </coordinates>
                </LinearRing>
            </outerBoundaryIs>

        </Polygon>

    </Placemark>
    
    <Placemark>

        <Style>
            <LineStyle>
                <width>0</width>
            </LineStyle>

            <PolyStyle>
                <color>b3ff1000</color>
                <outline>0</outline>
            </PolyStyle>
        </Style>

        <Polygon>
            <tessellate>1</tessellate>

            <outerBoundaryIs>
                <LinearRing>
                    <coordinates>

                        64.22200335654644,10.981962513349494,0
                        64.29590462549614,11.092604458225669,0
                        64.87742870783721,10.70295109732989,0
                        64.80466331012023,10.594009708872726,0
                        64.22200335654644,10.981962513349494,0

                    </coordinates>
                </LinearRing>
            </outerBoundaryIs>

        </Polygon>

    </Placemark>
    
    <Placemark>

        <Style>
            <LineStyle>
                <width>0</width>
            </LineStyle>

            <PolyStyle>
                <color>b3ff1200</color>
                <outline>0</outline>
            </PolyStyle>
        </Style>

        <Polygon>
            <tessellate>1</tessellate>

            <outerBoundaryIs>
                <LinearRing>
                    <coordinates>

                        64.29590462549614,11.092604458225669,0
                        64.36981340485663,11.202557753453396,0
                        64.95018659514336,10.811192246546605,0
                        64.87742870783721,10.70295109732989,0
                        64.29590462549614,11.092604458225669,0

                    </coordinates>
                </LinearRing>
            </outerBoundaryIs>

        </Polygon>

    </Placemark>
    
    <Placemark>

        <Style>
            <LineStyle>
                <width>0</width>
            </LineStyle>

            <PolyStyle>
                <color>b3ff1500</color>
                <outline>0</outline>
            </PolyStyle>
        </Style>

        <Polygon>
            <tessellate>1</tessellate>

            <outerBoundaryIs>
                <LinearRing>
                    <coordinates>

                        64.36981340485663,11.202557753453396,0
                        64.44372981237646,11.311822430845172,0
                        65.02293685429021,10.918733124710382,0
                        64.95018659514336,10.811192246546605,0
                        64.36981340485663,11.202557753453396,0

                    </coordinates>
                </LinearRing>
            </outerBoundaryIs>

        </Polygon>

    </Placemark>
    
    <Placemark>

        <Style>
            <LineStyle>
                <width>0</width>
            </LineStyle>

            <PolyStyle>
                <color>b3ff1700</color>
                <outline>0</outline>
            </PolyStyle>
        </Style>

        <Polygon>
            <tessellate>1</tessellate>

            <outerBoundaryIs>
                <LinearRing>
                    <coordinates>

                        64.44372981237646,11.311822430845172,0
                        64.51765396774117,11.420398521713368,0
                        65.09567936559218,11.025573700508852,0
                        65.02293685429021,10.918733124710382,0
                        64.44372981237646,11.311822430845172,0

                    </coordinates>
                </LinearRing>
            </outerBoundaryIs>

        </Polygon>

    </Placemark>
    
    <Placemark>

        <Style>
            <LineStyle>
                <width>0</width>
            </LineStyle>

            <PolyStyle>
                <color>b3ff1900</color>
                <outline>0</outline>
            </PolyStyle>
        </Style>

        <Polygon>
            <tessellate>1</tessellate>

            <outerBoundaryIs>
                <LinearRing>
                    <coordinates>

                        64.51765396774117,11.420398521713368,0
                        64.59158599260002,11.528286056835787,0
                        65.16841400739997,11.131713943164216,0
                        65.09567936559218,11.025573700508852,0
                        64.51765396774117,11.420398521713368,0

                    </coordinates>
                </LinearRing>
            </outerBoundaryIs>

        </Polygon>

    </Placemark>
    
    <Placemark>

        <Style>
            <LineStyle>
                <width>0</width>
            </LineStyle>

            <PolyStyle>
                <color>b3ff1c00</color>
                <outline>0</outline>
            </PolyStyle>
        </Style>

        <Polygon>
            <tessellate>1</tessellate>

            <outerBoundaryIs>
                <LinearRing>
                    <coordinates>

                        64.59158599260002,11.528286056835787,0
                        64.66552601059252,11.635485066419628,0
                        65.24114065607415,11.237153822469258,0
                        65.16841400739997,11.131713943164216,0
                        64.59158599260002,11.528286056835787,0

                    </coordinates>
                </LinearRing>
            </outerBoundaryIs>

        </Polygon>

    </Placemark>
    
    <Placemark>

        <Style>
            <LineStyle>
                <width>0</width>
            </LineStyle>

            <PolyStyle>
                <color>b3ff1e00</color>
                <outline>0</outline>
            </PolyStyle>
        </Style>

        <Polygon>
            <tessellate>1</tessellate>

            <outerBoundaryIs>
                <LinearRing>
                    <coordinates>

                        64.66552601059252,11.635485066419628,0
                        64.73947414737479,11.741995580064273,0
                        65.31385918595855,11.341893308824613,0
                        65.24114065607415,11.237153822469258,0
                        64.66552601059252,11.635485066419628,0

                    </coordinates>
                </LinearRing>
            </outerBoundaryIs>

        </Polygon>

    </Placemark>
    
    <Placemark>

        <Style>
            <LineStyle>
                <width>0</width>
            </LineStyle>

            <PolyStyle>
                <color>b3ff2100</color>
                <outline>0</outline>
            </PolyStyle>
        </Style>

        <Polygon>
            <tessellate>1</tessellate>

            <outerBoundaryIs>
                <LinearRing>
                    <coordinates>

                        64.73947414737479,11.741995580064273,0
                        64.81343053064607,11.847817626722655,0
                        65.38656946935394,11.44593237327734,0
                        65.31385918595855,11.341893308824613,0
                        64.73947414737479,11.741995580064273,0

                    </coordinates>
                </LinearRing>
            </outerBoundaryIs>

        </Polygon>

    </Placemark>
    
    <Placemark>

        <Style>
            <LineStyle>
                <width>0</width>
            </LineStyle>

            <PolyStyle>
                <color>b3ff2300</color>
                <outline>0</outline>
            </PolyStyle>
        </Style>

        <Polygon>
            <tessellate>1</tessellate>

            <outerBoundaryIs>
                <LinearRing>
                    <coordinates>

                        64.81343053064607,11.847817626722655,0
                        64.88739529017485,11.952951234661162,0
                        65.45927137649181,11.54927098756106,0
                        65.38656946935394,11.44593237327734,0
                        64.81343053064607,11.847817626722655,0

                    </coordinates>
                </LinearRing>
            </outerBoundaryIs>

        </Polygon>

    </Placemark>
    
    <Placemark>

        <Style>
            <LineStyle>
                <width>0</width>
            </LineStyle>

            <PolyStyle>
                <color>b3ff2500</color>
                <outline>0</outline>
            </PolyStyle>
        </Style>

        <Polygon>
            <tessellate>1</tessellate>

            <outerBoundaryIs>
                <LinearRing>
                    <coordinates>

                        64.88739529017485,11.952951234661162,0
                        64.96136855782495,12.057396431417878,0
                        65.53196477550841,11.651909124137678,0
                        65.45927137649181,11.54927098756106,0
                        64.88739529017485,11.952951234661162,0

                    </coordinates>
                </LinearRing>
            </outerBoundaryIs>

        </Polygon>

    </Placemark>
    
    <Placemark>

        <Style>
            <LineStyle>
                <width>0</width>
            </LineStyle>

            <PolyStyle>
                <color>b3ff2800</color>
                <outline>0</outline>
            </PolyStyle>
        </Style>

        <Polygon>
            <tessellate>1</tessellate>

            <outerBoundaryIs>
                <LinearRing>
                    <coordinates>

                        64.96136855782495,12.057396431417878,0
                        65.0353504675813,12.16115324375962,0
                        65.60464953241869,11.75384675624038,0
                        65.53196477550841,11.651909124137678,0
                        64.96136855782495,12.057396431417878,0

                    </coordinates>
                </LinearRing>
            </outerBoundaryIs>

        </Polygon>

    </Placemark>
    
    <Placemark>

        <Style>
            <LineStyle>
                <width>0</width>
            </LineStyle>

            <PolyStyle>
                <color>b3ff2a00</color>
                <outline>0</outline>
            </PolyStyle>
        </Style>

        <Polygon>
            <tessellate>1</tessellate>

            <outerBoundaryIs>
                <LinearRing>
                    <coordinates>

                        65.0353504675813,12.16115324375962,0
                        65.10934115557562,12.264221697637158,0
                        65.67732551109104,11.855083857918398,0
                        65.60464953241869,11.75384675624038,0
                        65.0353504675813,12.16115324375962,0

                    </coordinates>
                </LinearRing>
            </outerBoundaryIs>

        </Polygon>

    </Placemark>
    
    <Placemark>

        <Style>
            <LineStyle>
                <width>0</width>
            </LineStyle>

            <PolyStyle>
                <color>b3ff2c00</color>
                <outline>0</outline>
            </PolyStyle>
        </Style>

        <Polygon>
            <tessellate>1</tessellate>

            <outerBoundaryIs>
                <LinearRing>
                    <coordinates>

                        65.10934115557562,12.264221697637158,0
                        65.18334076011149,12.366601818138662,0
                        65.74999257322187,11.955620404083561,0
                        65.67732551109104,11.855083857918398,0
                        65.10934115557562,12.264221697637158,0

                    </coordinates>
                </LinearRing>
            </outerBoundaryIs>

        </Polygon>

    </Placemark>
    
    <Placemark>

        <Style>
            <LineStyle>
                <width>0</width>
            </LineStyle>

            <PolyStyle>
                <color>b3ff2f00</color>
                <outline>0</outline>
            </PolyStyle>
        </Style>

        <Polygon>
            <tessellate>1</tessellate>

            <outerBoundaryIs>
                <LinearRing>
                    <coordinates>

                        65.18334076011149,12.366601818138662,0
                        65.25734942168947,12.46829362944202,0
                        65.82265057831052,12.055456370557973,0
                        65.74999257322187,11.955620404083561,0
                        65.18334076011149,12.366601818138662,0

                    </coordinates>
                </LinearRing>
            </outerBoundaryIs>

        </Polygon>

    </Placemark>
    
    <Placemark>

        <Style>
            <LineStyle>
                <width>0</width>
            </LineStyle>

            <PolyStyle>
                <color>b3ff3100</color>
                <outline>0</outline>
            </PolyStyle>
        </Style>

        <Polygon>
            <tessellate>1</tessellate>

            <outerBoundaryIs>
                <LinearRing>
                    <coordinates>

                        65.25734942168947,12.46829362944202,0
                        65.3313672830316,12.569297154764905,0
                        65.89529938363506,12.154591734123985,0
                        65.82265057831052,12.055456370557973,0
                        65.25734942168947,12.46829362944202,0

                    </coordinates>
                </LinearRing>
            </outerBoundaryIs>

        </Polygon>

    </Placemark>
    
    <Placemark>

        <Style>
            <LineStyle>
                <width>0</width>
            </LineStyle>

            <PolyStyle>
                <color>b3ff3300</color>
                <outline>0</outline>
            </PolyStyle>
        </Style>

        <Polygon>
            <tessellate>1</tessellate>

            <outerBoundaryIs>
                <LinearRing>
                    <coordinates>

                        65.3313672830316,12.569297154764905,0
                        65.40539448910533,12.669612416313175,0
                        65.967938844228,12.253026472575716,0
                        65.89529938363506,12.154591734123985,0
                        65.3313672830316,12.569297154764905,0

                    </coordinates>
                </LinearRing>
            </outerBoundaryIs>

        </Polygon>

    </Placemark>
    
    <Placemark>

        <Style>
            <LineStyle>
                <width>0</width>
            </LineStyle>

            <PolyStyle>
                <color>b3ff3600</color>
                <outline>0</outline>
            </PolyStyle>
        </Style>

        <Polygon>
            <tessellate>1</tessellate>

            <outerBoundaryIs>
                <LinearRing>
                    <coordinates>

                        65.40539448910533,12.669612416313175,0
                        65.47943118714728,12.7692394352277,0
                        66.04056881285275,12.350760564772305,0
                        65.967938844228,12.253026472575716,0
                        65.40539448910533,12.669612416313175,0

                    </coordinates>
                </LinearRing>
            </outerBoundaryIs>

        </Polygon>

    </Placemark>
    
    <Placemark>

        <Style>
            <LineStyle>
                <width>0</width>
            </LineStyle>

            <PolyStyle>
                <color>b3ff3800</color>
                <outline>0</outline>
            </PolyStyle>
        </Style>

        <Polygon>
            <tessellate>1</tessellate>

            <outerBoundaryIs>
                <LinearRing>
                    <coordinates>

                        65.47943118714728,12.7692394352277,0
                        65.55347752668615,12.86817823152922,0
                        66.1131891399805,12.447793990693002,0
                        66.04056881285275,12.350760564772305,0
                        65.47943118714728,12.7692394352277,0

                    </coordinates>
                </LinearRing>
            </outerBoundaryIs>

        </Polygon>

    </Placemark>
    
    <Placemark>

        <Style>
            <LineStyle>
                <width>0</width>
            </LineStyle>

            <PolyStyle>
                <color>b3ff3b00</color>
                <outline>0</outline>
            </PolyStyle>
        </Style>

        <Polygon>
            <tessellate>1</tessellate>

            <outerBoundaryIs>
                <LinearRing>
                    <coordinates>

                        65.55347752668615,12.86817823152922,0
                        65.62753365956534,12.96642882406118,0
                        66.18579967376799,12.544126731494375,0
                        66.1131891399805,12.447793990693002,0
                        65.55347752668615,12.86817823152922,0

                    </coordinates>
                </LinearRing>
            </outerBoundaryIs>

        </Polygon>

    </Placemark>
    
    <Placemark>

        <Style>
            <LineStyle>
                <width>0</width>
            </LineStyle>

            <PolyStyle>
                <color>b3ff3d00</color>
                <outline>0</outline>
            </PolyStyle>
        </Style>

        <Polygon>
            <tessellate>1</tessellate>

            <outerBoundaryIs>
                <LinearRing>
                    <coordinates>

                        65.62753365956534,12.96642882406118,0
                        65.70159973996437,13.063991230430602,0
                        66.25840026003564,12.639758769569397,0
                        66.18579967376799,12.544126731494375,0
                        65.62753365956534,12.96642882406118,0

                    </coordinates>
                </LinearRing>
            </outerBoundaryIs>

        </Polygon>

    </Placemark>
    
    <Placemark>

        <Style>
            <LineStyle>
                <width>0</width>
            </LineStyle>

            <PolyStyle>
                <color>b3ff3f00</color>
                <outline>0</outline>
            </PolyStyle>
        </Style>

        <Polygon>
            <tessellate>1</tessellate>

            <outerBoundaryIs>
                <LinearRing>
                    <coordinates>

                        65.70159973996437,13.063991230430602,0
                        65.7756759244201,13.160865466947264,0
                        66.33099074224656,12.734690088608286,0
                        66.25840026003564,12.639758769569397,0
                        65.70159973996437,13.063991230430602,0

                    </coordinates>
                </LinearRing>
            </outerBoundaryIs>

        </Polygon>

    </Placemark>
    
    <Placemark>

        <Style>
            <LineStyle>
                <width>0</width>
            </LineStyle>

            <PolyStyle>
                <color>b3ff4200</color>
                <outline>0</outline>
            </PolyStyle>
        </Style>

        <Polygon>
            <tessellate>1</tessellate>

            <outerBoundaryIs>
                <LinearRing>
                    <coordinates>

                        65.7756759244201,13.160865466947264,0
                        65.84976237184692,13.257051548560458,0
                        66.40357096148641,12.82892067366176,0
                        66.33099074224656,12.734690088608286,0
                        65.7756759244201,13.160865466947264,0

                    </coordinates>
                </LinearRing>
            </outerBoundaryIs>

        </Polygon>

    </Placemark>
    
    <Placemark>

        <Style>
            <LineStyle>
                <width>0</width>
            </LineStyle>

            <PolyStyle>
                <color>b3ff4400</color>
                <outline>0</outline>
            </PolyStyle>
        </Style>

        <Polygon>
            <tessellate>1</tessellate>

            <outerBoundaryIs>
                <LinearRing>
                    <coordinates>

                        65.84976237184692,13.257051548560458,0
                        65.9238592435559,13.352549488793807,0
                        66.47614075644411,12.922450511206192,0
                        66.40357096148641,12.82892067366176,0
                        65.84976237184692,13.257051548560458,0

                    </coordinates>
                </LinearRing>
            </outerBoundaryIs>

        </Polygon>

    </Placemark>
    
    <Placemark>

        <Style>
            <LineStyle>
                <width>0</width>
            </LineStyle>

            <PolyStyle>
                <color>b3ff4600</color>
                <outline>0</outline>
            </PolyStyle>
        </Style>

        <Polygon>
            <tessellate>1</tessellate>

            <outerBoundaryIs>
                <LinearRing>
                    <coordinates>

                        65.9238592435559,13.352549488793807,0
                        65.99796670327322,13.447359299677991,0
                        66.54869996339346,13.015279589210902,0
                        66.47614075644411,12.922450511206192,0
                        65.9238592435559,13.352549488793807,0

                    </coordinates>
                </LinearRing>
            </outerBoundaryIs>

        </Polygon>

    </Placemark>
    
    <Placemark>

        <Style>
            <LineStyle>
                <width>0</width>
            </LineStyle>

            <PolyStyle>
                <color>b3ff4900</color>
                <outline>0</outline>
            </PolyStyle>
        </Style>

        <Polygon>
            <tessellate>1</tessellate>

            <outerBoundaryIs>
                <LinearRing>
                    <coordinates>

                        65.99796670327322,13.447359299677991,0
                        66.0720849171574,13.54148099168114,0
                        66.62124841617596,13.10740789720775,0
                        66.54869996339346,13.015279589210902,0
                        65.99796670327322,13.447359299677991,0

                    </coordinates>
                </LinearRing>
            </outerBoundaryIs>

        </Polygon>

    </Placemark>
    
    <Placemark>

        <Style>
            <LineStyle>
                <width>0</width>
            </LineStyle>

            <PolyStyle>
                <color>b3ff4b00</color>
                <outline>0</outline>
            </PolyStyle>
        </Style>

        <Polygon>
            <tessellate>1</tessellate>

            <outerBoundaryIs>
                <LinearRing>
                    <coordinates>

                        66.0720849171574,13.54148099168114,0
                        66.14621405381551,13.634914573637126,0
                        66.69378594618449,13.19883542636287,0
                        66.62124841617596,13.10740789720775,0
                        66.0720849171574,13.54148099168114,0

                    </coordinates>
                </LinearRing>
            </outerBoundaryIs>

        </Polygon>

    </Placemark>
    
    <Placemark>

        <Style>
            <LineStyle>
                <width>0</width>
            </LineStyle>

            <PolyStyle>
                <color>b3ff4d00</color>
                <outline>0</outline>
            </PolyStyle>
        </Style>

        <Polygon>
            <tessellate>1</tessellate>

            <outerBoundaryIs>
                <LinearRing>
                    <coordinates>

                        66.14621405381551,13.634914573637126,0
                        66.22035428431802,13.727660052671421,0
                        66.76631238234866,13.289562169550798,0
                        66.69378594618449,13.19883542636287,0
                        66.14621405381551,13.634914573637126,0

                    </coordinates>
                </LinearRing>
            </outerBoundaryIs>

        </Polygon>

    </Placemark>
    
    <Placemark>

        <Style>
            <LineStyle>
                <width>0</width>
            </LineStyle>

            <PolyStyle>
                <color>b3ff5000</color>
                <outline>0</outline>
            </PolyStyle>
        </Style>

        <Polygon>
            <tessellate>1</tessellate>

            <outerBoundaryIs>
                <LinearRing>
                    <coordinates>

                        66.22035428431802,13.727660052671421,0
                        66.29450578221244,13.819717434124708,0
                        66.83882755112089,13.379588121430846,0
                        66.76631238234866,13.289562169550798,0
                        66.22035428431802,13.727660052671421,0

                    </coordinates>
                </LinearRing>
            </outerBoundaryIs>

        </Polygon>

    </Placemark>
    
    <Placemark>

        <Style>
            <LineStyle>
                <width>0</width>
            </LineStyle>

            <PolyStyle>
                <color>b3ff5200</color>
                <outline>0</outline>
            </PolyStyle>
        </Style>

        <Polygon>
            <tessellate>1</tessellate>

            <outerBoundaryIs>
                <LinearRing>
                    <coordinates>

                        66.29450578221244,13.819717434124708,0
                        66.36866872353555,13.911086721474135,0
                        66.91133127646442,13.46891327852586,0
                        66.83882755112089,13.379588121430846,0
                        66.29450578221244,13.819717434124708,0

                    </coordinates>
                </LinearRing>
            </outerBoundaryIs>

        </Polygon>

    </Placemark>
    
    <Placemark>

        <Style>
            <LineStyle>
                <width>0</width>
            </LineStyle>

            <PolyStyle>
                <color>b3ff5500</color>
                <outline>0</outline>
            </PolyStyle>
        </Style>

        <Polygon>
            <tessellate>1</tessellate>

            <outerBoundaryIs>
                <LinearRing>
                    <coordinates>

                        66.36866872353555,13.911086721474135,0
                        66.44284328682403,14.001767916251934,0
                        66.98382337984265,13.55753763930362,0
                        66.91133127646442,13.46891327852586,0
                        66.36866872353555,13.911086721474135,0

                    </coordinates>
                </LinearRing>
            </outerBoundaryIs>

        </Polygon>

    </Placemark>
    
    <Placemark>

        <Style>
            <LineStyle>
                <width>0</width>
            </LineStyle>

            <PolyStyle>
                <color>b3ff5700</color>
                <outline>0</outline>
            </PolyStyle>
        </Style>

        <Polygon>
            <tessellate>1</tessellate>

            <outerBoundaryIs>
                <LinearRing>
                    <coordinates>

                        66.44284328682403,14.001767916251934,0
                        66.51702965312347,14.091761017961879,0
                        67.05630368020985,13.64546120426034,0
                        66.98382337984265,13.55753763930362,0
                        66.44284328682403,14.001767916251934,0

                    </coordinates>
                </LinearRing>
            </outerBoundaryIs>

        </Polygon>

    </Placemark>
    
    <Placemark>

        <Style>
            <LineStyle>
                <width>0</width>
            </LineStyle>

            <PolyStyle>
                <color>b3ff5900</color>
                <outline>0</outline>
            </PolyStyle>
        </Style>

        <Polygon>
            <tessellate>1</tessellate>

            <outerBoundaryIs>
                <LinearRing>
                    <coordinates>

                        66.51702965312347,14.091761017961879,0
                        66.59122800599587,14.181066023993031,0
                        67.12877199400413,13.73268397600697,0
                        67.05630368020985,13.64546120426034,0
                        66.51702965312347,14.091761017961879,0

                    </coordinates>
                </LinearRing>
            </outerBoundaryIs>

        </Polygon>

    </Placemark>
    
    <Placemark>

        <Style>
            <LineStyle>
                <width>0</width>
            </LineStyle>

            <PolyStyle>
                <color>b3ff5c00</color>
                <outline>0</outline>
            </PolyStyle>
        </Style>

        <Polygon>
            <tessellate>1</tessellate>

            <outerBoundaryIs>
                <LinearRing>
                    <coordinates>

                        66.59122800599587,14.181066023993031,0
                        66.66543853152487,14.26968292953082,0
                        67.2012281351418,13.819205959358069,0
                        67.12877199400413,13.73268397600697,0
                        66.59122800599587,14.181066023993031,0

                    </coordinates>
                </LinearRing>
            </outerBoundaryIs>

        </Polygon>

    </Placemark>
    
    <Placemark>

        <Style>
            <LineStyle>
                <width>0</width>
            </LineStyle>

            <PolyStyle>
                <color>b3ff5e00</color>
                <outline>0</outline>
            </PolyStyle>
        </Style>

        <Polygon>
            <tessellate>1</tessellate>

            <outerBoundaryIs>
                <LinearRing>
                    <coordinates>

                        66.66543853152487,14.26968292953082,0
                        66.73966141831944,14.357611727465859,0
                        67.27367191501388,13.905027161423028,0
                        67.2012281351418,13.819205959358069,0
                        66.66543853152487,14.26968292953082,0

                    </coordinates>
                </LinearRing>
            </outerBoundaryIs>

        </Polygon>

    </Placemark>
    
    <Placemark>

        <Style>
            <LineStyle>
                <width>0</width>
            </LineStyle>

            <PolyStyle>
                <color>b3ff6000</color>
                <outline>0</outline>
            </PolyStyle>
        </Style>

        <Polygon>
            <tessellate>1</tessellate>

            <outerBoundaryIs>
                <LinearRing>
                    <coordinates>

                        66.73966141831944,14.357611727465859,0
                        66.81389685751516,14.444852408299726,0
                        67.34610314248486,13.990147591700277,0
                        67.27367191501388,13.905027161423028,0
                        66.73966141831944,14.357611727465859,0

                    </coordinates>
                </LinearRing>
            </outerBoundaryIs>

        </Polygon>

    </Placemark>
    
    <Placemark>

        <Style>
            <LineStyle>
                <width>0</width>
            </LineStyle>

            <PolyStyle>
                <color>b3ff6300</color>
                <outline>0</outline>
            </PolyStyle>
        </Style>

        <Polygon>
            <tessellate>1</tessellate>

            <outerBoundaryIs>
                <LinearRing>
                    <coordinates>

                        66.81389685751516,14.444852408299726,0
                        66.88814504277327,14.531404960048413,0
                        67.41852162389337,14.074567262173804,0
                        67.34610314248486,13.990147591700277,0
                        66.81389685751516,14.444852408299726,0

                    </coordinates>
                </LinearRing>
            </outerBoundaryIs>

        </Polygon>

    </Placemark>
    
    <Placemark>

        <Style>
            <LineStyle>
                <width>0</width>
            </LineStyle>

            <PolyStyle>
                <color>b3ff6500</color>
                <outline>0</outline>
            </PolyStyle>
        </Style>

        <Polygon>
            <tessellate>1</tessellate>

            <outerBoundaryIs>
                <LinearRing>
                    <coordinates>

                        66.88814504277327,14.531404960048413,0
                        66.9624061702778,14.617269368142896,0
                        67.49092716305552,14.158286187412653,0
                        67.41852162389337,14.074567262173804,0
                        66.88814504277327,14.531404960048413,0

                    </coordinates>
                </LinearRing>
            </outerBoundaryIs>

        </Polygon>

    </Placemark>
    
    <Placemark>

        <Style>
            <LineStyle>
                <width>0</width>
            </LineStyle>

            <PolyStyle>
                <color>b3ff6700</color>
                <outline>0</outline>
            </PolyStyle>
        </Style>

        <Polygon>
            <tessellate>1</tessellate>

            <outerBoundaryIs>
                <LinearRing>
                    <coordinates>

                        66.9624061702778,14.617269368142896,0
                        67.0366804387293,14.702445615326877,0
                        67.56331956127069,14.241304384673125,0
                        67.49092716305552,14.158286187412653,0
                        66.9624061702778,14.617269368142896,0

                    </coordinates>
                </LinearRing>
            </outerBoundaryIs>

        </Polygon>

    </Placemark>
    
    <Placemark>

        <Style>
            <LineStyle>
                <width>0</width>
            </LineStyle>

            <PolyStyle>
                <color>b3ff6a00</color>
                <outline>0</outline>
            </PolyStyle>
        </Style>

        <Polygon>
            <tessellate>1</tessellate>

            <outerBoundaryIs>
                <LinearRing>
                    <coordinates>

                        67.0366804387293,14.702445615326877,0
                        67.11096804933686,14.786933681551986,0
                        67.63569861732984,14.323621874003575,0
                        67.56331956127069,14.241304384673125,0
                        67.0366804387293,14.702445615326877,0

                    </coordinates>
                </LinearRing>
            </outerBoundaryIs>

        </Polygon>

    </Placemark>
    
    <Placemark>

        <Style>
            <LineStyle>
                <width>0</width>
            </LineStyle>

            <PolyStyle>
                <color>b3ff6c00</color>
                <outline>0</outline>
            </PolyStyle>
        </Style>

        <Polygon>
            <tessellate>1</tessellate>

            <outerBoundaryIs>
                <LinearRing>
                    <coordinates>

                        67.11096804933686,14.786933681551986,0
                        67.18526920580656,14.870733543870069,0
                        67.70806412752678,14.405238678352154,0
                        67.63569861732984,14.323621874003575,0
                        67.11096804933686,14.786933681551986,0

                    </coordinates>
                </LinearRing>
            </outerBoundaryIs>

        </Polygon>

    </Placemark>
    
    <Placemark>

        <Style>
            <LineStyle>
                <width>0</width>
            </LineStyle>

            <PolyStyle>
                <color>b3ff6e00</color>
                <outline>0</outline>
            </PolyStyle>
        </Style>

        <Polygon>
            <tessellate>1</tessellate>

            <outerBoundaryIs>
                <LinearRing>
                    <coordinates>

                        67.18526920580656,14.870733543870069,0
                        67.2595841143275,14.953845176322721,0
                        67.7804158856725,14.486154823677277,0
                        67.70806412752678,14.405238678352154,0
                        67.18526920580656,14.870733543870069,0

                    </coordinates>
                </LinearRing>
            </outerBoundaryIs>

        </Polygon>

    </Placemark>
    
    <Placemark>

        <Style>
            <LineStyle>
                <width>0</width>
            </LineStyle>

            <PolyStyle>
                <color>b3ff7100</color>
                <outline>0</outline>
            </PolyStyle>
        </Style>

        <Polygon>
            <tessellate>1</tessellate>

            <outerBoundaryIs>
                <LinearRing>
                    <coordinates>

                        67.2595841143275,14.953845176322721,0
                        67.33391298355413,15.036268549827792,0
                        67.85275368311254,14.566370339061095,0
                        67.7804158856725,14.486154823677277,0
                        67.2595841143275,14.953845176322721,0

                    </coordinates>
                </LinearRing>
            </outerBoundaryIs>

        </Polygon>

    </Placemark>
    
    <Placemark>

        <Style>
            <LineStyle>
                <width>0</width>
            </LineStyle>

            <PolyStyle>
                <color>b3ff7300</color>
                <outline>0</outline>
            </PolyStyle>
        </Style>

        <Polygon>
            <tessellate>1</tessellate>

            <outerBoundaryIs>
                <LinearRing>
                    <coordinates>

                        67.33391298355413,15.036268549827792,0
                        67.40825602458571,15.118003632063374,0
                        67.9250773087476,14.645885256825512,0
                        67.85275368311254,14.566370339061095,0
                        67.33391298355413,15.036268549827792,0

                    </coordinates>
                </LinearRing>
            </outerBoundaryIs>

        </Polygon>

    </Placemark>
    
    <Placemark>

        <Style>
            <LineStyle>
                <width>0</width>
            </LineStyle>

            <PolyStyle>
                <color>b3ff7600</color>
                <outline>0</outline>
            </PolyStyle>
        </Style>

        <Polygon>
            <tessellate>1</tessellate>

            <outerBoundaryIs>
                <LinearRing>
                    <coordinates>

                        67.40825602458571,15.118003632063374,0
                        67.482613450942,15.199050387348716,0
                        67.99738654905799,14.724699612651282,0
                        67.9250773087476,14.645885256825512,0
                        67.40825602458571,15.118003632063374,0

                    </coordinates>
                </LinearRing>
            </outerBoundaryIs>

        </Polygon>

    </Placemark>
    
    <Placemark>

        <Style>
            <LineStyle>
                <width>0</width>
            </LineStyle>

            <PolyStyle>
                <color>b3ff7800</color>
                <outline>0</outline>
            </PolyStyle>
        </Style>

        <Polygon>
            <tessellate>1</tessellate>

            <outerBoundaryIs>
                <LinearRing>
                    <coordinates>

                        67.482613450942,15.199050387348716,0
                        67.55698547853528,15.279408776522327,0
                        68.06968118813138,14.802813445699893,0
                        67.99738654905799,14.724699612651282,0
                        67.482613450942,15.199050387348716,0

                    </coordinates>
                </LinearRing>
            </outerBoundaryIs>

        </Polygon>

    </Placemark>
    
    <Placemark>

        <Style>
            <LineStyle>
                <width>0</width>
            </LineStyle>

            <PolyStyle>
                <color>b3ff7a00</color>
                <outline>0</outline>
            </PolyStyle>
        </Style>

        <Polygon>
            <tessellate>1</tessellate>

            <outerBoundaryIs>
                <LinearRing>
                    <coordinates>

                        67.55698547853528,15.279408776522327,0
                        67.63137232563861,15.359078756817327,0
                        68.14196100769473,14.88022679873823,0
                        68.06968118813138,14.802813445699893,0
                        67.55698547853528,15.279408776522327,0

                    </coordinates>
                </LinearRing>
            </outerBoundaryIs>

        </Polygon>

    </Placemark>
    
    <Placemark>

        <Style>
            <LineStyle>
                <width>0</width>
            </LineStyle>

            <PolyStyle>
                <color>b3ff7d00</color>
                <outline>0</outline>
            </PolyStyle>
        </Style>

        <Polygon>
            <tessellate>1</tessellate>

            <outerBoundaryIs>
                <LinearRing>
                    <coordinates>

                        67.63137232563861,15.359078756817327,0
                        67.70577421284983,15.438060281733854,0
                        68.21422578715018,14.956939718266149,0
                        68.14196100769473,14.88022679873823,0
                        67.63137232563861,15.359078756817327,0

                    </coordinates>
                </LinearRing>
            </outerBoundaryIs>

        </Polygon>

    </Placemark>
    
    <Placemark>

        <Style>
            <LineStyle>
                <width>0</width>
            </LineStyle>

            <PolyStyle>
                <color>b3ff7f00</color>
                <outline>0</outline>
            </PolyStyle>
        </Style>

        <Polygon>
            <tessellate>1</tessellate>

            <outerBoundaryIs>
                <LinearRing>
                    <coordinates>

                        67.70577421284983,15.438060281733854,0
                        67.78019136305137,15.516353300908692,0
                        68.28647530361532,15.032952254646863,0
                        68.21422578715018,14.956939718266149,0
                        67.70577421284983,15.438060281733854,0

                    </coordinates>
                </LinearRing>
            </outerBoundaryIs>

        </Polygon>

    </Placemark>
    
    <Placemark>

        <Style>
            <LineStyle>
                <width>0</width>
            </LineStyle>

            <PolyStyle>
                <color>b3ff8100</color>
                <outline>0</outline>
            </PolyStyle>
        </Style>

        <Polygon>
            <tessellate>1</tessellate>

            <outerBoundaryIs>
                <LinearRing>
                    <coordinates>

                        67.78019136305137,15.516353300908692,0
                        67.85462400136554,15.593957759982162,0
                        68.3587093319678,15.108264462240056,0
                        68.28647530361532,15.032952254646863,0
                        67.78019136305137,15.516353300908692,0

                    </coordinates>
                </LinearRing>
            </outerBoundaryIs>

        </Polygon>

    </Placemark>
    
    <Placemark>

        <Style>
            <LineStyle>
                <width>0</width>
            </LineStyle>

            <PolyStyle>
                <color>b3ff8400</color>
                <outline>0</outline>
            </PolyStyle>
        </Style>

        <Polygon>
            <tessellate>1</tessellate>

            <outerBoundaryIs>
                <LinearRing>
                    <coordinates>

                        67.85462400136554,15.593957759982162,0
                        67.92907235510508,15.670873600462139,0
                        68.43092764489494,15.182876399537859,0
                        68.3587093319678,15.108264462240056,0
                        67.85462400136554,15.593957759982162,0

                    </coordinates>
                </LinearRing>
            </outerBoundaryIs>

        </Polygon>

    </Placemark>
    
    <Placemark>

        <Style>
            <LineStyle>
                <width>0</width>
            </LineStyle>

            <PolyStyle>
                <color>b3ff8600</color>
                <outline>0</outline>
            </PolyStyle>
        </Style>

        <Polygon>
            <tessellate>1</tessellate>

            <outerBoundaryIs>
                <LinearRing>
                    <coordinates>

                        67.92907235510508,15.670873600462139,0
                        68.0035366537187,15.74710075958543,0
                        68.50313001294796,15.256788129303457,0
                        68.43092764489494,15.182876399537859,0
                        67.92907235510508,15.670873600462139,0

                    </coordinates>
                </LinearRing>
            </outerBoundaryIs>

        </Polygon>

    </Placemark>
    
    <Placemark>

        <Style>
            <LineStyle>
                <width>0</width>
            </LineStyle>

            <PolyStyle>
                <color>b3ff8800</color>
                <outline>0</outline>
            </PolyStyle>
        </Style>

        <Polygon>
            <tessellate>1</tessellate>

            <outerBoundaryIs>
                <LinearRing>
                    <coordinates>

                        68.0035366537187,15.74710075958543,0
                        68.07801712873163,15.822639170176455,0
                        68.5753162046017,15.329999718712429,0
                        68.50313001294796,15.256788129303457,0
                        68.0035366537187,15.74710075958543,0

                    </coordinates>
                </LinearRing>
            </outerBoundaryIs>

        </Polygon>

    </Placemark>
    
    <Placemark>

        <Style>
            <LineStyle>
                <width>0</width>
            </LineStyle>

            <PolyStyle>
                <color>b3ff8b00</color>
                <outline>0</outline>
            </PolyStyle>
        </Style>

        <Polygon>
            <tessellate>1</tessellate>

            <outerBoundaryIs>
                <LinearRing>
                    <coordinates>

                        68.07801712873163,15.822639170176455,0
                        68.15251401368047,15.897488760503272,0
                        68.64748598631954,15.402511239496725,0
                        68.5753162046017,15.329999718712429,0
                        68.07801712873163,15.822639170176455,0

                    </coordinates>
                </LinearRing>
            </outerBoundaryIs>

        </Polygon>

    </Placemark>
    
    <Placemark>

        <Style>
            <LineStyle>
                <width>0</width>
            </LineStyle>

            <PolyStyle>
                <color>b3ff8d00</color>
                <outline>0</outline>
            </PolyStyle>
        </Style>

        <Polygon>
            <tessellate>1</tessellate>

            <outerBoundaryIs>
                <LinearRing>
                    <coordinates>

                        68.15251401368047,15.897488760503272,0
                        68.22702754404268,15.971649454131176,0
                        68.71963912262397,15.47432276809104,0
                        68.64748598631954,15.402511239496725,0
                        68.15251401368047,15.897488760503272,0

                    </coordinates>
                </LinearRing>
            </outerBoundaryIs>

        </Polygon>

    </Placemark>
    
    <Placemark>

        <Style>
            <LineStyle>
                <width>0</width>
            </LineStyle>

            <PolyStyle>
                <color>b3ff9000</color>
                <outline>0</outline>
            </PolyStyle>
        </Style>

        <Polygon>
            <tessellate>1</tessellate>

            <outerBoundaryIs>
                <LinearRing>
                    <coordinates>

                        68.22702754404268,15.971649454131176,0
                        68.30155795716006,16.045121169773658,0
                        68.79177537617328,15.545434385781897,0
                        68.71963912262397,15.47432276809104,0
                        68.22702754404268,15.971649454131176,0

                    </coordinates>
                </LinearRing>
            </outerBoundaryIs>

        </Polygon>

    </Placemark>
    
    <Placemark>

        <Style>
            <LineStyle>
                <width>0</width>
            </LineStyle>

            <PolyStyle>
                <color>b3ff9200</color>
                <outline>0</outline>
            </PolyStyle>
        </Style>

        <Polygon>
            <tessellate>1</tessellate>

            <outerBoundaryIs>
                <LinearRing>
                    <coordinates>

                        68.30155795716006,16.045121169773658,0
                        68.37610549215589,16.117903821141063,0
                        68.86389450784412,15.615846178858936,0
                        68.79177537617328,15.545434385781897,0
                        68.30155795716006,16.045121169773658,0

                    </coordinates>
                </LinearRing>
            </outerBoundaryIs>

        </Polygon>

    </Placemark>
    
    <Placemark>

        <Style>
            <LineStyle>
                <width>0</width>
            </LineStyle>

            <PolyStyle>
                <color>b3ff9400</color>
                <outline>0</outline>
            </PolyStyle>
        </Style>

        <Polygon>
            <tessellate>1</tessellate>

            <outerBoundaryIs>
                <LinearRing>
                    <coordinates>

                        68.37610549215589,16.117903821141063,0
                        68.45067038984595,16.18999731678702,0
                        68.93599627682073,15.68555823876853,0
                        68.86389450784412,15.615846178858936,0
                        68.37610549215589,16.117903821141063,0

                    </coordinates>
                </LinearRing>
            </outerBoundaryIs>

        </Polygon>

    </Placemark>
    
    <Placemark>

        <Style>
            <LineStyle>
                <width>0</width>
            </LineStyle>

            <PolyStyle>
                <color>b3ff9700</color>
                <outline>0</outline>
            </PolyStyle>
        </Style>

        <Polygon>
            <tessellate>1</tessellate>

            <outerBoundaryIs>
                <LinearRing>
                    <coordinates>

                        68.45067038984595,16.18999731678702,0
                        68.52525289264284,16.26140155995267,0
                        69.00808044069049,15.754570662269547,0
                        68.93599627682073,15.68555823876853,0
                        68.45067038984595,16.18999731678702,0

                    </coordinates>
                </LinearRing>
            </outerBoundaryIs>

        </Polygon>

    </Placemark>
    
    <Placemark>

        <Style>
            <LineStyle>
                <width>0</width>
            </LineStyle>

            <PolyStyle>
                <color>b3ff9900</color>
                <outline>0</outline>
            </PolyStyle>
        </Style>

        <Polygon>
            <tessellate>1</tessellate>

            <outerBoundaryIs>
                <LinearRing>
                    <coordinates>

                        68.52525289264284,16.26140155995267,0
                        68.59985324445313,16.332116448408797,0
                        69.08014675554688,15.822883551591202,0
                        69.00808044069049,15.754570662269547,0
                        68.52525289264284,16.26140155995267,0

                    </coordinates>
                </LinearRing>
            </outerBoundaryIs>

        </Polygon>

    </Placemark>
    
    <Placemark>

        <Style>
            <LineStyle>
                <width>0</width>
            </LineStyle>

            <PolyStyle>
                <color>b3ff9b00</color>
                <outline>0</outline>
            </PolyStyle>
        </Style>

        <Polygon>
            <tessellate>1</tessellate>

            <outerBoundaryIs>
                <LinearRing>
                    <coordinates>

                        68.59985324445313,16.332116448408797,0
                        68.67447169056754,16.40214187429615,0
                        69.15219497609911,15.890497014592738,0
                        69.08014675554688,15.822883551591202,0
                        68.59985324445313,16.332116448408797,0

                    </coordinates>
                </LinearRing>
            </outerBoundaryIs>

        </Polygon>

    </Placemark>
    
    <Placemark>

        <Style>
            <LineStyle>
                <width>0</width>
            </LineStyle>

            <PolyStyle>
                <color>b3ff9e00</color>
                <outline>0</outline>
            </PolyStyle>
        </Style>

        <Polygon>
            <tessellate>1</tessellate>

            <outerBoundaryIs>
                <LinearRing>
                    <coordinates>

                        68.67447169056754,16.40214187429615,0
                        68.74910847754357,16.47147772396395,0
                        69.22422485578979,15.957411164924935,0
                        69.15219497609911,15.890497014592738,0
                        68.67447169056754,16.40214187429615,0

                    </coordinates>
                </LinearRing>
            </outerBoundaryIs>

        </Polygon>

    </Placemark>
    
    <Placemark>

        <Style>
            <LineStyle>
                <width>0</width>
            </LineStyle>

            <PolyStyle>
                <color>b3ffa000</color>
                <outline>0</outline>
            </PolyStyle>
        </Style>

        <Polygon>
            <tessellate>1</tessellate>

            <outerBoundaryIs>
                <LinearRing>
                    <coordinates>

                        68.74910847754357,16.47147772396395,0
                        68.82376385308034,16.540123877806952,0
                        69.29623614691967,16.023626122193047,0
                        69.22422485578979,15.957411164924935,0
                        68.74910847754357,16.47147772396395,0

                    </coordinates>
                </LinearRing>
            </outerBoundaryIs>

        </Polygon>

    </Placemark>
    
    <Placemark>

        <Style>
            <LineStyle>
                <width>0</width>
            </LineStyle>

            <PolyStyle>
                <color>b3ffa200</color>
                <outline>0</outline>
            </PolyStyle>
        </Style>

        <Polygon>
            <tessellate>1</tessellate>

            <outerBoundaryIs>
                <LinearRing>
                    <coordinates>

                        68.82376385308034,16.540123877806952,0
                        68.89843806588563,16.6080802101011,0
                        69.36822860078102,16.089142012121123,0
                        69.29623614691967,16.023626122193047,0
                        68.82376385308034,16.540123877806952,0

                    </coordinates>
                </LinearRing>
            </outerBoundaryIs>

        </Polygon>

    </Placemark>
    
    <Placemark>

        <Style>
            <LineStyle>
                <width>0</width>
            </LineStyle>

            <PolyStyle>
                <color>b3ffa500</color>
                <outline>0</outline>
            </PolyStyle>
        </Style>

        <Polygon>
            <tessellate>1</tessellate>

            <outerBoundaryIs>
                <LinearRing>
                    <coordinates>

                        68.89843806588563,16.6080802101011,0
                        68.97313136553427,16.675346588837805,0
                        69.44020196779906,16.153958966717745,0
                        69.36822860078102,16.089142012121123,0
                        68.89843806588563,16.6080802101011,0

                    </coordinates>
                </LinearRing>
            </outerBoundaryIs>

        </Polygon>

    </Placemark>
    
    <Placemark>

        <Style>
            <LineStyle>
                <width>0</width>
            </LineStyle>

            <PolyStyle>
                <color>b3ffa700</color>
                <outline>0</outline>
            </PolyStyle>
        </Style>

        <Polygon>
            <tessellate>1</tessellate>

            <outerBoundaryIs>
                <LinearRing>
                    <coordinates>

                        68.97313136553427,16.675346588837805,0
                        69.04784400231819,16.741922875557588,0
                        69.51215599768182,16.218077124442406,0
                        69.44020196779906,16.153958966717745,0
                        68.97313136553427,16.675346588837805,0

                    </coordinates>
                </LinearRing>
            </outerBoundaryIs>

        </Polygon>

    </Placemark>
    
    <Placemark>

        <Style>
            <LineStyle>
                <width>0</width>
            </LineStyle>

            <PolyStyle>
                <color>b3ffaa00</color>
                <outline>0</outline>
            </PolyStyle>
        </Style>

        <Polygon>
            <tessellate>1</tessellate>

            <outerBoundaryIs>
                <LinearRing>
                    <coordinates>

                        69.04784400231819,16.741922875557588,0
                        69.12257622708768,16.807808925182954,0
                        69.58409043957897,16.2814966303726,0
                        69.51215599768182,16.218077124442406,0
                        69.04784400231819,16.741922875557588,0

                    </coordinates>
                </LinearRing>
            </outerBoundaryIs>

        </Polygon>

    </Placemark>
    
    <Placemark>

        <Style>
            <LineStyle>
                <width>0</width>
            </LineStyle>

            <PolyStyle>
                <color>b3ffac00</color>
                <outline>0</outline>
            </PolyStyle>
        </Style>

        <Polygon>
            <tessellate>1</tessellate>

            <outerBoundaryIs>
                <LinearRing>
                    <coordinates>

                        69.12257622708768,16.807808925182954,0
                        69.19732829108338,16.873004585850595,0
                        69.65600504224997,16.34421763637163,0
                        69.58409043957897,16.2814966303726,0
                        69.12257622708768,16.807808925182954,0

                    </coordinates>
                </LinearRing>
            </outerBoundaryIs>

        </Polygon>

    </Placemark>
    
    <Placemark>

        <Style>
            <LineStyle>
                <width>0</width>
            </LineStyle>

            <PolyStyle>
                <color>b3ffae00</color>
                <outline>0</outline>
            </PolyStyle>
        </Style>

        <Polygon>
            <tessellate>1</tessellate>

            <outerBoundaryIs>
                <LinearRing>
                    <coordinates>

                        69.19732829108338,16.873004585850595,0
                        69.27210044575884,16.93750969874374,0
                        69.72789955424116,16.40624030125626,0
                        69.65600504224997,16.34421763637163,0
                        69.19732829108338,16.873004585850595,0

                    </coordinates>
                </LinearRing>
            </outerBoundaryIs>

        </Polygon>

    </Placemark>
    
    <Placemark>

        <Style>
            <LineStyle>
                <width>0</width>
            </LineStyle>

            <PolyStyle>
                <color>b3ffb100</color>
                <outline>0</outline>
            </PolyStyle>
        </Style>

        <Polygon>
            <tessellate>1</tessellate>

            <outerBoundaryIs>
                <LinearRing>
                    <coordinates>

                        69.27210044575884,16.93750969874374,0
                        69.34689294259366,17.00132409792454,0
                        69.79977372407302,16.467564790964342,0
                        69.72789955424116,16.40624030125626,0
                        69.27210044575884,16.93750969874374,0

                    </coordinates>
                </LinearRing>
            </outerBoundaryIs>

        </Polygon>

    </Placemark>
    
    <Placemark>

        <Style>
            <LineStyle>
                <width>0</width>
            </LineStyle>

            <PolyStyle>
                <color>b3ffb300</color>
                <outline>0</outline>
            </PolyStyle>
        </Style>

        <Polygon>
            <tessellate>1</tessellate>

            <outerBoundaryIs>
                <LinearRing>
                    <coordinates>

                        69.34689294259366,17.00132409792454,0
                        69.42170603289638,17.064447610166866,0
                        69.87162730043697,16.528191278722026,0
                        69.79977372407302,16.467564790964342,0
                        69.34689294259366,17.00132409792454,0

                    </coordinates>
                </LinearRing>
            </outerBoundaryIs>

        </Polygon>

    </Placemark>
    
    <Placemark>

        <Style>
            <LineStyle>
                <width>0</width>
            </LineStyle>

            <PolyStyle>
                <color>b3ffb500</color>
                <outline>0</outline>
            </PolyStyle>
        </Style>

        <Polygon>
            <tessellate>1</tessellate>

            <outerBoundaryIs>
                <LinearRing>
                    <coordinates>

                        69.42170603289638,17.064447610166866,0
                        69.49653996759754,17.126880054790053,0
                        69.94346003240246,16.58811994520995,0
                        69.87162730043697,16.528191278722026,0
                        69.42170603289638,17.064447610166866,0

                    </coordinates>
                </LinearRing>
            </outerBoundaryIs>

        </Polygon>

    </Placemark>
    
    <Placemark>

        <Style>
            <LineStyle>
                <width>0</width>
            </LineStyle>

            <PolyStyle>
                <color>b3ffb800</color>
                <outline>0</outline>
            </PolyStyle>
        </Style>

        <Polygon>
            <tessellate>1</tessellate>

            <outerBoundaryIs>
                <LinearRing>
                    <coordinates>

                        69.49653996759754,17.126880054790053,0
                        69.57139499703199,17.188621243493806,0
                        70.01527166963466,16.64735097872842,0
                        69.94346003240246,16.58811994520995,0
                        69.49653996759754,17.126880054790053,0

                    </coordinates>
                </LinearRing>
            </outerBoundaryIs>

        </Polygon>

    </Placemark>
    
    <Placemark>

        <Style>
            <LineStyle>
                <width>0</width>
            </LineStyle>

            <PolyStyle>
                <color>b3ffba00</color>
                <outline>0</outline>
            </PolyStyle>
        </Style>

        <Polygon>
            <tessellate>1</tessellate>

            <outerBoundaryIs>
                <LinearRing>
                    <coordinates>

                        69.57139499703199,17.188621243493806,0
                        69.64627137071066,17.249670980194573,0
                        70.08706196262268,16.705884575360983,0
                        70.01527166963466,16.64735097872842,0
                        69.57139499703199,17.188621243493806,0

                    </coordinates>
                </LinearRing>
            </outerBoundaryIs>

        </Polygon>

    </Placemark>
    
    <Placemark>

        <Style>
            <LineStyle>
                <width>0</width>
            </LineStyle>

            <PolyStyle>
                <color>b3ffbc00</color>
                <outline>0</outline>
            </PolyStyle>
        </Style>

        <Polygon>
            <tessellate>1</tessellate>

            <outerBoundaryIs>
                <LinearRing>
                    <coordinates>

                        69.64627137071066,17.249670980194573,0
                        69.7211693370814,17.310029060864217,0
                        70.15883066291859,16.763720939135787,0
                        70.08706196262268,16.705884575360983,0
                        69.64627137071066,17.249670980194573,0

                    </coordinates>
                </LinearRing>
            </outerBoundaryIs>

        </Polygon>

    </Placemark>
    
    <Placemark>

        <Style>
            <LineStyle>
                <width>0</width>
            </LineStyle>

            <PolyStyle>
                <color>b3ffbf00</color>
                <outline>0</outline>
            </PolyStyle>
        </Style>

        <Polygon>
            <tessellate>1</tessellate>

            <outerBoundaryIs>
                <LinearRing>
                    <coordinates>

                        69.7211693370814,17.310029060864217,0
                        69.79608914327896,17.369695273370944,0
                        70.23057752338768,16.82086028218461,0
                        70.15883066291859,16.763720939135787,0
                        69.7211693370814,17.310029060864217,0

                    </coordinates>
                </LinearRing>
            </outerBoundaryIs>

        </Polygon>

    </Placemark>
    
    <Placemark>

        <Style>
            <LineStyle>
                <width>0</width>
            </LineStyle>

            <PolyStyle>
                <color>b3ffc100</color>
                <outline>0</outline>
            </PolyStyle>
        </Style>

        <Polygon>
            <tessellate>1</tessellate>

            <outerBoundaryIs>
                <LinearRing>
                    <coordinates>

                        69.79608914327896,17.369695273370944,0
                        69.871031034863,17.42866939732308,0
                        70.30230229847035,16.877302824899143,0
                        70.23057752338768,16.82086028218461,0
                        69.79608914327896,17.369695273370944,0

                    </coordinates>
                </LinearRing>
            </outerBoundaryIs>

        </Polygon>

    </Placemark>
    
    <Placemark>

        <Style>
            <LineStyle>
                <width>0</width>
            </LineStyle>

            <PolyStyle>
                <color>b3ffc300</color>
                <outline>0</outline>
            </PolyStyle>
        </Style>

        <Polygon>
            <tessellate>1</tessellate>

            <outerBoundaryIs>
                <LinearRing>
                    <coordinates>

                        69.871031034863,17.42866939732308,0
                        69.94599525554523,17.486951203916586,0
                        70.37400474445477,16.933048796083416,0
                        70.30230229847035,16.877302824899143,0
                        69.871031034863,17.42866939732308,0

                    </coordinates>
                </LinearRing>
            </outerBoundaryIs>

        </Polygon>

    </Placemark>
    
    <Placemark>

        <Style>
            <LineStyle>
                <width>0</width>
            </LineStyle>

            <PolyStyle>
                <color>b3ffc600</color>
                <outline>0</outline>
            </PolyStyle>
        </Style>

        <Polygon>
            <tessellate>1</tessellate>

            <outerBoundaryIs>
                <LinearRing>
                    <coordinates>

                        69.94599525554523,17.486951203916586,0
                        70.02098204690463,17.54454045578628,0
                        70.44568461976203,16.98809843310261,0
                        70.37400474445477,16.933048796083416,0
                        69.94599525554523,17.486951203916586,0

                    </coordinates>
                </LinearRing>
            </outerBoundaryIs>

        </Polygon>

    </Placemark>
    
    <Placemark>

        <Style>
            <LineStyle>
                <width>0</width>
            </LineStyle>

            <PolyStyle>
                <color>b3ffc800</color>
                <outline>0</outline>
            </PolyStyle>
        </Style>

        <Polygon>
            <tessellate>1</tessellate>

            <outerBoundaryIs>
                <LinearRing>
                    <coordinates>

                        70.02098204690463,17.54454045578628,0
                        70.09599164809063,17.60143690686156,0
                        70.51734168524271,17.042451982027327,0
                        70.44568461976203,16.98809843310261,0
                        70.02098204690463,17.54454045578628,0

                    </coordinates>
                </LinearRing>
            </outerBoundaryIs>

        </Polygon>

    </Placemark>
    
    <Placemark>

        <Style>
            <LineStyle>
                <width>0</width>
            </LineStyle>

            <PolyStyle>
                <color>b3ffcb00</color>
                <outline>0</outline>
            </PolyStyle>
        </Style>

        <Polygon>
            <tessellate>1</tessellate>

            <outerBoundaryIs>
                <LinearRing>
                    <coordinates>

                        70.09599164809063,17.60143690686156,0
                        70.17102429551464,17.657640302227414,0
                        70.58897570448535,17.096109697772583,0
                        70.51734168524271,17.042451982027327,0
                        70.09599164809063,17.60143690686156,0

                    </coordinates>
                </LinearRing>
            </outerBoundaryIs>

        </Polygon>

    </Placemark>
    
    <Placemark>

        <Style>
            <LineStyle>
                <width>0</width>
            </LineStyle>

            <PolyStyle>
                <color>b3ffcd00</color>
                <outline>0</outline>
            </PolyStyle>
        </Style>

        <Polygon>
            <tessellate>1</tessellate>

            <outerBoundaryIs>
                <LinearRing>
                    <coordinates>

                        70.17102429551464,17.657640302227414,0
                        70.24608022252936,17.713150377990875,0
                        70.66058644413731,17.149071844231347,0
                        70.58897570448535,17.096109697772583,0
                        70.17102429551464,17.657640302227414,0

                    </coordinates>
                </LinearRing>
            </outerBoundaryIs>

        </Polygon>

    </Placemark>
    
    <Placemark>

        <Style>
            <LineStyle>
                <width>0</width>
            </LineStyle>

            <PolyStyle>
                <color>b3ffcf00</color>
                <outline>0</outline>
            </PolyStyle>
        </Style>

        <Polygon>
            <tessellate>1</tessellate>

            <outerBoundaryIs>
                <LinearRing>
                    <coordinates>

                        70.24608022252936,17.713150377990875,0
                        70.32115965909573,17.767966861153877,0
                        70.73217367423761,17.20133869440168,0
                        70.66058644413731,17.149071844231347,0
                        70.24608022252936,17.713150377990875,0

                    </coordinates>
                </LinearRing>
            </outerBoundaryIs>

        </Polygon>

    </Placemark>
    
    <Placemark>

        <Style>
            <LineStyle>
                <width>0</width>
            </LineStyle>

            <PolyStyle>
                <color>b3ffd200</color>
                <outline>0</outline>
            </PolyStyle>
        </Style>

        <Polygon>
            <tessellate>1</tessellate>

            <outerBoundaryIs>
                <LinearRing>
                    <coordinates>

                        70.32115965909573,17.767966861153877,0
                        70.39626283143815,17.822089469493164,0
                        70.80373716856184,17.25291053050684,0
                        70.73217367423761,17.20133869440168,0
                        70.32115965909573,17.767966861153877,0

                    </coordinates>
                </LinearRing>
            </outerBoundaryIs>

        </Polygon>

    </Placemark>
    
    <Placemark>

        <Style>
            <LineStyle>
                <width>0</width>
            </LineStyle>

            <PolyStyle>
                <color>b3ffd400</color>
                <outline>0</outline>
            </PolyStyle>
        </Style>

        <Polygon>
            <tessellate>1</tessellate>

            <outerBoundaryIs>
                <LinearRing>
                    <coordinates>

                        70.39626283143815,17.822089469493164,0
                        70.47138996168701,17.875517911447687,0
                        70.87527670497965,17.30378764410787,0
                        70.80373716856184,17.25291053050684,0
                        70.39626283143815,17.822089469493164,0

                    </coordinates>
                </LinearRing>
            </outerBoundaryIs>

        </Polygon>

    </Placemark>
    
    <Placemark>

        <Style>
            <LineStyle>
                <width>0</width>
            </LineStyle>

            <PolyStyle>
                <color>b3ffd600</color>
                <outline>0</outline>
            </PolyStyle>
        </Style>

        <Polygon>
            <tessellate>1</tessellate>

            <outerBoundaryIs>
                <LinearRing>
                    <coordinates>

                        70.47138996168701,17.875517911447687,0
                        70.5465412675092,17.928251886014404,0
                        70.94679206582414,17.35397033620782,0
                        70.87527670497965,17.30378764410787,0
                        70.47138996168701,17.875517911447687,0

                    </coordinates>
                </LinearRing>
            </outerBoundaryIs>

        </Polygon>

    </Placemark>
    
    <Placemark>

        <Style>
            <LineStyle>
                <width>0</width>
            </LineStyle>

            <PolyStyle>
                <color>b3ffd900</color>
                <outline>0</outline>
            </PolyStyle>
        </Style>

        <Polygon>
            <tessellate>1</tessellate>

            <outerBoundaryIs>
                <LinearRing>
                    <coordinates>

                        70.5465412675092,17.928251886014404,0
                        70.62171696172656,17.98029108265327,0
                        71.01828303827342,17.40345891734673,0
                        70.94679206582414,17.35397033620782,0
                        70.5465412675092,17.928251886014404,0

                    </coordinates>
                </LinearRing>
            </outerBoundaryIs>

        </Polygon>

    </Placemark>
    
    <Placemark>

        <Style>
            <LineStyle>
                <width>0</width>
            </LineStyle>

            <PolyStyle>
                <color>b3ffdb00</color>
                <outline>0</outline>
            </PolyStyle>
        </Style>

        <Polygon>
            <tessellate>1</tessellate>

            <outerBoundaryIs>
                <LinearRing>
                    <coordinates>

                        70.62171696172656,17.98029108265327,0
                        70.6969172519221,18.031635181201867,0
                        71.08974941474456,17.452253707687017,0
                        71.01828303827342,17.40345891734673,0
                        70.62171696172656,17.98029108265327,0

                    </coordinates>
                </LinearRing>
            </outerBoundaryIs>

        </Polygon>

    </Placemark>
    
    <Placemark>

        <Style>
            <LineStyle>
                <width>0</width>
            </LineStyle>

            <PolyStyle>
                <color>b3ffdd00</color>
                <outline>0</outline>
            </PolyStyle>
        </Style>

        <Polygon>
            <tessellate>1</tessellate>

            <outerBoundaryIs>
                <LinearRing>
                    <coordinates>

                        70.6969172519221,18.031635181201867,0
                        70.77214234003428,18.082283851800764,0
                        71.16119099329906,17.500355037088124,0
                        71.08974941474456,17.452253707687017,0
                        70.6969172519221,18.031635181201867,0

                    </coordinates>
                </LinearRing>
            </outerBoundaryIs>

        </Polygon>

    </Placemark>
    
    <Placemark>

        <Style>
            <LineStyle>
                <width>0</width>
            </LineStyle>

            <PolyStyle>
                <color>b3ffe000</color>
                <outline>0</outline>
            </PolyStyle>
        </Style>

        <Polygon>
            <tessellate>1</tessellate>

            <outerBoundaryIs>
                <LinearRing>
                    <coordinates>

                        70.77214234003428,18.082283851800764,0
                        70.84739242193969,18.132236754830295,0
                        71.23260757806032,17.547763245169712,0
                        71.16119099329906,17.500355037088124,0
                        70.77214234003428,18.082283851800764,0

                    </coordinates>
                </LinearRing>
            </outerBoundaryIs>

        </Polygon>

    </Placemark>
    
    <Placemark>

        <Style>
            <LineStyle>
                <width>0</width>
            </LineStyle>

            <PolyStyle>
                <color>b3ffe200</color>
                <outline>0</outline>
            </PolyStyle>
        </Style>

        <Polygon>
            <tessellate>1</tessellate>

            <outerBoundaryIs>
                <LinearRing>
                    <coordinates>

                        70.84739242193969,18.132236754830295,0
                        70.92266768702406,18.18149354085943,0
                        71.30399897964263,17.59447868136279,0
                        71.23260757806032,17.547763245169712,0
                        70.84739242193969,18.132236754830295,0

                    </coordinates>
                </LinearRing>
            </outerBoundaryIs>

        </Polygon>

    </Placemark>
    
    <Placemark>

        <Style>
            <LineStyle>
                <width>0</width>
            </LineStyle>

            <PolyStyle>
                <color>b3ffe500</color>
                <outline>0</outline>
            </PolyStyle>
        </Style>

        <Polygon>
            <tessellate>1</tessellate>

            <outerBoundaryIs>
                <LinearRing>
                    <coordinates>

                        70.92266768702406,18.18149354085943,0
                        70.99796831774208,18.230053850607877,0
                        71.37536501559126,17.640501704947678,0
                        71.30399897964263,17.59447868136279,0
                        70.92266768702406,18.18149354085943,0

                    </coordinates>
                </LinearRing>
            </outerBoundaryIs>

        </Polygon>

    </Placemark>
    
    <Placemark>

        <Style>
            <LineStyle>
                <width>0</width>
            </LineStyle>

            <PolyStyle>
                <color>b3ffe700</color>
                <outline>0</outline>
            </PolyStyle>
        </Style>

        <Polygon>
            <tessellate>1</tessellate>

            <outerBoundaryIs>
                <LinearRing>
                    <coordinates>

                        70.99796831774208,18.230053850607877,0
                        71.07329448916632,18.27791731492192,0
                        71.4467055108337,17.68583268507808,0
                        71.37536501559126,17.640501704947678,0
                        70.99796831774208,18.230053850607877,0

                    </coordinates>
                </LinearRing>
            </outerBoundaryIs>

        </Polygon>

    </Placemark>
    
    <Placemark>

        <Style>
            <LineStyle>
                <width>0</width>
            </LineStyle>

            <PolyStyle>
                <color>b3ffe900</color>
                <outline>0</outline>
            </PolyStyle>
        </Style>

        <Polygon>
            <tessellate>1</tessellate>

            <outerBoundaryIs>
                <LinearRing>
                    <coordinates>

                        71.07329448916632,18.27791731492192,0
                        71.14864636852539,18.325083554765087,0
                        71.5180202981413,17.73047200079047,0
                        71.4467055108337,17.68583268507808,0
                        71.07329448916632,18.27791731492192,0

                    </coordinates>
                </LinearRing>
            </outerBoundaryIs>

        </Polygon>

    </Placemark>
    
    <Placemark>

        <Style>
            <LineStyle>
                <width>0</width>
            </LineStyle>

            <PolyStyle>
                <color>b3ffec00</color>
                <outline>0</outline>
            </PolyStyle>
        </Style>

        <Polygon>
            <tessellate>1</tessellate>

            <outerBoundaryIs>
                <LinearRing>
                    <coordinates>

                        71.14864636852539,18.325083554765087,0
                        71.22402411473247,18.371552181224523,0
                        71.58930921860086,17.774420040997704,0
                        71.5180202981413,17.73047200079047,0
                        71.14864636852539,18.325083554765087,0

                    </coordinates>
                </LinearRing>
            </outerBoundaryIs>

        </Polygon>

    </Placemark>
    
    <Placemark>

        <Style>
            <LineStyle>
                <width>0</width>
            </LineStyle>

            <PolyStyle>
                <color>b3ffee00</color>
                <outline>0</outline>
            </PolyStyle>
        </Style>

        <Polygon>
            <tessellate>1</tessellate>

            <outerBoundaryIs>
                <LinearRing>
                    <coordinates>

                        71.22402411473247,18.371552181224523,0
                        71.29942787790378,18.41732279553375,0
                        71.6605721220962,17.81767720446625,0
                        71.58930921860086,17.774420040997704,0
                        71.22402411473247,18.371552181224523,0

                    </coordinates>
                </LinearRing>
            </outerBoundaryIs>

        </Polygon>

    </Placemark>
    
    <Placemark>

        <Style>
            <LineStyle>
                <width>0</width>
            </LineStyle>

            <PolyStyle>
                <color>b3fff000</color>
                <outline>0</outline>
            </PolyStyle>
        </Style>

        <Polygon>
            <tessellate>1</tessellate>

            <outerBoundaryIs>
                <LinearRing>
                    <coordinates>

                        71.29942787790378,18.41732279553375,0
                        71.37485779886823,18.462394989112887,0
                        71.73180886779842,17.860243899776002,0
                        71.6605721220962,17.81767720446625,0
                        71.29942787790378,18.41732279553375,0

                    </coordinates>
                </LinearRing>
            </outerBoundaryIs>

        </Polygon>

    </Placemark>
    
    <Placemark>

        <Style>
            <LineStyle>
                <width>0</width>
            </LineStyle>

            <PolyStyle>
                <color>b3fff300</color>
                <outline>0</outline>
            </PolyStyle>
        </Style>

        <Polygon>
            <tessellate>1</tessellate>

            <outerBoundaryIs>
                <LinearRing>
                    <coordinates>

                        71.37485779886823,18.462394989112887,0
                        71.45031400866874,18.506768343627204,0
                        71.80301932466459,17.902120545261685,0
                        71.73180886779842,17.860243899776002,0
                        71.37485779886823,18.462394989112887,0

                    </coordinates>
                </LinearRing>
            </outerBoundaryIs>

        </Polygon>

    </Placemark>
    
    <Placemark>

        <Style>
            <LineStyle>
                <width>0</width>
            </LineStyle>

            <PolyStyle>
                <color>b3fff500</color>
                <outline>0</outline>
            </PolyStyle>
        </Style>

        <Polygon>
            <tessellate>1</tessellate>

            <outerBoundaryIs>
                <LinearRing>
                    <coordinates>

                        71.45031400866874,18.506768343627204,0
                        71.52579662805579,18.550442431064774,0
                        71.87420337194422,17.943307568935225,0
                        71.80301932466459,17.902120545261685,0
                        71.45031400866874,18.506768343627204,0

                    </coordinates>
                </LinearRing>
            </outerBoundaryIs>

        </Polygon>

    </Placemark>
    
    <Placemark>

        <Style>
            <LineStyle>
                <width>0</width>
            </LineStyle>

            <PolyStyle>
                <color>b3fff700</color>
                <outline>0</outline>
            </PolyStyle>
        </Style>

        <Polygon>
            <tessellate>1</tessellate>

            <outerBoundaryIs>
                <LinearRing>
                    <coordinates>

                        71.52579662805579,18.550442431064774,0
                        71.60130576697418,18.593416813834253,0
                        71.94536089969247,17.983805408387973,0
                        71.87420337194422,17.943307568935225,0
                        71.52579662805579,18.550442431064774,0

                    </coordinates>
                </LinearRing>
            </outerBoundaryIs>

        </Polygon>

    </Placemark>
    
    <Placemark>

        <Style>
            <LineStyle>
                <width>0</width>
            </LineStyle>

            <PolyStyle>
                <color>b3fffa00</color>
                <outline>0</outline>
            </PolyStyle>
        </Style>

        <Polygon>
            <tessellate>1</tessellate>

            <outerBoundaryIs>
                <LinearRing>
                    <coordinates>

                        71.60130576697418,18.593416813834253,0
                        71.67684152404358,18.63569104488346,0
                        72.01649180928975,18.023614510672097,0
                        71.94536089969247,17.983805408387973,0
                        71.60130576697418,18.593416813834253,0

                    </coordinates>
                </LinearRing>
            </outerBoundaryIs>

        </Polygon>

    </Placemark>
    
    <Placemark>

        <Style>
            <LineStyle>
                <width>0</width>
            </LineStyle>

            <PolyStyle>
                <color>b3fffc00</color>
                <outline>0</outline>
            </PolyStyle>
        </Style>

        <Polygon>
            <tessellate>1</tessellate>

            <outerBoundaryIs>
                <LinearRing>
                    <coordinates>

                        71.67684152404358,18.63569104488346,0
                        71.69919624250437,18.64799299144607,0
                        72.03662854281731,18.034690910326564,0
                        72.01649180928975,18.023614510672097,0
                        71.67684152404358,18.63569104488346,0

                    </coordinates>
                </LinearRing>
            </outerBoundaryIs>

        </Polygon>

    </Placemark>
    
    <Placemark>

        <Style>
            <LineStyle>
                <width>0</width>
            </LineStyle>

            <PolyStyle>
                <color>b3ffff00</color>
                <outline>0</outline>
            </PolyStyle>
        </Style>

        <Polygon>

            <outerBoundaryIs>
                <LinearRing>
                    <coordinates>

                        72.8,18.8,0
                        71.60263727050781,18.879514112099933,0
                        71.69919624250437,18.64799299144607,0
                        72.03662854281731,18.034690910326564,0
                        72.132457394216,17.802810514765067,0
                        72.8,18.8,0

                    </coordinates>
                </LinearRing>
            </outerBoundaryIs>

        </Polygon>

    </Placemark>
    
    <Placemark>

        <Style>
            <LineStyle>
                <width>0</width>
            </LineStyle>

            <PolyStyle>
                <color>b3ff0000</color>
                <outline>0</outline>
            </PolyStyle>
        </Style>

        <Polygon>
            <tessellate>1</tessellate>

            <outerBoundaryIs>
                <LinearRing>
                    <coordinates>

                        65.72035116964291,6.210467412394197,0
                        65.7957054802743,6.310590141113878,0
                        66.35429451972571,5.888715414441678,0
                        66.27964883035709,5.789532587605803,0
                        65.72035116964291,6.210467412394197,0

                    </coordinates>
                </LinearRing>
            </outerBoundaryIs>

        </Polygon>

    </Placemark>
    
    <Placemark>

        <Style>
            <LineStyle>
                <width>0</width>
            </LineStyle>

            <PolyStyle>
                <color>b3ff0200</color>
                <outline>0</outline>
            </PolyStyle>
        </Style>

        <Polygon>
            <tessellate>1</tessellate>

            <outerBoundaryIs>
                <LinearRing>
                    <coordinates>

                        65.7957054802743,6.310590141113878,0
                        65.87141966012058,6.410490780340303,0
                        66.4285803398794,5.9867314418819175,0
                        66.35429451972571,5.888715414441678,0
                        65.7957054802743,6.310590141113878,0

                    </coordinates>
                </LinearRing>
            </outerBoundaryIs>

        </Polygon>

    </Placemark>
    
    <Placemark>

        <Style>
            <LineStyle>
                <width>0</width>
            </LineStyle>

            <PolyStyle>
                <color>b3ff0400</color>
                <outline>0</outline>
            </PolyStyle>
        </Style>

        <Polygon>
            <tessellate>1</tessellate>

            <outerBoundaryIs>
                <LinearRing>
                    <coordinates>

                        65.87141966012058,6.410490780340303,0
                        65.94714346313548,6.509702970252166,0
                        66.50285653686451,6.084047029747833,0
                        66.4285803398794,5.9867314418819175,0
                        65.87141966012058,6.410490780340303,0

                    </coordinates>
                </LinearRing>
            </outerBoundaryIs>

        </Polygon>

    </Placemark>
    
    <Placemark>

        <Style>
            <LineStyle>
                <width>0</width>
            </LineStyle>

            <PolyStyle>
                <color>b3ff0700</color>
                <outline>0</outline>
            </PolyStyle>
        </Style>

        <Polygon>
            <tessellate>1</tessellate>

            <outerBoundaryIs>
                <LinearRing>
                    <coordinates>

                        65.94714346313548,6.509702970252166,0
                        66.0228770373028,6.608226725155291,0
                        66.57712296269719,6.180662163733597,0
                        66.50285653686451,6.084047029747833,0
                        65.94714346313548,6.509702970252166,0

                    </coordinates>
                </LinearRing>
            </outerBoundaryIs>

        </Polygon>

    </Placemark>
    
    <Placemark>

        <Style>
            <LineStyle>
                <width>0</width>
            </LineStyle>

            <PolyStyle>
                <color>b3ff0900</color>
                <outline>0</outline>
            </PolyStyle>
        </Style>

        <Polygon>
            <tessellate>1</tessellate>

            <outerBoundaryIs>
                <LinearRing>
                    <coordinates>

                        66.0228770373028,6.608226725155291,0
                        66.09862053279254,6.706062058068563,0
                        66.65137946720746,6.2765768308203285,0
                        66.57712296269719,6.180662163733597,0
                        66.0228770373028,6.608226725155291,0

                    </coordinates>
                </LinearRing>
            </outerBoundaryIs>

        </Polygon>

    </Placemark>
    
    <Placemark>

        <Style>
            <LineStyle>
                <width>0</width>
            </LineStyle>

            <PolyStyle>
                <color>b3ff0b00</color>
                <outline>0</outline>
            </PolyStyle>
        </Style>

        <Polygon>
            <tessellate>1</tessellate>

            <outerBoundaryIs>
                <LinearRing>
                    <coordinates>

                        66.09862053279254,6.706062058068563,0
                        66.17437410197732,6.803208980664211,0
                        66.72562589802268,6.371791019335788,0
                        66.65137946720746,6.2765768308203285,0
                        66.09862053279254,6.706062058068563,0

                    </coordinates>
                </LinearRing>
            </outerBoundaryIs>

        </Polygon>

    </Placemark>
    
    <Placemark>

        <Style>
            <LineStyle>
                <width>0</width>
            </LineStyle>

            <PolyStyle>
                <color>b3ff0e00</color>
                <outline>0</outline>
            </PolyStyle>
        </Style>

        <Polygon>
            <tessellate>1</tessellate>

            <outerBoundaryIs>
                <LinearRing>
                    <coordinates>

                        66.17437410197732,6.803208980664211,0
                        66.25013789944833,6.8996675032063495,0
                        66.79986210055165,6.466304719015873,0
                        66.72562589802268,6.371791019335788,0
                        66.17437410197732,6.803208980664211,0

                    </coordinates>
                </LinearRing>
            </outerBoundaryIs>

        </Polygon>

    </Placemark>
    
    <Placemark>

        <Style>
            <LineStyle>
                <width>0</width>
            </LineStyle>

            <PolyStyle>
                <color>b3ff1000</color>
                <outline>0</outline>
            </PolyStyle>
        </Style>

        <Polygon>
            <tessellate>1</tessellate>

            <outerBoundaryIs>
                <LinearRing>
                    <coordinates>

                        66.25013789944833,6.8996675032063495,0
                        66.32591208202994,6.995437634487352,0
                        66.87408791797007,6.560117921068203,0
                        66.79986210055165,6.466304719015873,0
                        66.25013789944833,6.8996675032063495,0

                    </coordinates>
                </LinearRing>
            </outerBoundaryIs>

        </Polygon>

    </Placemark>
    
    <Placemark>

        <Style>
            <LineStyle>
                <width>0</width>
            </LineStyle>

            <PolyStyle>
                <color>b3ff1300</color>
                <outline>0</outline>
            </PolyStyle>
        </Style>

        <Polygon>
            <tessellate>1</tessellate>

            <outerBoundaryIs>
                <LinearRing>
                    <coordinates>

                        66.32591208202994,6.995437634487352,0
                        66.40169680879336,7.0905193817624035,0
                        66.94830319120666,6.653230618237599,0
                        66.87408791797007,6.560117921068203,0
                        66.32591208202994,6.995437634487352,0

                    </coordinates>
                </LinearRing>
            </outerBoundaryIs>

        </Polygon>

    </Placemark>
    
    <Placemark>

        <Style>
            <LineStyle>
                <width>0</width>
            </LineStyle>

            <PolyStyle>
                <color>b3ff1500</color>
                <outline>0</outline>
            </PolyStyle>
        </Style>

        <Polygon>
            <tessellate>1</tessellate>

            <outerBoundaryIs>
                <LinearRing>
                    <coordinates>

                        66.40169680879336,7.0905193817624035,0
                        66.47749224106953,7.1849127506821295,0
                        67.02250775893044,6.745642804873424,0
                        66.94830319120666,6.653230618237599,0
                        66.40169680879336,7.0905193817624035,0

                    </coordinates>
                </LinearRing>
            </outerBoundaryIs>

        </Polygon>

    </Placemark>
    
    <Placemark>

        <Style>
            <LineStyle>
                <width>0</width>
            </LineStyle>

            <PolyStyle>
                <color>b3ff1700</color>
                <outline>0</outline>
            </PolyStyle>
        </Style>

        <Polygon>
            <tessellate>1</tessellate>

            <outerBoundaryIs>
                <LinearRing>
                    <coordinates>

                        66.47749224106953,7.1849127506821295,0
                        66.55329854246028,7.2786177452228085,0
                        67.0967014575397,6.837354476999414,0
                        67.02250775893044,6.745642804873424,0
                        66.47749224106953,7.1849127506821295,0

                    </coordinates>
                </LinearRing>
            </outerBoundaryIs>

        </Polygon>

    </Placemark>
    
    <Placemark>

        <Style>
            <LineStyle>
                <width>0</width>
            </LineStyle>

            <PolyStyle>
                <color>b3ff1a00</color>
                <outline>0</outline>
            </PolyStyle>
        </Style>

        <Polygon>
            <tessellate>1</tessellate>

            <outerBoundaryIs>
                <LinearRing>
                    <coordinates>

                        66.55329854246028,7.2786177452228085,0
                        66.62911587884844,7.371634367614648,0
                        67.17088412115157,6.928365632385352,0
                        67.0967014575397,6.837354476999414,0
                        66.55329854246028,7.2786177452228085,0

                    </coordinates>
                </LinearRing>
            </outerBoundaryIs>

        </Polygon>

    </Placemark>
    
    <Placemark>

        <Style>
            <LineStyle>
                <width>0</width>
            </LineStyle>

            <PolyStyle>
                <color>b3ff1c00</color>
                <outline>0</outline>
            </PolyStyle>
        </Style>

        <Polygon>
            <tessellate>1</tessellate>

            <outerBoundaryIs>
                <LinearRing>
                    <coordinates>

                        66.62911587884844,7.371634367614648,0
                        66.70494441840668,7.4639626182681695,0
                        67.2450555815933,7.018676270620718,0
                        67.17088412115157,6.928365632385352,0
                        66.62911587884844,7.371634367614648,0

                    </coordinates>
                </LinearRing>
            </outerBoundaryIs>

        </Polygon>

    </Placemark>
    
    <Placemark>

        <Style>
            <LineStyle>
                <width>0</width>
            </LineStyle>

            <PolyStyle>
                <color>b3ff1e00</color>
                <outline>0</outline>
            </PolyStyle>
        </Style>

        <Polygon>
            <tessellate>1</tessellate>

            <outerBoundaryIs>
                <LinearRing>
                    <coordinates>

                        66.70494441840668,7.4639626182681695,0
                        66.78078433160485,7.555602495698026,0
                        67.31921566839515,7.108286393190862,0
                        67.2450555815933,7.018676270620718,0
                        66.70494441840668,7.4639626182681695,0

                    </coordinates>
                </LinearRing>
            </outerBoundaryIs>

        </Polygon>

    </Placemark>
    
    <Placemark>

        <Style>
            <LineStyle>
                <width>0</width>
            </LineStyle>

            <PolyStyle>
                <color>b3ff2100</color>
                <outline>0</outline>
            </PolyStyle>
        </Style>

        <Polygon>
            <tessellate>1</tessellate>

            <outerBoundaryIs>
                <LinearRing>
                    <coordinates>

                        66.78078433160485,7.555602495698026,0
                        66.85663579121537,7.646553996444703,0
                        67.39336420878463,7.197196003555297,0
                        67.31921566839515,7.108286393190862,0
                        66.78078433160485,7.555602495698026,0

                    </coordinates>
                </LinearRing>
            </outerBoundaryIs>

        </Polygon>

    </Placemark>
    
    <Placemark>

        <Style>
            <LineStyle>
                <width>0</width>
            </LineStyle>

            <PolyStyle>
                <color>b3ff2300</color>
                <outline>0</outline>
            </PolyStyle>
        </Style>

        <Polygon>
            <tessellate>1</tessellate>

            <outerBoundaryIs>
                <LinearRing>
                    <coordinates>

                        66.85663579121537,7.646553996444703,0
                        66.93249897231756,7.736817114994125,0
                        67.46750102768245,7.285405107228097,0
                        67.39336420878463,7.197196003555297,0
                        66.85663579121537,7.646553996444703,0

                    </coordinates>
                </LinearRing>
            </outerBoundaryIs>

        </Polygon>

    </Placemark>
    
    <Placemark>

        <Style>
            <LineStyle>
                <width>0</width>
            </LineStyle>

            <PolyStyle>
                <color>b3ff2600</color>
                <outline>0</outline>
            </PolyStyle>
        </Style>

        <Polygon>
            <tessellate>1</tessellate>

            <outerBoundaryIs>
                <LinearRing>
                    <coordinates>

                        66.93249897231756,7.736817114994125,0
                        67.00837405229971,7.826391843694795,0
                        67.5416259477003,7.372913711860763,0
                        67.46750102768245,7.285405107228097,0
                        66.93249897231756,7.736817114994125,0

                    </coordinates>
                </LinearRing>
            </outerBoundaryIs>

        </Polygon>

    </Placemark>
    
    <Placemark>

        <Style>
            <LineStyle>
                <width>0</width>
            </LineStyle>

            <PolyStyle>
                <color>b3ff2800</color>
                <outline>0</outline>
            </PolyStyle>
        </Style>

        <Polygon>
            <tessellate>1</tessellate>

            <outerBoundaryIs>
                <LinearRing>
                    <coordinates>

                        67.00837405229971,7.826391843694795,0
                        67.08426121085947,7.915278172672727,0
                        67.61573878914052,7.459721827327273,0
                        67.5416259477003,7.372913711860763,0
                        67.00837405229971,7.826391843694795,0

                    </coordinates>
                </LinearRing>
            </outerBoundaryIs>

        </Polygon>

    </Placemark>
    
    <Placemark>

        <Style>
            <LineStyle>
                <width>0</width>
            </LineStyle>

            <PolyStyle>
                <color>b3ff2a00</color>
                <outline>0</outline>
            </PolyStyle>
        </Style>

        <Polygon>
            <tessellate>1</tessellate>

            <outerBoundaryIs>
                <LinearRing>
                    <coordinates>

                        67.08426121085947,7.915278172672727,0
                        67.16016063000218,8.003476089743929,0
                        67.68983936999781,7.545829465811626,0
                        67.61573878914052,7.459721827327273,0
                        67.08426121085947,7.915278172672727,0

                    </coordinates>
                </LinearRing>
            </outerBoundaryIs>

        </Polygon>

    </Placemark>
    
    <Placemark>

        <Style>
            <LineStyle>
                <width>0</width>
            </LineStyle>

            <PolyStyle>
                <color>b3ff2d00</color>
                <outline>0</outline>
            </PolyStyle>
        </Style>

        <Polygon>
            <tessellate>1</tessellate>

            <outerBoundaryIs>
                <LinearRing>
                    <coordinates>

                        67.16016063000218,8.003476089743929,0
                        67.23607249403702,8.090985580324551,0
                        67.76392750596298,7.63123664189767,0
                        67.68983936999781,7.545829465811626,0
                        67.16016063000218,8.003476089743929,0

                    </coordinates>
                </LinearRing>
            </outerBoundaryIs>

        </Polygon>

    </Placemark>
    
    <Placemark>

        <Style>
            <LineStyle>
                <width>0</width>
            </LineStyle>

            <PolyStyle>
                <color>b3ff2f00</color>
                <outline>0</outline>
            </PolyStyle>
        </Style>

        <Polygon>
            <tessellate>1</tessellate>

            <outerBoundaryIs>
                <LinearRing>
                    <coordinates>

                        67.23607249403702,8.090985580324551,0
                        67.31199698957106,8.177806627338736,0
                        67.83800301042892,7.715943372661261,0
                        67.76392750596298,7.63123664189767,0
                        67.23607249403702,8.090985580324551,0

                    </coordinates>
                </LinearRing>
            </outerBoundaryIs>

        </Polygon>

    </Placemark>
    
    <Placemark>

        <Style>
            <LineStyle>
                <width>0</width>
            </LineStyle>

            <PolyStyle>
                <color>b3ff3200</color>
                <outline>0</outline>
            </PolyStyle>
        </Style>

        <Polygon>
            <tessellate>1</tessellate>

            <outerBoundaryIs>
                <LinearRing>
                    <coordinates>

                        67.31199698957106,8.177806627338736,0
                        67.38793430550076,8.263939211123859,0
                        67.91206569449922,7.799949677765032,0
                        67.83800301042892,7.715943372661261,0
                        67.31199698957106,8.177806627338736,0

                    </coordinates>
                </LinearRing>
            </outerBoundaryIs>

        </Polygon>

    </Placemark>
    
    <Placemark>

        <Style>
            <LineStyle>
                <width>0</width>
            </LineStyle>

            <PolyStyle>
                <color>b3ff3400</color>
                <outline>0</outline>
            </PolyStyle>
        </Style>

        <Polygon>
            <tessellate>1</tessellate>

            <outerBoundaryIs>
                <LinearRing>
                    <coordinates>

                        67.38793430550076,8.263939211123859,0
                        67.463884633001,8.34938330933341,0
                        67.98611536699899,7.883255579555479,0
                        67.91206569449922,7.799949677765032,0
                        67.38793430550076,8.263939211123859,0

                    </coordinates>
                </LinearRing>
            </outerBoundaryIs>

        </Polygon>

    </Placemark>
    
    <Placemark>

        <Style>
            <LineStyle>
                <width>0</width>
            </LineStyle>

            <PolyStyle>
                <color>b3ff3600</color>
                <outline>0</outline>
            </PolyStyle>
        </Style>

        <Polygon>
            <tessellate>1</tessellate>

            <outerBoundaryIs>
                <LinearRing>
                    <coordinates>

                        67.463884633001,8.34938330933341,0
                        67.53984816551147,8.434138896837435,0
                        68.06015183448855,7.965861103162568,0
                        67.98611536699899,7.883255579555479,0
                        67.463884633001,8.34938330933341,0

                    </coordinates>
                </LinearRing>
            </outerBoundaryIs>

        </Polygon>

    </Placemark>
    
    <Placemark>

        <Style>
            <LineStyle>
                <width>0</width>
            </LineStyle>

            <PolyStyle>
                <color>b3ff3900</color>
                <outline>0</outline>
            </PolyStyle>
        </Style>

        <Polygon>
            <tessellate>1</tessellate>

            <outerBoundaryIs>
                <LinearRing>
                    <coordinates>

                        67.53984816551147,8.434138896837435,0
                        67.6158250987203,8.51820594562058,0
                        68.13417490127968,8.047766276601642,0
                        68.06015183448855,7.965861103162568,0
                        67.53984816551147,8.434138896837435,0

                    </coordinates>
                </LinearRing>
            </outerBoundaryIs>

        </Polygon>

    </Placemark>
    
    <Placemark>

        <Style>
            <LineStyle>
                <width>0</width>
            </LineStyle>

            <PolyStyle>
                <color>b3ff3b00</color>
                <outline>0</outline>
            </PolyStyle>
        </Style>

        <Polygon>
            <tessellate>1</tessellate>

            <outerBoundaryIs>
                <LinearRing>
                    <coordinates>

                        67.6158250987203,8.51820594562058,0
                        67.69181563054467,8.601584424677416,0
                        68.20818436945534,8.128971130878138,0
                        68.13417490127968,8.047766276601642,0
                        67.6158250987203,8.51820594562058,0

                    </coordinates>
                </LinearRing>
            </outerBoundaryIs>

        </Polygon>

    </Placemark>
    
    <Placemark>

        <Style>
            <LineStyle>
                <width>0</width>
            </LineStyle>

            <PolyStyle>
                <color>b3ff3d00</color>
                <outline>0</outline>
            </PolyStyle>
        </Style>

        <Polygon>
            <tessellate>1</tessellate>

            <outerBoundaryIs>
                <LinearRing>
                    <coordinates>

                        67.69181563054467,8.601584424677416,0
                        67.76781996110815,8.684274299905415,0
                        68.28218003889187,8.20947570009459,0
                        68.20818436945534,8.128971130878138,0
                        67.69181563054467,8.601584424677416,0

                    </coordinates>
                </LinearRing>
            </outerBoundaryIs>

        </Polygon>

    </Placemark>
    
    <Placemark>

        <Style>
            <LineStyle>
                <width>0</width>
            </LineStyle>

            <PolyStyle>
                <color>b3ff4000</color>
                <outline>0</outline>
            </PolyStyle>
        </Style>

        <Polygon>
            <tessellate>1</tessellate>

            <outerBoundaryIs>
                <LinearRing>
                    <coordinates>

                        67.76781996110815,8.684274299905415,0
                        67.8438382927152,8.766275533995612,0
                        68.35616170728478,8.289280021559941,0
                        68.28218003889187,8.20947570009459,0
                        67.76781996110815,8.684274299905415,0

                    </coordinates>
                </LinearRing>
            </outerBoundaryIs>

        </Polygon>

    </Placemark>
    
    <Placemark>

        <Style>
            <LineStyle>
                <width>0</width>
            </LineStyle>

            <PolyStyle>
                <color>b3ff4200</color>
                <outline>0</outline>
            </PolyStyle>
        </Style>

        <Polygon>
            <tessellate>1</tessellate>

            <outerBoundaryIs>
                <LinearRing>
                    <coordinates>

                        67.8438382927152,8.766275533995612,0
                        67.91987082982186,8.84758808632044,0
                        68.43012917017813,8.368384135901783,0
                        68.35616170728478,8.289280021559941,0
                        67.8438382927152,8.766275533995612,0

                    </coordinates>
                </LinearRing>
            </outerBoundaryIs>

        </Polygon>

    </Placemark>
    
    <Placemark>

        <Style>
            <LineStyle>
                <width>0</width>
            </LineStyle>

            <PolyStyle>
                <color>b3ff4500</color>
                <outline>0</outline>
            </PolyStyle>
        </Style>

        <Polygon>
            <tessellate>1</tessellate>

            <outerBoundaryIs>
                <LinearRing>
                    <coordinates>

                        67.91987082982186,8.84758808632044,0
                        67.99591777900278,8.928211912819291,0
                        68.50408222099722,8.446788087180709,0
                        68.43012917017813,8.368384135901783,0
                        67.91987082982186,8.84758808632044,0

                    </coordinates>
                </LinearRing>
            </outerBoundaryIs>

        </Polygon>

    </Placemark>
    
    <Placemark>

        <Style>
            <LineStyle>
                <width>0</width>
            </LineStyle>

            <PolyStyle>
                <color>b3ff4700</color>
                <outline>0</outline>
            </PolyStyle>
        </Style>

        <Polygon>
            <tessellate>1</tessellate>

            <outerBoundaryIs>
                <LinearRing>
                    <coordinates>

                        67.99591777900278,8.928211912819291,0
                        68.07197934891488,9.008146965881654,0
                        68.57802065108513,8.52449192300724,0
                        68.50408222099722,8.446788087180709,0
                        67.99591777900278,8.928211912819291,0

                    </coordinates>
                </LinearRing>
            </outerBoundaryIs>

        </Polygon>

    </Placemark>
    
    <Placemark>

        <Style>
            <LineStyle>
                <width>0</width>
            </LineStyle>

            <PolyStyle>
                <color>b3ff4900</color>
                <outline>0</outline>
            </PolyStyle>
        </Style>

        <Polygon>
            <tessellate>1</tessellate>

            <outerBoundaryIs>
                <LinearRing>
                    <coordinates>

                        68.07197934891488,9.008146965881654,0
                        68.14805575025662,9.087393194227683,0
                        68.6519442497434,8.601495694661207,0
                        68.57802065108513,8.52449192300724,0
                        68.07197934891488,9.008146965881654,0

                    </coordinates>
                </LinearRing>
            </outerBoundaryIs>

        </Polygon>

    </Placemark>
    
    <Placemark>

        <Style>
            <LineStyle>
                <width>0</width>
            </LineStyle>

            <PolyStyle>
                <color>b3ff4c00</color>
                <outline>0</outline>
            </PolyStyle>
        </Style>

        <Polygon>
            <tessellate>1</tessellate>

            <outerBoundaryIs>
                <LinearRing>
                    <coordinates>

                        68.14805575025662,9.087393194227683,0
                        68.22414719572326,9.165950542786439,0
                        68.72585280427676,8.677799457213561,0
                        68.6519442497434,8.601495694661207,0
                        68.14805575025662,9.087393194227683,0

                    </coordinates>
                </LinearRing>
            </outerBoundaryIs>

        </Polygon>

    </Placemark>
    
    <Placemark>

        <Style>
            <LineStyle>
                <width>0</width>
            </LineStyle>

            <PolyStyle>
                <color>b3ff4e00</color>
                <outline>0</outline>
            </PolyStyle>
        </Style>

        <Polygon>
            <tessellate>1</tessellate>

            <outerBoundaryIs>
                <LinearRing>
                    <coordinates>

                        68.22414719572326,9.165950542786439,0
                        68.30025389995797,9.243818952571766,0
                        68.79974610004203,8.753403269650457,0
                        68.72585280427676,8.677799457213561,0
                        68.22414719572326,9.165950542786439,0

                    </coordinates>
                </LinearRing>
            </outerBoundaryIs>

        </Polygon>

    </Placemark>
    
    <Placemark>

        <Style>
            <LineStyle>
                <width>0</width>
            </LineStyle>

            <PolyStyle>
                <color>b3ff5100</color>
                <outline>0</outline>
            </PolyStyle>
        </Style>

        <Polygon>
            <tessellate>1</tessellate>

            <outerBoundaryIs>
                <LinearRing>
                    <coordinates>

                        68.30025389995797,9.243818952571766,0
                        68.37637607949803,9.320998360555786,0
                        68.87362392050194,8.828307194999768,0
                        68.79974610004203,8.753403269650457,0
                        68.30025389995797,9.243818952571766,0

                    </coordinates>
                </LinearRing>
            </outerBoundaryIs>

        </Polygon>

    </Placemark>
    
    <Placemark>

        <Style>
            <LineStyle>
                <width>0</width>
            </LineStyle>

            <PolyStyle>
                <color>b3ff5300</color>
                <outline>0</outline>
            </PolyStyle>
        </Style>

        <Polygon>
            <tessellate>1</tessellate>

            <outerBoundaryIs>
                <LinearRing>
                    <coordinates>

                        68.37637607949803,9.320998360555786,0
                        68.45251395271659,9.397488699540071,0
                        68.94748604728339,8.902511300459926,0
                        68.87362392050194,8.828307194999768,0
                        68.37637607949803,9.320998360555786,0

                    </coordinates>
                </LinearRing>
            </outerBoundaryIs>

        </Polygon>

    </Placemark>
    
    <Placemark>

        <Style>
            <LineStyle>
                <width>0</width>
            </LineStyle>

            <PolyStyle>
                <color>b3ff5500</color>
                <outline>0</outline>
            </PolyStyle>
        </Style>

        <Polygon>
            <tessellate>1</tessellate>

            <outerBoundaryIs>
                <LinearRing>
                    <coordinates>

                        68.45251395271659,9.397488699540071,0
                        68.52866773975926,9.47328989802472,0
                        69.02133226024073,8.976015657530834,0
                        68.94748604728339,8.902511300459926,0
                        68.45251395271659,9.397488699540071,0

                    </coordinates>
                </LinearRing>
            </outerBoundaryIs>

        </Polygon>

    </Placemark>
    
    <Placemark>

        <Style>
            <LineStyle>
                <width>0</width>
            </LineStyle>

            <PolyStyle>
                <color>b3ff5800</color>
                <outline>0</outline>
            </PolyStyle>
        </Style>

        <Polygon>
            <tessellate>1</tessellate>

            <outerBoundaryIs>
                <LinearRing>
                    <coordinates>

                        68.52866773975926,9.47328989802472,0
                        68.6048376624758,9.548401880075213,0
                        69.09516233752419,9.048820342147009,0
                        69.02133226024073,8.976015657530834,0
                        68.52866773975926,9.47328989802472,0

                    </coordinates>
                </LinearRing>
            </outerBoundaryIs>

        </Polygon>

    </Placemark>
    
    <Placemark>

        <Style>
            <LineStyle>
                <width>0</width>
            </LineStyle>

            <PolyStyle>
                <color>b3ff5a00</color>
                <outline>0</outline>
            </PolyStyle>
        </Style>

        <Polygon>
            <tessellate>1</tessellate>

            <outerBoundaryIs>
                <LinearRing>
                    <coordinates>

                        68.6048376624758,9.548401880075213,0
                        68.68102394434617,9.622824565187095,0
                        69.16897605565386,9.120925434812907,0
                        69.09516233752419,9.048820342147009,0
                        68.6048376624758,9.548401880075213,0

                    </coordinates>
                </LinearRing>
            </outerBoundaryIs>

        </Polygon>

    </Placemark>
    
    <Placemark>

        <Style>
            <LineStyle>
                <width>0</width>
            </LineStyle>

            <PolyStyle>
                <color>b3ff5c00</color>
                <outline>0</outline>
            </PolyStyle>
        </Style>

        <Polygon>
            <tessellate>1</tessellate>

            <outerBoundaryIs>
                <LinearRing>
                    <coordinates>

                        68.68102394434617,9.622824565187095,0
                        68.75722681040106,9.696557868148851,0
                        69.24277318959894,9.192331020740038,0
                        69.16897605565386,9.120925434812907,0
                        68.68102394434617,9.622824565187095,0

                    </coordinates>
                </LinearRing>
            </outerBoundaryIs>

        </Polygon>

    </Placemark>
    
    <Placemark>

        <Style>
            <LineStyle>
                <width>0</width>
            </LineStyle>

            <PolyStyle>
                <color>b3ff5f00</color>
                <outline>0</outline>
            </PolyStyle>
        </Style>

        <Polygon>
            <tessellate>1</tessellate>

            <outerBoundaryIs>
                <LinearRing>
                    <coordinates>

                        68.75722681040106,9.696557868148851,0
                        68.8334464871369,9.769601698902783,0
                        69.31655351286308,9.263037189986104,0
                        69.24277318959894,9.192331020740038,0
                        68.75722681040106,9.696557868148851,0

                    </coordinates>
                </LinearRing>
            </outerBoundaryIs>

        </Polygon>

    </Placemark>
    
    <Placemark>

        <Style>
            <LineStyle>
                <width>0</width>
            </LineStyle>

            <PolyStyle>
                <color>b3ff6100</color>
                <outline>0</outline>
            </PolyStyle>
        </Style>

        <Polygon>
            <tessellate>1</tessellate>

            <outerBoundaryIs>
                <LinearRing>
                    <coordinates>

                        68.8334464871369,9.769601698902783,0
                        68.9096832024242,9.84195596240393,0
                        69.3903167975758,9.333044037596068,0
                        69.31655351286308,9.263037189986104,0
                        68.8334464871369,9.769601698902783,0

                    </coordinates>
                </LinearRing>
            </outerBoundaryIs>

        </Polygon>

    </Placemark>
    
    <Placemark>

        <Style>
            <LineStyle>
                <width>0</width>
            </LineStyle>

            <PolyStyle>
                <color>b3ff6400</color>
                <outline>0</outline>
            </PolyStyle>
        </Style>

        <Polygon>
            <tessellate>1</tessellate>

            <outerBoundaryIs>
                <LinearRing>
                    <coordinates>

                        68.9096832024242,9.84195596240393,0
                        68.98593718541026,9.91362055847775,0
                        69.4640628145897,9.402351663744472,0
                        69.3903167975758,9.333044037596068,0
                        68.9096832024242,9.84195596240393,0

                    </coordinates>
                </LinearRing>
            </outerBoundaryIs>

        </Polygon>

    </Placemark>
    
    <Placemark>

        <Style>
            <LineStyle>
                <width>0</width>
            </LineStyle>

            <PolyStyle>
                <color>b3ff6600</color>
                <outline>0</outline>
            </PolyStyle>
        </Style>

        <Polygon>
            <tessellate>1</tessellate>

            <outerBoundaryIs>
                <LinearRing>
                    <coordinates>

                        68.98593718541026,9.91362055847775,0
                        69.06220866641515,9.984595381675833,0
                        69.53779133358485,9.47096017387972,0
                        69.4640628145897,9.402351663744472,0
                        68.98593718541026,9.91362055847775,0

                    </coordinates>
                </LinearRing>
            </outerBoundaryIs>

        </Polygon>

    </Placemark>
    
    <Placemark>

        <Style>
            <LineStyle>
                <width>0</width>
            </LineStyle>

            <PolyStyle>
                <color>b3ff6800</color>
                <outline>0</outline>
            </PolyStyle>
        </Style>

        <Polygon>
            <tessellate>1</tessellate>

            <outerBoundaryIs>
                <LinearRing>
                    <coordinates>

                        69.06220866641515,9.984595381675833,0
                        69.13849787682054,10.054880321130415,0
                        69.61150212317946,9.538869678869585,0
                        69.53779133358485,9.47096017387972,0
                        69.06220866641515,9.984595381675833,0

                    </coordinates>
                </LinearRing>
            </outerBoundaryIs>

        </Polygon>

    </Placemark>
    
    <Placemark>

        <Style>
            <LineStyle>
                <width>0</width>
            </LineStyle>

            <PolyStyle>
                <color>b3ff6b00</color>
                <outline>0</outline>
            </PolyStyle>
        </Style>

        <Polygon>
            <tessellate>1</tessellate>

            <outerBoundaryIs>
                <LinearRing>
                    <coordinates>

                        69.13849787682054,10.054880321130415,0
                        69.21480504895246,10.124475260407799,0
                        69.68519495104755,9.606080295147759,0
                        69.61150212317946,9.538869678869585,0
                        69.13849787682054,10.054880321130415,0

                    </coordinates>
                </LinearRing>
            </outerBoundaryIs>

        </Polygon>

    </Placemark>
    
    <Placemark>

        <Style>
            <LineStyle>
                <width>0</width>
            </LineStyle>

            <PolyStyle>
                <color>b3ff6d00</color>
                <outline>0</outline>
            </PolyStyle>
        </Style>

        <Polygon>
            <tessellate>1</tessellate>

            <outerBoundaryIs>
                <LinearRing>
                    <coordinates>

                        69.21480504895246,10.124475260407799,0
                        69.2911304159559,10.193380077360404,0
                        69.7588695840441,9.672592144861818,0
                        69.68519495104755,9.606080295147759,0
                        69.21480504895246,10.124475260407799,0

                    </coordinates>
                </LinearRing>
            </outerBoundaryIs>

        </Polygon>

    </Placemark>
    
    <Placemark>

        <Style>
            <LineStyle>
                <width>0</width>
            </LineStyle>

            <PolyStyle>
                <color>b3ff7000</color>
                <outline>0</outline>
            </PolyStyle>
        </Style>

        <Polygon>
            <tessellate>1</tessellate>

            <outerBoundaryIs>
                <LinearRing>
                    <coordinates>

                        69.2911304159559,10.193380077360404,0
                        69.3674742116627,10.261594643978274,0
                        69.83252578833729,9.738405356021726,0
                        69.7588695840441,9.672592144861818,0
                        69.2911304159559,10.193380077360404,0

                    </coordinates>
                </LinearRing>
            </outerBoundaryIs>

        </Polygon>

    </Placemark>
    
    <Placemark>

        <Style>
            <LineStyle>
                <width>0</width>
            </LineStyle>

            <PolyStyle>
                <color>b3ff7200</color>
                <outline>0</outline>
            </PolyStyle>
        </Style>

        <Polygon>
            <tessellate>1</tessellate>

            <outerBoundaryIs>
                <LinearRing>
                    <coordinates>

                        69.3674742116627,10.261594643978274,0
                        69.4438366704513,10.32911882623969,0
                        69.90616332954869,9.803520062649199,0
                        69.83252578833729,9.738405356021726,0
                        69.3674742116627,10.261594643978274,0

                    </coordinates>
                </LinearRing>
            </outerBoundaryIs>

        </Polygon>

    </Placemark>
    
    <Placemark>

        <Style>
            <LineStyle>
                <width>0</width>
            </LineStyle>

            <PolyStyle>
                <color>b3ff7400</color>
                <outline>0</outline>
            </PolyStyle>
        </Style>

        <Polygon>
            <tessellate>1</tessellate>

            <outerBoundaryIs>
                <LinearRing>
                    <coordinates>

                        69.4438366704513,10.32911882623969,0
                        69.52021802709874,10.395952483961434,0
                        69.97978197290126,9.867936404927452,0
                        69.90616332954869,9.803520062649199,0
                        69.4438366704513,10.32911882623969,0

                    </coordinates>
                </LinearRing>
            </outerBoundaryIs>

        </Polygon>

    </Placemark>
    
    <Placemark>

        <Style>
            <LineStyle>
                <width>0</width>
            </LineStyle>

            <PolyStyle>
                <color>b3ff7700</color>
                <outline>0</outline>
            </PolyStyle>
        </Style>

        <Polygon>
            <tessellate>1</tessellate>

            <outerBoundaryIs>
                <LinearRing>
                    <coordinates>

                        69.52021802709874,10.395952483961434,0
                        69.5966185166246,10.462095470648961,0
                        70.05338148337538,9.931654529351036,0
                        69.97978197290126,9.867936404927452,0
                        69.52021802709874,10.395952483961434,0

                    </coordinates>
                </LinearRing>
            </outerBoundaryIs>

        </Polygon>

    </Placemark>
    
    <Placemark>

        <Style>
            <LineStyle>
                <width>0</width>
            </LineStyle>

            <PolyStyle>
                <color>b3ff7900</color>
                <outline>0</outline>
            </PolyStyle>
        </Style>

        <Polygon>
            <tessellate>1</tessellate>

            <outerBoundaryIs>
                <LinearRing>
                    <coordinates>

                        69.5966185166246,10.462095470648961,0
                        69.67303837412646,10.527547633346419,0
                        70.12696162587352,9.994674588875803,0
                        70.05338148337538,9.931654529351036,0
                        69.5966185166246,10.462095470648961,0

                    </coordinates>
                </LinearRing>
            </outerBoundaryIs>

        </Polygon>

    </Placemark>
    
    <Placemark>

        <Style>
            <LineStyle>
                <width>0</width>
            </LineStyle>

            <PolyStyle>
                <color>b3ff7b00</color>
                <outline>0</outline>
            </PolyStyle>
        </Style>

        <Polygon>
            <tessellate>1</tessellate>

            <outerBoundaryIs>
                <LinearRing>
                    <coordinates>

                        69.67303837412646,10.527547633346419,0
                        69.74947783460671,10.592308812487111,0
                        70.20052216539328,10.056996743068442,0
                        70.12696162587352,9.994674588875803,0
                        69.67303837412646,10.527547633346419,0

                    </coordinates>
                </LinearRing>
            </outerBoundaryIs>

        </Polygon>

    </Placemark>
    
    <Placemark>

        <Style>
            <LineStyle>
                <width>0</width>
            </LineStyle>

            <PolyStyle>
                <color>b3ff7e00</color>
                <outline>0</outline>
            </PolyStyle>
        </Style>

        <Polygon>
            <tessellate>1</tessellate>

            <outerBoundaryIs>
                <LinearRing>
                    <coordinates>

                        69.74947783460671,10.592308812487111,0
                        69.82593713279063,10.656378841744592,0
                        70.2740628672094,10.11862115825541,0
                        70.20052216539328,10.056996743068442,0
                        69.74947783460671,10.592308812487111,0

                    </coordinates>
                </LinearRing>
            </outerBoundaryIs>

        </Polygon>

    </Placemark>
    
    <Placemark>

        <Style>
            <LineStyle>
                <width>0</width>
            </LineStyle>

            <PolyStyle>
                <color>b3ff8000</color>
                <outline>0</outline>
            </PolyStyle>
        </Style>

        <Polygon>
            <tessellate>1</tessellate>

            <outerBoundaryIs>
                <LinearRing>
                    <coordinates>

                        69.82593713279063,10.656378841744592,0
                        69.90241650293545,10.719757547884702,0
                        70.34758349706455,10.179548007670855,0
                        70.2740628672094,10.11862115825541,0
                        69.82593713279063,10.656378841744592,0

                    </coordinates>
                </LinearRing>
            </outerBoundaryIs>

        </Polygon>

    </Placemark>
    
    <Placemark>

        <Style>
            <LineStyle>
                <width>0</width>
            </LineStyle>

            <PolyStyle>
                <color>b3ff8300</color>
                <outline>0</outline>
            </PolyStyle>
        </Style>

        <Polygon>
            <tessellate>1</tessellate>

            <outerBoundaryIs>
                <LinearRing>
                    <coordinates>

                        69.90241650293545,10.719757547884702,0
                        69.9789161786301,10.782444750618787,0
                        70.4210838213699,10.239777471603436,0
                        70.34758349706455,10.179548007670855,0
                        69.90241650293545,10.719757547884702,0

                    </coordinates>
                </LinearRing>
            </outerBoundaryIs>

        </Polygon>

    </Placemark>
    
    <Placemark>

        <Style>
            <LineStyle>
                <width>0</width>
            </LineStyle>

            <PolyStyle>
                <color>b3ff8500</color>
                <outline>0</outline>
            </PolyStyle>
        </Style>

        <Polygon>
            <tessellate>1</tessellate>

            <outerBoundaryIs>
                <LinearRing>
                    <coordinates>

                        69.9789161786301,10.782444750618787,0
                        70.05543639258545,10.844440262458576,0
                        70.49456360741453,10.299309737541424,0
                        70.4210838213699,10.239777471603436,0
                        69.9789161786301,10.782444750618787,0

                    </coordinates>
                </LinearRing>
            </outerBoundaryIs>

        </Polygon>

    </Placemark>
    
    <Placemark>

        <Style>
            <LineStyle>
                <width>0</width>
            </LineStyle>

            <PolyStyle>
                <color>b3ff8700</color>
                <outline>0</outline>
            </PolyStyle>
        </Style>

        <Polygon>
            <tessellate>1</tessellate>

            <outerBoundaryIs>
                <LinearRing>
                    <coordinates>

                        70.05543639258545,10.844440262458576,0
                        70.13197737641508,10.905743888573081,0
                        70.56802262358491,10.358145000315805,0
                        70.49456360741453,10.299309737541424,0
                        70.05543639258545,10.844440262458576,0

                    </coordinates>
                </LinearRing>
            </outerBoundaryIs>

        </Polygon>

    </Placemark>
    
    <Placemark>

        <Style>
            <LineStyle>
                <width>0</width>
            </LineStyle>

            <PolyStyle>
                <color>b3ff8a00</color>
                <outline>0</outline>
            </PolyStyle>
        </Style>

        <Polygon>
            <tessellate>1</tessellate>

            <outerBoundaryIs>
                <LinearRing>
                    <coordinates>

                        70.13197737641508,10.905743888573081,0
                        70.208539360406,10.966355426647782,0
                        70.641460639594,10.416283462241102,0
                        70.56802262358491,10.358145000315805,0
                        70.13197737641508,10.905743888573081,0

                    </coordinates>
                </LinearRing>
            </outerBoundaryIs>

        </Polygon>

    </Placemark>
    
    <Placemark>

        <Style>
            <LineStyle>
                <width>0</width>
            </LineStyle>

            <PolyStyle>
                <color>b3ff8c00</color>
                <outline>0</outline>
            </PolyStyle>
        </Style>

        <Polygon>
            <tessellate>1</tessellate>

            <outerBoundaryIs>
                <LinearRing>
                    <coordinates>

                        70.208539360406,10.966355426647782,0
                        70.28512257327962,11.02627466674675,0
                        70.71487742672038,10.47372533325325,0
                        70.641460639594,10.416283462241102,0
                        70.208539360406,10.966355426647782,0

                    </coordinates>
                </LinearRing>
            </outerBoundaryIs>

        </Polygon>

    </Placemark>
    
    <Placemark>

        <Style>
            <LineStyle>
                <width>0</width>
            </LineStyle>

            <PolyStyle>
                <color>b3ff8e00</color>
                <outline>0</outline>
            </PolyStyle>
        </Style>

        <Polygon>
            <tessellate>1</tessellate>

            <outerBoundaryIs>
                <LinearRing>
                    <coordinates>

                        70.28512257327962,11.02627466674675,0
                        70.36172724194242,11.085501391177834,0
                        70.78827275805759,10.530470831044388,0
                        70.71487742672038,10.47372533325325,0
                        70.28512257327962,11.02627466674675,0

                    </coordinates>
                </LinearRing>
            </outerBoundaryIs>

        </Polygon>

    </Placemark>
    
    <Placemark>

        <Style>
            <LineStyle>
                <width>0</width>
            </LineStyle>

            <PolyStyle>
                <color>b3ff9100</color>
                <outline>0</outline>
            </PolyStyle>
        </Style>

        <Polygon>
            <tessellate>1</tessellate>

            <outerBoundaryIs>
                <LinearRing>
                    <coordinates>

                        70.36172724194242,11.085501391177834,0
                        70.43835359122633,11.144035374361637,0
                        70.86164640877368,10.58652018119392,0
                        70.78827275805759,10.530470831044388,0
                        70.36172724194242,11.085501391177834,0

                    </coordinates>
                </LinearRing>
            </outerBoundaryIs>

        </Polygon>

    </Placemark>
    
    <Placemark>

        <Style>
            <LineStyle>
                <width>0</width>
            </LineStyle>

            <PolyStyle>
                <color>b3ff9300</color>
                <outline>0</outline>
            </PolyStyle>
        </Style>

        <Polygon>
            <tessellate>1</tessellate>

            <outerBoundaryIs>
                <LinearRing>
                    <coordinates>

                        70.43835359122633,11.144035374361637,0
                        70.51500184361886,11.201876382704665,0
                        70.93499815638113,10.641873617295335,0
                        70.86164640877368,10.58652018119392,0
                        70.43835359122633,11.144035374361637,0

                    </coordinates>
                </LinearRing>
            </outerBoundaryIs>

        </Polygon>

    </Placemark>
    
    <Placemark>

        <Style>
            <LineStyle>
                <width>0</width>
            </LineStyle>

            <PolyStyle>
                <color>b3ff9600</color>
                <outline>0</outline>
            </PolyStyle>
        </Style>

        <Polygon>
            <tessellate>1</tessellate>

            <outerBoundaryIs>
                <LinearRing>
                    <coordinates>

                        70.51500184361886,11.201876382704665,0
                        70.59167221898251,11.259024174477062,0
                        71.00832778101748,10.696531381078493,0
                        70.93499815638113,10.641873617295335,0
                        70.51500184361886,11.201876382704665,0

                    </coordinates>
                </LinearRing>
            </outerBoundaryIs>

        </Polygon>

    </Placemark>
    
    <Placemark>

        <Style>
            <LineStyle>
                <width>0</width>
            </LineStyle>

            <PolyStyle>
                <color>b3ff9800</color>
                <outline>0</outline>
            </PolyStyle>
        </Style>

        <Polygon>
            <tessellate>1</tessellate>

            <outerBoundaryIs>
                <LinearRing>
                    <coordinates>

                        70.59167221898251,11.259024174477062,0
                        70.66836493426372,11.315478499695592,0
                        71.08163506573628,10.75049372252663,0
                        71.00832778101748,10.696531381078493,0
                        70.59167221898251,11.259024174477062,0

                    </coordinates>
                </LinearRing>
            </outerBoundaryIs>

        </Polygon>

    </Placemark>
    
    <Placemark>

        <Style>
            <LineStyle>
                <width>0</width>
            </LineStyle>

            <PolyStyle>
                <color>b3ff9a00</color>
                <outline>0</outline>
            </PolyStyle>
        </Style>

        <Polygon>
            <tessellate>1</tessellate>

            <outerBoundaryIs>
                <LinearRing>
                    <coordinates>

                        70.66836493426372,11.315478499695592,0
                        70.74508020319121,11.371239100012394,0
                        71.1549197968088,10.803760899987607,0
                        71.08163506573628,10.75049372252663,0
                        70.66836493426372,11.315478499695592,0

                    </coordinates>
                </LinearRing>
            </outerBoundaryIs>

        </Polygon>

    </Placemark>
    
    <Placemark>

        <Style>
            <LineStyle>
                <width>0</width>
            </LineStyle>

            <PolyStyle>
                <color>b3ff9d00</color>
                <outline>0</outline>
            </PolyStyle>
        </Style>

        <Polygon>
            <tessellate>1</tessellate>

            <outerBoundaryIs>
                <LinearRing>
                    <coordinates>

                        70.74508020319121,11.371239100012394,0
                        70.82181823596353,11.42630570860999,0
                        71.22818176403645,10.856333180278897,0
                        71.1549197968088,10.803760899987607,0
                        70.74508020319121,11.371239100012394,0

                    </coordinates>
                </LinearRing>
            </outerBoundaryIs>

        </Polygon>

    </Placemark>
    
    <Placemark>

        <Style>
            <LineStyle>
                <width>0</width>
            </LineStyle>

            <PolyStyle>
                <color>b3ff9f00</color>
                <outline>0</outline>
            </PolyStyle>
        </Style>

        <Polygon>
            <tessellate>1</tessellate>

            <outerBoundaryIs>
                <LinearRing>
                    <coordinates>

                        70.82181823596353,11.42630570860999,0
                        70.89857923892608,11.480678050103187,0
                        71.30142076107391,10.908210838785703,0
                        71.22818176403645,10.856333180278897,0
                        70.82181823596353,11.42630570860999,0

                    </coordinates>
                </LinearRing>
            </outerBoundaryIs>

        </Polygon>

    </Placemark>
    
    <Placemark>

        <Style>
            <LineStyle>
                <width>0</width>
            </LineStyle>

            <PolyStyle>
                <color>b3ffa200</color>
                <outline>0</outline>
            </PolyStyle>
        </Style>

        <Polygon>
            <tessellate>1</tessellate>

            <outerBoundaryIs>
                <LinearRing>
                    <coordinates>

                        70.89857923892608,11.480678050103187,0
                        70.97536341423718,11.534355840448486,0
                        71.37463658576281,10.959394159551513,0
                        71.30142076107391,10.908210838785703,0
                        70.89857923892608,11.480678050103187,0

                    </coordinates>
                </LinearRing>
            </outerBoundaryIs>

        </Polygon>

    </Placemark>
    
    <Placemark>

        <Style>
            <LineStyle>
                <width>0</width>
            </LineStyle>

            <PolyStyle>
                <color>b3ffa400</color>
                <outline>0</outline>
            </PolyStyle>
        </Style>

        <Polygon>
            <tessellate>1</tessellate>

            <outerBoundaryIs>
                <LinearRing>
                    <coordinates>

                        70.97536341423718,11.534355840448486,0
                        71.05217095952395,11.587338786861679,0
                        71.44782904047605,11.009883435360543,0
                        71.37463658576281,10.959394159551513,0
                        70.97536341423718,11.534355840448486,0

                    </coordinates>
                </LinearRing>
            </outerBoundaryIs>

        </Polygon>

    </Placemark>
    
    <Placemark>

        <Style>
            <LineStyle>
                <width>0</width>
            </LineStyle>

            <PolyStyle>
                <color>b3ffa600</color>
                <outline>0</outline>
            </PolyStyle>
        </Style>

        <Polygon>
            <tessellate>1</tessellate>

            <outerBoundaryIs>
                <LinearRing>
                    <coordinates>

                        71.05217095952395,11.587338786861679,0
                        71.12900206752734,11.639626587744205,0
                        71.52099793247264,11.05967896781135,0
                        71.44782904047605,11.009883435360543,0
                        71.05217095952395,11.587338786861679,0

                    </coordinates>
                </LinearRing>
            </outerBoundaryIs>

        </Polygon>

    </Placemark>
    
    <Placemark>

        <Style>
            <LineStyle>
                <width>0</width>
            </LineStyle>

            <PolyStyle>
                <color>b3ffa900</color>
                <outline>0</outline>
            </PolyStyle>
        </Style>

        <Polygon>
            <tessellate>1</tessellate>

            <outerBoundaryIs>
                <LinearRing>
                    <coordinates>

                        71.12900206752734,11.639626587744205,0
                        71.2058569257369,11.691218932618861,0
                        71.59414307426312,11.108781067381136,0
                        71.52099793247264,11.05967896781135,0
                        71.12900206752734,11.639626587744205,0

                    </coordinates>
                </LinearRing>
            </outerBoundaryIs>

        </Polygon>

    </Placemark>
    
    <Placemark>

        <Style>
            <LineStyle>
                <width>0</width>
            </LineStyle>

            <PolyStyle>
                <color>b3ffab00</color>
                <outline>0</outline>
            </PolyStyle>
        </Style>

        <Polygon>
            <tessellate>1</tessellate>

            <outerBoundaryIs>
                <LinearRing>
                    <coordinates>

                        71.2058569257369,11.691218932618861,0
                        71.28273571601525,11.742115502075823,0
                        71.66726428398474,11.157190053479734,0
                        71.59414307426312,11.108781067381136,0
                        71.2058569257369,11.691218932618861,0

                    </coordinates>
                </LinearRing>
            </outerBoundaryIs>

        </Polygon>

    </Placemark>
    
    <Placemark>

        <Style>
            <LineStyle>
                <width>0</width>
            </LineStyle>

            <PolyStyle>
                <color>b3ffad00</color>
                <outline>0</outline>
            </PolyStyle>
        </Style>

        <Polygon>
            <tessellate>1</tessellate>

            <outerBoundaryIs>
                <LinearRing>
                    <coordinates>

                        71.28273571601525,11.742115502075823,0
                        71.35963861421277,11.7923159677294,0
                        71.74036138578722,11.204906254492824,0
                        71.66726428398474,11.157190053479734,0
                        71.28273571601525,11.742115502075823,0

                    </coordinates>
                </LinearRing>
            </outerBoundaryIs>

        </Polygon>

    </Placemark>
    
    <Placemark>

        <Style>
            <LineStyle>
                <width>0</width>
            </LineStyle>

            <PolyStyle>
                <color>b3ffb000</color>
                <outline>0</outline>
            </PolyStyle>
        </Style>

        <Polygon>
            <tessellate>1</tessellate>

            <outerBoundaryIs>
                <LinearRing>
                    <coordinates>

                        71.35963861421277,11.7923159677294,0
                        71.43656578977203,11.841819992186279,0
                        71.81343421022797,11.251930007813721,0
                        71.74036138578722,11.204906254492824,0
                        71.35963861421277,11.7923159677294,0

                    </coordinates>
                </LinearRing>
            </outerBoundaryIs>

        </Polygon>

    </Placemark>
    
    <Placemark>

        <Style>
            <LineStyle>
                <width>0</width>
            </LineStyle>

            <PolyStyle>
                <color>b3ffb200</color>
                <outline>0</outline>
            </PolyStyle>
        </Style>

        <Polygon>
            <tessellate>1</tessellate>

            <outerBoundaryIs>
                <LinearRing>
                    <coordinates>

                        71.43656578977203,11.841819992186279,0
                        71.51351740532326,11.890627229026245,0
                        71.88648259467675,11.298261659862645,0
                        71.81343421022797,11.251930007813721,0
                        71.43656578977203,11.841819992186279,0

                    </coordinates>
                </LinearRing>
            </outerBoundaryIs>

        </Polygon>

    </Placemark>
    
    <Placemark>

        <Style>
            <LineStyle>
                <width>0</width>
            </LineStyle>

            <PolyStyle>
                <color>b3ffb500</color>
                <outline>0</outline>
            </PolyStyle>
        </Style>

        <Polygon>
            <tessellate>1</tessellate>

            <outerBoundaryIs>
                <LinearRing>
                    <coordinates>

                        71.51351740532326,11.890627229026245,0
                        71.59049361627027,11.938737322795719,0
                        71.95950638372975,11.343901566093171,0
                        71.88648259467675,11.298261659862645,0
                        71.51351740532326,11.890627229026245,0

                    </coordinates>
                </LinearRing>
            </outerBoundaryIs>

        </Polygon>

    </Placemark>
    
    <Placemark>

        <Style>
            <LineStyle>
                <width>0</width>
            </LineStyle>

            <PolyStyle>
                <color>b3ffb700</color>
                <outline>0</outline>
            </PolyStyle>
        </Style>

        <Polygon>
            <tessellate>1</tessellate>

            <outerBoundaryIs>
                <LinearRing>
                    <coordinates>

                        71.59049361627027,11.938737322795719,0
                        71.66749457036782,11.986149909015172,0
                        72.0325054296322,11.388850090984828,0
                        71.95950638372975,11.343901566093171,0
                        71.59049361627027,11.938737322795719,0

                    </coordinates>
                </LinearRing>
            </outerBoundaryIs>

        </Polygon>

    </Placemark>
    
    <Placemark>

        <Style>
            <LineStyle>
                <width>0</width>
            </LineStyle>

            <PolyStyle>
                <color>b3ffb900</color>
                <outline>0</outline>
            </PolyStyle>
        </Style>

        <Polygon>
            <tessellate>1</tessellate>

            <outerBoundaryIs>
                <LinearRing>
                    <coordinates>

                        71.66749457036782,11.986149909015172,0
                        71.74452040729064,12.032864614201051,0
                        72.10547959270936,11.433107608021169,0
                        72.0325054296322,11.388850090984828,0
                        71.66749457036782,11.986149909015172,0

                    </coordinates>
                </LinearRing>
            </outerBoundaryIs>

        </Polygon>

    </Placemark>
    
    <Placemark>

        <Style>
            <LineStyle>
                <width>0</width>
            </LineStyle>

            <PolyStyle>
                <color>b3ffbc00</color>
                <outline>0</outline>
            </PolyStyle>
        </Style>

        <Polygon>
            <tessellate>1</tessellate>

            <outerBoundaryIs>
                <LinearRing>
                    <coordinates>

                        71.74452040729064,12.032864614201051,0
                        71.82157125819452,12.078881055902935,0
                        72.17842874180548,11.476674499652622,0
                        72.10547959270936,11.433107608021169,0
                        71.74452040729064,12.032864614201051,0

                    </coordinates>
                </LinearRing>
            </outerBoundaryIs>

        </Polygon>

    </Placemark>
    
    <Placemark>

        <Style>
            <LineStyle>
                <width>0</width>
            </LineStyle>

            <PolyStyle>
                <color>b3ffbe00</color>
                <outline>0</outline>
            </PolyStyle>
        </Style>

        <Polygon>
            <tessellate>1</tessellate>

            <outerBoundaryIs>
                <LinearRing>
                    <coordinates>

                        71.82157125819452,12.078881055902935,0
                        71.89864724527017,12.124198842756735,0
                        72.25135275472984,11.519551157243265,0
                        72.17842874180548,11.476674499652622,0
                        71.82157125819452,12.078881055902935,0

                    </coordinates>
                </LinearRing>
            </outerBoundaryIs>

        </Polygon>

    </Placemark>
    
    <Placemark>

        <Style>
            <LineStyle>
                <width>0</width>
            </LineStyle>

            <PolyStyle>
                <color>b3ffc100</color>
                <outline>0</outline>
            </PolyStyle>
        </Style>

        <Polygon>
            <tessellate>1</tessellate>

            <outerBoundaryIs>
                <LinearRing>
                    <coordinates>

                        71.89864724527017,12.124198842756735,0
                        71.9757484812904,12.168817574554728,0
                        72.32425151870962,11.561737981000826,0
                        72.25135275472984,11.519551157243265,0
                        71.89864724527017,12.124198842756735,0

                    </coordinates>
                </LinearRing>
            </outerBoundaryIs>

        </Polygon>

    </Placemark>
    
    <Placemark>

        <Style>
            <LineStyle>
                <width>0</width>
            </LineStyle>

            <PolyStyle>
                <color>b3ffc300</color>
                <outline>0</outline>
            </PolyStyle>
        </Style>

        <Polygon>
            <tessellate>1</tessellate>

            <outerBoundaryIs>
                <LinearRing>
                    <coordinates>

                        71.9757484812904,12.168817574554728,0
                        72.05287506915134,12.212736842333117,0
                        72.39712493084865,11.603235379889105,0
                        72.32425151870962,11.561737981000826,0
                        71.9757484812904,12.168817574554728,0

                    </coordinates>
                </LinearRing>
            </outerBoundaryIs>

        </Polygon>

    </Placemark>
    
    <Placemark>

        <Style>
            <LineStyle>
                <width>0</width>
            </LineStyle>

            <PolyStyle>
                <color>b3ffc500</color>
                <outline>0</outline>
            </PolyStyle>
        </Style>

        <Polygon>
            <tessellate>1</tessellate>

            <outerBoundaryIs>
                <LinearRing>
                    <coordinates>

                        72.05287506915134,12.212736842333117,0
                        72.13002710140836,12.255956228477793,0
                        72.46997289859164,11.644043771522206,0
                        72.39712493084865,11.603235379889105,0
                        72.05287506915134,12.212736842333117,0

                    </coordinates>
                </LinearRing>
            </outerBoundaryIs>

        </Polygon>

    </Placemark>
    
    <Placemark>

        <Style>
            <LineStyle>
                <width>0</width>
            </LineStyle>

            <PolyStyle>
                <color>b3ffc800</color>
                <outline>0</outline>
            </PolyStyle>
        </Style>

        <Polygon>
            <tessellate>1</tessellate>

            <outerBoundaryIs>
                <LinearRing>
                    <coordinates>

                        72.13002710140836,12.255956228477793,0
                        72.20720465980725,12.29847530684918,0
                        72.54279534019275,11.684163582039709,0
                        72.46997289859164,11.644043771522206,0
                        72.13002710140836,12.255956228477793,0

                    </coordinates>
                </LinearRing>
            </outerBoundaryIs>

        </Polygon>

    </Placemark>
    
    <Placemark>

        <Style>
            <LineStyle>
                <width>0</width>
            </LineStyle>

            <PolyStyle>
                <color>b3ffca00</color>
                <outline>0</outline>
            </PolyStyle>
        </Style>

        <Polygon>
            <tessellate>1</tessellate>

            <outerBoundaryIs>
                <LinearRing>
                    <coordinates>

                        72.20720465980725,12.29847530684918,0
                        72.28440781481216,12.340293642926802,0
                        72.61559218518785,11.723595245962088,0
                        72.54279534019275,11.684163582039709,0
                        72.20720465980725,12.29847530684918,0

                    </coordinates>
                </LinearRing>
            </outerBoundaryIs>

        </Polygon>

    </Placemark>
    
    <Placemark>

        <Style>
            <LineStyle>
                <width>0</width>
            </LineStyle>

            <PolyStyle>
                <color>b3ffcc00</color>
                <outline>0</outline>
            </PolyStyle>
        </Style>

        <Polygon>
            <tessellate>1</tessellate>

            <outerBoundaryIs>
                <LinearRing>
                    <coordinates>

                        72.28440781481216,12.340293642926802,0
                        72.36163662513046,12.381410793974188,0
                        72.68836337486955,11.762339206025812,0
                        72.61559218518785,11.723595245962088,0
                        72.28440781481216,12.340293642926802,0

                    </coordinates>
                </LinearRing>
            </outerBoundaryIs>

        </Polygon>

    </Placemark>
    
    <Placemark>

        <Style>
            <LineStyle>
                <width>0</width>
            </LineStyle>

            <PolyStyle>
                <color>b3ffcf00</color>
                <outline>0</outline>
            </PolyStyle>
        </Style>

        <Polygon>
            <tessellate>1</tessellate>

            <outerBoundaryIs>
                <LinearRing>
                    <coordinates>

                        72.36163662513046,12.381410793974188,0
                        72.43889113723606,12.42182630922493,0
                        72.76110886276393,11.800395912997292,0
                        72.68836337486955,11.762339206025812,0
                        72.36163662513046,12.381410793974188,0

                    </coordinates>
                </LinearRing>
            </outerBoundaryIs>

        </Polygon>

    </Placemark>
    
    <Placemark>

        <Style>
            <LineStyle>
                <width>0</width>
            </LineStyle>

            <PolyStyle>
                <color>b3ffd100</color>
                <outline>0</outline>
            </PolyStyle>
        </Style>

        <Polygon>
            <tessellate>1</tessellate>

            <outerBoundaryIs>
                <LinearRing>
                    <coordinates>

                        72.43889113723606,12.42182630922493,0
                        72.51617138489186,12.461539730090362,0
                        72.83382861510813,11.837765825465194,0
                        72.76110886276393,11.800395912997292,0
                        72.43889113723606,12.42182630922493,0

                    </coordinates>
                </LinearRing>
            </outerBoundaryIs>

        </Polygon>

    </Placemark>
    
    <Placemark>

        <Style>
            <LineStyle>
                <width>0</width>
            </LineStyle>

            <PolyStyle>
                <color>b3ffd400</color>
                <outline>0</outline>
            </PolyStyle>
        </Style>

        <Polygon>
            <tessellate>1</tessellate>

            <outerBoundaryIs>
                <LinearRing>
                    <coordinates>

                        72.51617138489186,12.461539730090362,0
                        72.59347738867262,12.500550590389574,0
                        72.90652261132738,11.874449409610426,0
                        72.83382861510813,11.837765825465194,0
                        72.51617138489186,12.461539730090362,0

                    </coordinates>
                </LinearRing>
            </outerBoundaryIs>

        </Polygon>

    </Placemark>
    
    <Placemark>

        <Style>
            <LineStyle>
                <width>0</width>
            </LineStyle>

            <PolyStyle>
                <color>b3ffd600</color>
                <outline>0</outline>
            </PolyStyle>
        </Style>

        <Polygon>
            <tessellate>1</tessellate>

            <outerBoundaryIs>
                <LinearRing>
                    <coordinates>

                        72.59347738867262,12.500550590389574,0
                        72.67080915548955,12.538858416602348,0
                        72.97919084451043,11.910447138953206,0
                        72.90652261132738,11.874449409610426,0
                        72.59347738867262,12.500550590389574,0

                    </coordinates>
                </LinearRing>
            </outerBoundaryIs>

        </Polygon>

    </Placemark>
    
    <Placemark>

        <Style>
            <LineStyle>
                <width>0</width>
            </LineStyle>

            <PolyStyle>
                <color>b3ffd800</color>
                <outline>0</outline>
            </PolyStyle>
        </Style>

        <Polygon>
            <tessellate>1</tessellate>

            <outerBoundaryIs>
                <LinearRing>
                    <coordinates>

                        72.67080915548955,12.538858416602348,0
                        72.74816667811743,12.576462728145337,0
                        73.05183332188258,11.945759494076885,0
                        72.97919084451043,11.910447138953206,0
                        72.67080915548955,12.538858416602348,0

                    </coordinates>
                </LinearRing>
            </outerBoundaryIs>

        </Polygon>

    </Placemark>
    
    <Placemark>

        <Style>
            <LineStyle>
                <width>0</width>
            </LineStyle>

            <PolyStyle>
                <color>b3ffdb00</color>
                <outline>0</outline>
            </PolyStyle>
        </Style>

        <Polygon>
            <tessellate>1</tessellate>

            <outerBoundaryIs>
                <LinearRing>
                    <coordinates>

                        72.74816667811743,12.576462728145337,0
                        72.82554993472598,12.613363037672192,0
                        73.124450065274,11.980386962327808,0
                        73.05183332188258,11.945759494076885,0
                        72.74816667811743,12.576462728145337,0

                    </coordinates>
                </LinearRing>
            </outerBoundaryIs>

        </Polygon>

    </Placemark>
    
    <Placemark>

        <Style>
            <LineStyle>
                <width>0</width>
            </LineStyle>

            <PolyStyle>
                <color>b3ffdd00</color>
                <outline>0</outline>
            </PolyStyle>
        </Style>

        <Polygon>
            <tessellate>1</tessellate>

            <outerBoundaryIs>
                <LinearRing>
                    <coordinates>

                        72.82554993472598,12.613363037672192,0
                        72.90295888841688,12.649558851397906,0
                        73.19704111158312,12.014330037490982,0
                        73.124450065274,11.980386962327808,0
                        72.82554993472598,12.613363037672192,0

                    </coordinates>
                </LinearRing>
            </outerBoundaryIs>

        </Polygon>

    </Placemark>
    
    <Placemark>

        <Style>
            <LineStyle>
                <width>0</width>
            </LineStyle>

            <PolyStyle>
                <color>b3ffe000</color>
                <outline>0</outline>
            </PolyStyle>
        </Style>

        <Polygon>
            <tessellate>1</tessellate>

            <outerBoundaryIs>
                <LinearRing>
                    <coordinates>

                        72.90295888841688,12.649558851397906,0
                        72.98039348676703,12.685049669447665,0
                        73.26960651323297,12.047589219441221,0
                        73.19704111158312,12.014330037490982,0
                        72.90295888841688,12.649558851397906,0

                    </coordinates>
                </LinearRing>
            </outerBoundaryIs>

        </Polygon>

    </Placemark>
    
    <Placemark>

        <Style>
            <LineStyle>
                <width>0</width>
            </LineStyle>

            <PolyStyle>
                <color>b3ffe200</color>
                <outline>0</outline>
            </PolyStyle>
        </Style>

        <Polygon>
            <tessellate>1</tessellate>

            <outerBoundaryIs>
                <LinearRing>
                    <coordinates>

                        72.98039348676703,12.685049669447665,0
                        73.05785366138097,12.719834986230719,0
                        73.34214633861903,12.080165013769285,0
                        73.26960651323297,12.047589219441221,0
                        72.98039348676703,12.685049669447665,0

                    </coordinates>
                </LinearRing>
            </outerBoundaryIs>

        </Polygon>

    </Placemark>
    
    <Placemark>

        <Style>
            <LineStyle>
                <width>0</width>
            </LineStyle>

            <PolyStyle>
                <color>b3ffe400</color>
                <outline>0</outline>
            </PolyStyle>
        </Style>

        <Polygon>
            <tessellate>1</tessellate>

            <outerBoundaryIs>
                <LinearRing>
                    <coordinates>

                        73.05785366138097,12.719834986230719,0
                        73.13533932745243,12.753914290839159,0
                        73.41466067254758,12.11205793138306,0
                        73.34214633861903,12.080165013769285,0
                        73.05785366138097,12.719834986230719,0

                    </coordinates>
                </LinearRing>
            </outerBoundaryIs>

        </Polygon>

    </Placemark>
    
    <Placemark>

        <Style>
            <LineStyle>
                <width>0</width>
            </LineStyle>

            <PolyStyle>
                <color>b3ffe700</color>
                <outline>0</outline>
            </PolyStyle>
        </Style>

        <Polygon>
            <tessellate>1</tessellate>

            <outerBoundaryIs>
                <LinearRing>
                    <coordinates>

                        73.13533932745243,12.753914290839159,0
                        73.21285038333775,12.787287067472027,0
                        73.48714961666226,12.14326848808353,0
                        73.41466067254758,12.11205793138306,0
                        73.13533932745243,12.753914290839159,0

                    </coordinates>
                </LinearRing>
            </outerBoundaryIs>

        </Polygon>

    </Placemark>
    
    <Placemark>

        <Style>
            <LineStyle>
                <width>0</width>
            </LineStyle>

            <PolyStyle>
                <color>b3ffe900</color>
                <outline>0</outline>
            </PolyStyle>
        </Style>

        <Polygon>
            <tessellate>1</tessellate>

            <outerBoundaryIs>
                <LinearRing>
                    <coordinates>

                        73.21285038333775,12.787287067472027,0
                        73.29038671014219,12.81995279588461,0
                        73.55961328985781,12.173797204115392,0
                        73.48714961666226,12.14326848808353,0
                        73.21285038333775,12.787287067472027,0

                    </coordinates>
                </LinearRing>
            </outerBoundaryIs>

        </Polygon>

    </Placemark>
    
    <Placemark>

        <Style>
            <LineStyle>
                <width>0</width>
            </LineStyle>

            <PolyStyle>
                <color>b3ffeb00</color>
                <outline>0</outline>
            </PolyStyle>
        </Style>

        <Polygon>
            <tessellate>1</tessellate>

            <outerBoundaryIs>
                <LinearRing>
                    <coordinates>

                        73.29038671014219,12.81995279588461,0
                        73.36794817132092,12.851910951862921,0
                        73.63205182867908,12.203644603692636,0
                        73.55961328985781,12.173797204115392,0
                        73.29038671014219,12.81995279588461,0

                    </coordinates>
                </LinearRing>
            </outerBoundaryIs>

        </Polygon>

    </Placemark>
    
    <Placemark>

        <Style>
            <LineStyle>
                <width>0</width>
            </LineStyle>

            <PolyStyle>
                <color>b3ffee00</color>
                <outline>0</outline>
            </PolyStyle>
        </Style>

        <Polygon>
            <tessellate>1</tessellate>

            <outerBoundaryIs>
                <LinearRing>
                    <coordinates>

                        73.36794817132092,12.851910951862921,0
                        73.44553461229634,12.883161007723293,0
                        73.70446538770366,12.232811214498932,0
                        73.63205182867908,12.203644603692636,0
                        73.36794817132092,12.851910951862921,0

                    </coordinates>
                </LinearRing>
            </outerBoundaryIs>

        </Polygon>

    </Placemark>
    
    <Placemark>

        <Style>
            <LineStyle>
                <width>0</width>
            </LineStyle>

            <PolyStyle>
                <color>b3fff000</color>
                <outline>0</outline>
            </PolyStyle>
        </Style>

        <Polygon>
            <tessellate>1</tessellate>

            <outerBoundaryIs>
                <LinearRing>
                    <coordinates>

                        73.44553461229634,12.883161007723293,0
                        73.52314586009373,12.913702432836795,0
                        73.77685413990625,12.261297567163203,0
                        73.70446538770366,12.232811214498932,0
                        73.44553461229634,12.883161007723293,0

                    </coordinates>
                </LinearRing>
            </outerBoundaryIs>

        </Polygon>

    </Placemark>
    
    <Placemark>

        <Style>
            <LineStyle>
                <width>0</width>
            </LineStyle>

            <PolyStyle>
                <color>b3fff300</color>
                <outline>0</outline>
            </PolyStyle>
        </Style>

        <Polygon>
            <tessellate>1</tessellate>

            <outerBoundaryIs>
                <LinearRing>
                    <coordinates>

                        73.52314586009373,12.913702432836795,0
                        73.60078172299644,12.943534694178116,0
                        73.84921827700354,12.28910419471077,0
                        73.77685413990625,12.261297567163203,0
                        73.52314586009373,12.913702432836795,0

                    </coordinates>
                </LinearRing>
            </outerBoundaryIs>

        </Polygon>

    </Placemark>
    
    <Placemark>

        <Style>
            <LineStyle>
                <width>0</width>
            </LineStyle>

            <PolyStyle>
                <color>b3fff500</color>
                <outline>0</outline>
            </PolyStyle>
        </Style>

        <Polygon>
            <tessellate>1</tessellate>

            <outerBoundaryIs>
                <LinearRing>
                    <coordinates>

                        73.60078172299644,12.943534694178116,0
                        73.67844199022284,12.97265725689852,0
                        73.92155800977716,12.316231631990368,0
                        73.84921827700354,12.28910419471077,0
                        73.60078172299644,12.943534694178116,0

                    </coordinates>
                </LinearRing>
            </outerBoundaryIs>

        </Polygon>

    </Placemark>
    
    <Placemark>

        <Style>
            <LineStyle>
                <width>0</width>
            </LineStyle>

            <PolyStyle>
                <color>b3fff700</color>
                <outline>0</outline>
            </PolyStyle>
        </Style>

        <Polygon>
            <tessellate>1</tessellate>

            <outerBoundaryIs>
                <LinearRing>
                    <coordinates>

                        73.67844199022284,12.97265725689852,0
                        73.75612643162653,13.00106958492229,0
                        73.99387356837347,12.34268041507771,0
                        73.92155800977716,12.316231631990368,0
                        73.67844199022284,12.97265725689852,0

                    </coordinates>
                </LinearRing>
            </outerBoundaryIs>

        </Polygon>

    </Placemark>
    
    <Placemark>

        <Style>
            <LineStyle>
                <width>0</width>
            </LineStyle>

            <PolyStyle>
                <color>b3fffa00</color>
                <outline>0</outline>
            </PolyStyle>
        </Style>

        <Polygon>
            <tessellate>1</tessellate>

            <outerBoundaryIs>
                <LinearRing>
                    <coordinates>

                        73.75612643162653,13.00106958492229,0
                        73.83383479742182,13.028771141565993,0
                        74.06616520257819,12.368451080656232,0
                        73.99387356837347,12.34268041507771,0
                        73.75612643162653,13.00106958492229,0

                    </coordinates>
                </LinearRing>
            </outerBoundaryIs>

        </Polygon>

    </Placemark>
    
    <Placemark>

        <Style>
            <LineStyle>
                <width>0</width>
            </LineStyle>

            <PolyStyle>
                <color>b3fffc00</color>
                <outline>0</outline>
            </PolyStyle>
        </Style>

        <Polygon>
            <tessellate>1</tessellate>

            <outerBoundaryIs>
                <LinearRing>
                    <coordinates>

                        73.83383479742182,13.028771141565993,0
                        73.88603603124773,13.046899713866683,0
                        74.11564421352705,12.385628148902342,0
                        74.06616520257819,12.368451080656232,0
                        73.83383479742182,13.028771141565993,0

                    </coordinates>
                </LinearRing>
            </outerBoundaryIs>

        </Polygon>

    </Placemark>
    
    <Placemark>

        <Style>
            <LineStyle>
                <width>0</width>
            </LineStyle>

            <PolyStyle>
                <color>b3ffff00</color>
                <outline>0</outline>
            </PolyStyle>
        </Style>

        <Polygon>

            <outerBoundaryIs>
                <LinearRing>
                    <coordinates>

                        75.0,13.0,0
                        73.83639274565797,13.293288522862042,0
                        73.88603603124773,13.046899713866683,0
                        74.11564421352705,12.385628148902342,0
                        74.16420106139205,12.138930819142962,0
                        75.0,13.0,0

                    </coordinates>
                </LinearRing>
            </outerBoundaryIs>

        </Polygon>

    </Placemark>
    
    <Placemark>

        <Style>
            <LineStyle>
                <width>0</width>
            </LineStyle>

            <PolyStyle>
                <color>b3ff0000</color>
                <outline>0</outline>
            </PolyStyle>
        </Style>

        <Polygon>
            <tessellate>1</tessellate>

            <outerBoundaryIs>
                <LinearRing>
                    <coordinates>

                        68.70823280488152,3.193318141550902,0
                        68.76850730769581,3.28428735556075,0
                        69.35149269230419,2.896823755550361,0
                        69.29176719511848,2.806681858449098,0
                        68.70823280488152,3.193318141550902,0

                    </coordinates>
                </LinearRing>
            </outerBoundaryIs>

        </Polygon>

    </Placemark>
    
    <Placemark>

        <Style>
            <LineStyle>
                <width>0</width>
            </LineStyle>

            <PolyStyle>
                <color>b3ff0200</color>
                <outline>0</outline>
            </PolyStyle>
        </Style>

        <Polygon>
            <tessellate>1</tessellate>

            <outerBoundaryIs>
                <LinearRing>
                    <coordinates>

                        68.76850730769581,3.28428735556075,0
                        68.82906044101844,3.375117044601084,0
                        69.41093955898157,2.9859940665100257,0
                        69.35149269230419,2.896823755550361,0
                        68.76850730769581,3.28428735556075,0

                    </coordinates>
                </LinearRing>
            </outerBoundaryIs>

        </Polygon>

    </Placemark>
    
    <Placemark>

        <Style>
            <LineStyle>
                <width>0</width>
            </LineStyle>

            <PolyStyle>
                <color>b3ff0400</color>
                <outline>0</outline>
            </PolyStyle>
        </Style>

        <Polygon>
            <tessellate>1</tessellate>

            <outerBoundaryIs>
                <LinearRing>
                    <coordinates>

                        68.82906044101844,3.375117044601084,0
                        68.88962072000224,3.465396708641635,0
                        69.47037927999774,3.0746032913583643,0
                        69.41093955898157,2.9859940665100257,0
                        68.82906044101844,3.375117044601084,0

                    </coordinates>
                </LinearRing>
            </outerBoundaryIs>

        </Polygon>

    </Placemark>
    
    <Placemark>

        <Style>
            <LineStyle>
                <width>0</width>
            </LineStyle>

            <PolyStyle>
                <color>b3ff0700</color>
                <outline>0</outline>
            </PolyStyle>
        </Style>

        <Polygon>
            <tessellate>1</tessellate>

            <outerBoundaryIs>
                <LinearRing>
                    <coordinates>

                        68.88962072000224,3.465396708641635,0
                        68.95018825414057,3.5551263775650193,0
                        69.52981174585942,3.162651400212759,0
                        69.47037927999774,3.0746032913583643,0
                        68.88962072000224,3.465396708641635,0

                    </coordinates>
                </LinearRing>
            </outerBoundaryIs>

        </Polygon>

    </Placemark>
    
    <Placemark>

        <Style>
            <LineStyle>
                <width>0</width>
            </LineStyle>

            <PolyStyle>
                <color>b3ff0900</color>
                <outline>0</outline>
            </PolyStyle>
        </Style>

        <Polygon>
            <tessellate>1</tessellate>

            <outerBoundaryIs>
                <LinearRing>
                    <coordinates>

                        68.95018825414057,3.5551263775650193,0
                        69.01076315468922,3.6443060808070027,0
                        69.58923684531078,3.250138363637442,0
                        69.52981174585942,3.162651400212759,0
                        68.95018825414057,3.5551263775650193,0

                    </coordinates>
                </LinearRing>
            </outerBoundaryIs>

        </Polygon>

    </Placemark>
    
    <Placemark>

        <Style>
            <LineStyle>
                <width>0</width>
            </LineStyle>

            <PolyStyle>
                <color>b3ff0c00</color>
                <outline>0</outline>
            </PolyStyle>
        </Style>

        <Polygon>
            <tessellate>1</tessellate>

            <outerBoundaryIs>
                <LinearRing>
                    <coordinates>

                        69.01076315468922,3.6443060808070027,0
                        69.07134553469017,3.732935847326092,0
                        69.64865446530983,3.3370641526739084,0
                        69.58923684531078,3.250138363637442,0
                        69.01076315468922,3.6443060808070027,0

                    </coordinates>
                </LinearRing>
            </outerBoundaryIs>

        </Polygon>

    </Placemark>
    
    <Placemark>

        <Style>
            <LineStyle>
                <width>0</width>
            </LineStyle>

            <PolyStyle>
                <color>b3ff0e00</color>
                <outline>0</outline>
            </PolyStyle>
        </Style>

        <Polygon>
            <tessellate>1</tessellate>

            <outerBoundaryIs>
                <LinearRing>
                    <coordinates>

                        69.07134553469017,3.732935847326092,0
                        69.13193550899543,3.8210157055718335,0
                        69.70806449100458,3.423428738872611,0
                        69.64865446530983,3.3370641526739084,0
                        69.07134553469017,3.732935847326092,0

                    </coordinates>
                </LinearRing>
            </outerBoundaryIs>

        </Polygon>

    </Placemark>
    
    <Placemark>

        <Style>
            <LineStyle>
                <width>0</width>
            </LineStyle>

            <PolyStyle>
                <color>b3ff1100</color>
                <outline>0</outline>
            </PolyStyle>
        </Style>

        <Polygon>
            <tessellate>1</tessellate>

            <outerBoundaryIs>
                <LinearRing>
                    <coordinates>

                        69.13193550899543,3.8210157055718335,0
                        69.19253319429058,3.908545683452008,0
                        69.76746680570943,3.5092320943257693,0
                        69.70806449100458,3.423428738872611,0
                        69.13193550899543,3.8210157055718335,0

                    </coordinates>
                </LinearRing>
            </outerBoundaryIs>

        </Polygon>

    </Placemark>
    
    <Placemark>

        <Style>
            <LineStyle>
                <width>0</width>
            </LineStyle>

            <PolyStyle>
                <color>b3ff1300</color>
                <outline>0</outline>
            </PolyStyle>
        </Style>

        <Polygon>
            <tessellate>1</tessellate>

            <outerBoundaryIs>
                <LinearRing>
                    <coordinates>

                        69.19253319429058,3.908545683452008,0
                        69.2531387091185,3.9955258082985856,0
                        69.82686129088151,3.594474191701415,0
                        69.76746680570943,3.5092320943257693,0
                        69.19253319429058,3.908545683452008,0

                    </coordinates>
                </LinearRing>
            </outerBoundaryIs>

        </Polygon>

    </Placemark>
    
    <Placemark>

        <Style>
            <LineStyle>
                <width>0</width>
            </LineStyle>

            <PolyStyle>
                <color>b3ff1500</color>
                <outline>0</outline>
            </PolyStyle>
        </Style>

        <Polygon>
            <tessellate>1</tessellate>

            <outerBoundaryIs>
                <LinearRing>
                    <coordinates>

                        69.2531387091185,3.9955258082985856,0
                        69.31375217390284,4.08195610683249,0
                        69.88624782609715,3.6791550042786203,0
                        69.82686129088151,3.594474191701415,0
                        69.2531387091185,3.9955258082985856,0

                    </coordinates>
                </LinearRing>
            </outerBoundaryIs>

        </Polygon>

    </Placemark>
    
    <Placemark>

        <Style>
            <LineStyle>
                <width>0</width>
            </LineStyle>

            <PolyStyle>
                <color>b3ff1800</color>
                <outline>0</outline>
            </PolyStyle>
        </Style>

        <Polygon>
            <tessellate>1</tessellate>

            <outerBoundaryIs>
                <LinearRing>
                    <coordinates>

                        69.31375217390284,4.08195610683249,0
                        69.37437371097133,4.167836605126956,0
                        69.94562628902867,3.7632745059841546,0
                        69.88624782609715,3.6791550042786203,0
                        69.31375217390284,4.08195610683249,0

                    </coordinates>
                </LinearRing>
            </outerBoundaryIs>

        </Polygon>

    </Placemark>
    
    <Placemark>

        <Style>
            <LineStyle>
                <width>0</width>
            </LineStyle>

            <PolyStyle>
                <color>b3ff1a00</color>
                <outline>0</outline>
            </PolyStyle>
        </Style>

        <Polygon>
            <tessellate>1</tessellate>

            <outerBoundaryIs>
                <LinearRing>
                    <coordinates>

                        69.37437371097133,4.167836605126956,0
                        69.43500344457891,4.253167328569612,0
                        70.00499655542109,3.8468326714303895,0
                        69.94562628902867,3.7632745059841546,0
                        69.37437371097133,4.167836605126956,0

                    </coordinates>
                </LinearRing>
            </outerBoundaryIs>

        </Polygon>

    </Placemark>
    
    <Placemark>

        <Style>
            <LineStyle>
                <width>0</width>
            </LineStyle>

            <PolyStyle>
                <color>b3ff1d00</color>
                <outline>0</outline>
            </PolyStyle>
        </Style>

        <Polygon>
            <tessellate>1</tessellate>

            <outerBoundaryIs>
                <LinearRing>
                    <coordinates>

                        69.43500344457891,4.253167328569612,0
                        69.49564150093086,4.337948301823341,0
                        70.06435849906912,3.929829475954434,0
                        70.00499655542109,3.8468326714303895,0
                        69.43500344457891,4.253167328569612,0

                    </coordinates>
                </LinearRing>
            </outerBoundaryIs>

        </Polygon>

    </Placemark>
    
    <Placemark>

        <Style>
            <LineStyle>
                <width>0</width>
            </LineStyle>

            <PolyStyle>
                <color>b3ff1f00</color>
                <outline>0</outline>
            </PolyStyle>
        </Style>

        <Polygon>
            <tessellate>1</tessellate>

            <outerBoundaryIs>
                <LinearRing>
                    <coordinates>

                        69.49564150093086,4.337948301823341,0
                        69.55628800820544,4.422179548785509,0
                        70.12371199179454,4.0122648956589355,0
                        70.06435849906912,3.929829475954434,0
                        69.49564150093086,4.337948301823341,0

                    </coordinates>
                </LinearRing>
            </outerBoundaryIs>

        </Polygon>

    </Placemark>
    
    <Placemark>

        <Style>
            <LineStyle>
                <width>0</width>
            </LineStyle>

            <PolyStyle>
                <color>b3ff2200</color>
                <outline>0</outline>
            </PolyStyle>
        </Style>

        <Polygon>
            <tessellate>1</tessellate>

            <outerBoundaryIs>
                <LinearRing>
                    <coordinates>

                        69.55628800820544,4.422179548785509,0
                        69.61694309657628,4.505861092545861,0
                        70.1830569034237,4.094138907454137,0
                        70.12371199179454,4.0122648956589355,0
                        69.55628800820544,4.422179548785509,0

                    </coordinates>
                </LinearRing>
            </outerBoundaryIs>

        </Polygon>

    </Placemark>
    
    <Placemark>

        <Style>
            <LineStyle>
                <width>0</width>
            </LineStyle>

            <PolyStyle>
                <color>b3ff2400</color>
                <outline>0</outline>
            </PolyStyle>
        </Style>

        <Polygon>
            <tessellate>1</tessellate>

            <outerBoundaryIs>
                <LinearRing>
                    <coordinates>

                        69.61694309657628,4.505861092545861,0
                        69.67760689823457,4.588992955342976,0
                        70.24239310176544,4.175451489101469,0
                        70.1830569034237,4.094138907454137,0
                        69.61694309657628,4.505861092545861,0

                    </coordinates>
                </LinearRing>
            </outerBoundaryIs>

        </Polygon>

    </Placemark>
    
    <Placemark>

        <Style>
            <LineStyle>
                <width>0</width>
            </LineStyle>

            <PolyStyle>
                <color>b3ff2600</color>
                <outline>0</outline>
            </PolyStyle>
        </Style>

        <Polygon>
            <tessellate>1</tessellate>

            <outerBoundaryIs>
                <LinearRing>
                    <coordinates>

                        69.67760689823457,4.588992955342976,0
                        69.73827954741081,4.671575158519162,0
                        70.30172045258921,4.256202619258617,0
                        70.24239310176544,4.175451489101469,0
                        69.67760689823457,4.588992955342976,0

                    </coordinates>
                </LinearRing>
            </outerBoundaryIs>

        </Polygon>

    </Placemark>
    
    <Placemark>

        <Style>
            <LineStyle>
                <width>0</width>
            </LineStyle>

            <PolyStyle>
                <color>b3ff2900</color>
                <outline>0</outline>
            </PolyStyle>
        </Style>

        <Polygon>
            <tessellate>1</tessellate>

            <outerBoundaryIs>
                <LinearRing>
                    <coordinates>

                        69.73827954741081,4.671575158519162,0
                        69.79896118039626,4.753607722473874,0
                        70.36103881960373,4.336392277526126,0
                        70.30172045258921,4.256202619258617,0
                        69.73827954741081,4.671575158519162,0

                    </coordinates>
                </LinearRing>
            </outerBoundaryIs>

        </Polygon>

    </Placemark>
    
    <Placemark>

        <Style>
            <LineStyle>
                <width>0</width>
            </LineStyle>

            <PolyStyle>
                <color>b3ff2b00</color>
                <outline>0</outline>
            </PolyStyle>
        </Style>

        <Polygon>
            <tessellate>1</tessellate>

            <outerBoundaryIs>
                <LinearRing>
                    <coordinates>

                        69.79896118039626,4.753607722473874,0
                        69.8596519355637,4.835090666615315,0
                        70.4203480644363,4.416020444495796,0
                        70.36103881960373,4.336392277526126,0
                        69.79896118039626,4.753607722473874,0

                    </coordinates>
                </LinearRing>
            </outerBoundaryIs>

        </Polygon>

    </Placemark>
    
    <Placemark>

        <Style>
            <LineStyle>
                <width>0</width>
            </LineStyle>

            <PolyStyle>
                <color>b3ff2e00</color>
                <outline>0</outline>
            </PolyStyle>
        </Style>

        <Polygon>
            <tessellate>1</tessellate>

            <outerBoundaryIs>
                <LinearRing>
                    <coordinates>

                        69.8596519355637,4.835090666615315,0
                        69.9203519533879,4.91602400931058,0
                        70.47964804661211,4.495087101800531,0
                        70.4203480644363,4.416020444495796,0
                        69.8596519355637,4.835090666615315,0

                    </coordinates>
                </LinearRing>
            </outerBoundaryIs>

        </Polygon>

    </Placemark>
    
    <Placemark>

        <Style>
            <LineStyle>
                <width>0</width>
            </LineStyle>

            <PolyStyle>
                <color>b3ff3000</color>
                <outline>0</outline>
            </PolyStyle>
        </Style>

        <Polygon>
            <tessellate>1</tessellate>

            <outerBoundaryIs>
                <LinearRing>
                    <coordinates>

                        69.9203519533879,4.91602400931058,0
                        69.98106137646542,4.996407767834204,0
                        70.53893862353456,4.573592232165793,0
                        70.47964804661211,4.495087101800531,0
                        69.9203519533879,4.91602400931058,0

                    </coordinates>
                </LinearRing>
            </outerBoundaryIs>

        </Polygon>

    </Placemark>
    
    <Placemark>

        <Style>
            <LineStyle>
                <width>0</width>
            </LineStyle>

            <PolyStyle>
                <color>b3ff3300</color>
                <outline>0</outline>
            </PolyStyle>
        </Style>

        <Polygon>
            <tessellate>1</tessellate>

            <outerBoundaryIs>
                <LinearRing>
                    <coordinates>

                        69.98106137646542,4.996407767834204,0
                        70.04178034953401,5.076241958314746,0
                        70.59821965046598,4.65153581946303,0
                        70.53893862353456,4.573592232165793,0
                        69.98106137646542,4.996407767834204,0

                    </coordinates>
                </LinearRing>
            </outerBoundaryIs>

        </Polygon>

    </Placemark>
    
    <Placemark>

        <Style>
            <LineStyle>
                <width>0</width>
            </LineStyle>

            <PolyStyle>
                <color>b3ff3500</color>
                <outline>0</outline>
            </PolyStyle>
        </Style>

        <Polygon>
            <tessellate>1</tessellate>

            <outerBoundaryIs>
                <LinearRing>
                    <coordinates>

                        70.04178034953401,5.076241958314746,0
                        70.10250901949091,5.155526595679747,0
                        70.65749098050908,4.728917848764697,0
                        70.59821965046598,4.65153581946303,0
                        70.04178034953401,5.076241958314746,0

                    </coordinates>
                </LinearRing>
            </outerBoundaryIs>

        </Polygon>

    </Placemark>
    
    <Placemark>

        <Style>
            <LineStyle>
                <width>0</width>
            </LineStyle>

            <PolyStyle>
                <color>b3ff3700</color>
                <outline>0</outline>
            </PolyStyle>
        </Style>

        <Polygon>
            <tessellate>1</tessellate>

            <outerBoundaryIs>
                <LinearRing>
                    <coordinates>

                        70.10250901949091,5.155526595679747,0
                        70.1632475354109,5.234261693598871,0
                        70.71675246458912,4.80573830640113,0
                        70.65749098050908,4.728917848764697,0
                        70.10250901949091,5.155526595679747,0

                    </coordinates>
                </LinearRing>
            </outerBoundaryIs>

        </Polygon>

    </Placemark>
    
    <Placemark>

        <Style>
            <LineStyle>
                <width>0</width>
            </LineStyle>

            <PolyStyle>
                <color>b3ff3a00</color>
                <outline>0</outline>
            </PolyStyle>
        </Style>

        <Polygon>
            <tessellate>1</tessellate>

            <outerBoundaryIs>
                <LinearRing>
                    <coordinates>

                        70.1632475354109,5.234261693598871,0
                        70.22399604856327,5.312447264425278,0
                        70.77600395143673,4.881997180019165,0
                        70.71675246458912,4.80573830640113,0
                        70.1632475354109,5.234261693598871,0

                    </coordinates>
                </LinearRing>
            </outerBoundaryIs>

        </Polygon>

    </Placemark>
    
    <Placemark>

        <Style>
            <LineStyle>
                <width>0</width>
            </LineStyle>

            <PolyStyle>
                <color>b3ff3c00</color>
                <outline>0</outline>
            </PolyStyle>
        </Style>

        <Polygon>
            <tessellate>1</tessellate>

            <outerBoundaryIs>
                <LinearRing>
                    <coordinates>

                        70.22399604856327,5.312447264425278,0
                        70.28475471242804,5.390083319134965,0
                        70.83524528757196,4.9576944586428136,0
                        70.77600395143673,4.881997180019165,0
                        70.22399604856327,5.312447264425278,0

                    </coordinates>
                </LinearRing>
            </outerBoundaryIs>

        </Polygon>

    </Placemark>
    
    <Placemark>

        <Style>
            <LineStyle>
                <width>0</width>
            </LineStyle>

            <PolyStyle>
                <color>b3ff3f00</color>
                <outline>0</outline>
            </PolyStyle>
        </Style>

        <Polygon>
            <tessellate>1</tessellate>

            <outerBoundaryIs>
                <LinearRing>
                    <coordinates>

                        70.28475471242804,5.390083319134965,0
                        70.34552368271115,5.467169867264212,0
                        70.89447631728883,5.032830132735788,0
                        70.83524528757196,4.9576944586428136,0
                        70.28475471242804,5.390083319134965,0

                    </coordinates>
                </LinearRing>
            </outerBoundaryIs>

        </Polygon>

    </Placemark>
    
    <Placemark>

        <Style>
            <LineStyle>
                <width>0</width>
            </LineStyle>

            <PolyStyle>
                <color>b3ff4100</color>
                <outline>0</outline>
            </PolyStyle>
        </Style>

        <Polygon>
            <tessellate>1</tessellate>

            <outerBoundaryIs>
                <LinearRing>
                    <coordinates>

                        70.34552368271115,5.467169867264212,0
                        70.40630311735883,5.543706916845173,0
                        70.95369688264115,5.1074041942659365,0
                        70.89447631728883,5.032830132735788,0
                        70.34552368271115,5.467169867264212,0

                    </coordinates>
                </LinearRing>
            </outerBoundaryIs>

        </Polygon>

    </Placemark>
    
    <Placemark>

        <Style>
            <LineStyle>
                <width>0</width>
            </LineStyle>

            <PolyStyle>
                <color>b3ff4400</color>
                <outline>0</outline>
            </PolyStyle>
        </Style>

        <Polygon>
            <tessellate>1</tessellate>

            <outerBoundaryIs>
                <LinearRing>
                    <coordinates>

                        70.40630311735883,5.543706916845173,0
                        70.46709317657061,5.6196944743392345,0
                        71.0129068234294,5.1814166367718775,0
                        70.95369688264115,5.1074041942659365,0
                        70.40630311735883,5.543706916845173,0

                    </coordinates>
                </LinearRing>
            </outerBoundaryIs>

        </Polygon>

    </Placemark>
    
    <Placemark>

        <Style>
            <LineStyle>
                <width>0</width>
            </LineStyle>

            <PolyStyle>
                <color>b3ff4600</color>
                <outline>0</outline>
            </PolyStyle>
        </Style>

        <Polygon>
            <tessellate>1</tessellate>

            <outerBoundaryIs>
                <LinearRing>
                    <coordinates>

                        70.46709317657061,5.6196944743392345,0
                        70.52789402281148,5.695132544568676,0
                        71.07210597718851,5.254867455431324,0
                        71.0129068234294,5.1814166367718775,0
                        70.46709317657061,5.6196944743392345,0

                    </coordinates>
                </LinearRing>
            </outerBoundaryIs>

        </Polygon>

    </Placemark>
    
    <Placemark>

        <Style>
            <LineStyle>
                <width>0</width>
            </LineStyle>

            <PolyStyle>
                <color>b3ff4800</color>
                <outline>0</outline>
            </PolyStyle>
        </Style>

        <Polygon>
            <tessellate>1</tessellate>

            <outerBoundaryIs>
                <LinearRing>
                    <coordinates>

                        70.52789402281148,5.695132544568676,0
                        70.58870582082265,5.770021130645927,0
                        71.13129417917735,5.327756647131852,0
                        71.07210597718851,5.254867455431324,0
                        70.52789402281148,5.695132544568676,0

                    </coordinates>
                </LinearRing>
            </outerBoundaryIs>

        </Polygon>

    </Placemark>
    
    <Placemark>

        <Style>
            <LineStyle>
                <width>0</width>
            </LineStyle>

            <PolyStyle>
                <color>b3ff4b00</color>
                <outline>0</outline>
            </PolyStyle>
        </Style>

        <Polygon>
            <tessellate>1</tessellate>

            <outerBoundaryIs>
                <LinearRing>
                    <coordinates>

                        70.58870582082265,5.770021130645927,0
                        70.64952873763086,5.84436023390063,0
                        71.19047126236917,5.400084210543815,0
                        71.13129417917735,5.327756647131852,0
                        70.58870582082265,5.770021130645927,0

                    </coordinates>
                </LinearRing>
            </outerBoundaryIs>

        </Polygon>

    </Placemark>
    
    <Placemark>

        <Style>
            <LineStyle>
                <width>0</width>
            </LineStyle>

            <PolyStyle>
                <color>b3ff4d00</color>
                <outline>0</outline>
            </PolyStyle>
        </Style>

        <Polygon>
            <tessellate>1</tessellate>

            <outerBoundaryIs>
                <LinearRing>
                    <coordinates>

                        70.64952873763086,5.84436023390063,0
                        70.7103629425565,5.918149853805052,0
                        71.24963705744348,5.471850146194947,0
                        71.19047126236917,5.400084210543815,0
                        70.64952873763086,5.84436023390063,0

                    </coordinates>
                </LinearRing>
            </outerBoundaryIs>

        </Polygon>

    </Placemark>
    
    <Placemark>

        <Style>
            <LineStyle>
                <width>0</width>
            </LineStyle>

            <PolyStyle>
                <color>b3ff5000</color>
                <outline>0</outline>
            </PolyStyle>
        </Style>

        <Polygon>
            <tessellate>1</tessellate>

            <outerBoundaryIs>
                <LinearRing>
                    <coordinates>

                        70.7103629425565,5.918149853805052,0
                        70.7712086072202,5.991389987896721,0
                        71.30879139277978,5.543054456547722,0
                        71.24963705744348,5.471850146194947,0
                        70.7103629425565,5.918149853805052,0

                    </coordinates>
                </LinearRing>
            </outerBoundaryIs>

        </Polygon>

    </Placemark>
    
    <Placemark>

        <Style>
            <LineStyle>
                <width>0</width>
            </LineStyle>

            <PolyStyle>
                <color>b3ff5200</color>
                <outline>0</outline>
            </PolyStyle>
        </Style>

        <Polygon>
            <tessellate>1</tessellate>

            <outerBoundaryIs>
                <LinearRing>
                    <coordinates>

                        70.7712086072202,5.991389987896721,0
                        70.83206590554737,6.064080631698985,0
                        71.36793409445262,5.613697146078792,0
                        71.30879139277978,5.543054456547722,0
                        70.7712086072202,5.991389987896721,0

                    </coordinates>
                </LinearRing>
            </outerBoundaryIs>

        </Polygon>

    </Placemark>
    
    <Placemark>

        <Style>
            <LineStyle>
                <width>0</width>
            </LineStyle>

            <PolyStyle>
                <color>b3ff5500</color>
                <outline>0</outline>
            </PolyStyle>
        </Style>

        <Polygon>
            <tessellate>1</tessellate>

            <outerBoundaryIs>
                <LinearRing>
                    <coordinates>

                        70.83206590554737,6.064080631698985,0
                        70.89293501377165,6.13622177863958,0
                        71.42706498622834,5.683778221360418,0
                        71.36793409445262,5.613697146078792,0
                        70.83206590554737,6.064080631698985,0

                    </coordinates>
                </LinearRing>
            </outerBoundaryIs>

        </Polygon>

    </Placemark>
    
    <Placemark>

        <Style>
            <LineStyle>
                <width>0</width>
            </LineStyle>

            <PolyStyle>
                <color>b3ff5700</color>
                <outline>0</outline>
            </PolyStyle>
        </Style>

        <Polygon>
            <tessellate>1</tessellate>

            <outerBoundaryIs>
                <LinearRing>
                    <coordinates>

                        70.89293501377165,6.13622177863958,0
                        70.95381611043612,6.207813419966544,0
                        71.48618388956388,5.753297691144566,0
                        71.42706498622834,5.683778221360418,0
                        70.89293501377165,6.13622177863958,0

                    </coordinates>
                </LinearRing>
            </outerBoundaryIs>

        </Polygon>

    </Placemark>
    
    <Placemark>

        <Style>
            <LineStyle>
                <width>0</width>
            </LineStyle>

            <PolyStyle>
                <color>b3ff5900</color>
                <outline>0</outline>
            </PolyStyle>
        </Style>

        <Polygon>
            <tessellate>1</tessellate>

            <outerBoundaryIs>
                <LinearRing>
                    <coordinates>

                        70.95381611043612,6.207813419966544,0
                        71.01470937639257,6.278855544661961,0
                        71.54529062360743,5.82225556644915,0
                        71.48618388956388,5.753297691144566,0
                        70.95381611043612,6.207813419966544,0

                    </coordinates>
                </LinearRing>
            </outerBoundaryIs>

        </Polygon>

    </Placemark>
    
    <Placemark>

        <Style>
            <LineStyle>
                <width>0</width>
            </LineStyle>

            <PolyStyle>
                <color>b3ff5c00</color>
                <outline>0</outline>
            </PolyStyle>
        </Style>

        <Polygon>
            <tessellate>1</tessellate>

            <outerBoundaryIs>
                <LinearRing>
                    <coordinates>

                        71.01470937639257,6.278855544661961,0
                        71.07561499479893,6.349348139353303,0
                        71.60438500520108,5.890651860646695,0
                        71.54529062360743,5.82225556644915,0
                        71.01470937639257,6.278855544661961,0

                    </coordinates>
                </LinearRing>
            </outerBoundaryIs>

        </Polygon>

    </Placemark>
    
    <Placemark>

        <Style>
            <LineStyle>
                <width>0</width>
            </LineStyle>

            <PolyStyle>
                <color>b3ff5e00</color>
                <outline>0</outline>
            </PolyStyle>
        </Style>

        <Polygon>
            <tessellate>1</tessellate>

            <outerBoundaryIs>
                <LinearRing>
                    <coordinates>

                        71.07561499479893,6.349348139353303,0
                        71.13653315111416,6.4192911882223855,0
                        71.66346684888585,5.958486589555391,0
                        71.60438500520108,5.890651860646695,0
                        71.07561499479893,6.349348139353303,0

                    </coordinates>
                </LinearRing>
            </outerBoundaryIs>

        </Polygon>

    </Placemark>
    
    <Placemark>

        <Style>
            <LineStyle>
                <width>0</width>
            </LineStyle>

            <PolyStyle>
                <color>b3ff6100</color>
                <outline>0</outline>
            </PolyStyle>
        </Style>

        <Polygon>
            <tessellate>1</tessellate>

            <outerBoundaryIs>
                <LinearRing>
                    <coordinates>

                        71.13653315111416,6.4192911882223855,0
                        71.19746403309126,6.488684672911965,0
                        71.72253596690872,6.025759771532478,0
                        71.66346684888585,5.958486589555391,0
                        71.13653315111416,6.4192911882223855,0

                    </coordinates>
                </LinearRing>
            </outerBoundaryIs>

        </Polygon>

    </Placemark>
    
    <Placemark>

        <Style>
            <LineStyle>
                <width>0</width>
            </LineStyle>

            <PolyStyle>
                <color>b3ff6300</color>
                <outline>0</outline>
            </PolyStyle>
        </Style>

        <Polygon>
            <tessellate>1</tessellate>

            <outerBoundaryIs>
                <LinearRing>
                    <coordinates>

                        71.19746403309126,6.488684672911965,0
                        71.25840783076747,6.557528572429758,0
                        71.78159216923252,6.09247142757024,0
                        71.72253596690872,6.025759771532478,0
                        71.19746403309126,6.488684672911965,0

                    </coordinates>
                </LinearRing>
            </outerBoundaryIs>

        </Polygon>

    </Placemark>
    
    <Placemark>

        <Style>
            <LineStyle>
                <width>0</width>
            </LineStyle>

            <PolyStyle>
                <color>b3ff6600</color>
                <outline>0</outline>
            </PolyStyle>
        </Style>

        <Polygon>
            <tessellate>1</tessellate>

            <outerBoundaryIs>
                <LinearRing>
                    <coordinates>

                        71.25840783076747,6.557528572429758,0
                        71.3193647364519,6.625822863050159,0
                        71.84063526354807,6.158621581394284,0
                        71.78159216923252,6.09247142757024,0
                        71.25840783076747,6.557528572429758,0

                    </coordinates>
                </LinearRing>
            </outerBoundaryIs>

        </Polygon>

    </Placemark>
    
    <Placemark>

        <Style>
            <LineStyle>
                <width>0</width>
            </LineStyle>

            <PolyStyle>
                <color>b3ff6800</color>
                <outline>0</outline>
            </PolyStyle>
        </Style>

        <Polygon>
            <tessellate>1</tessellate>

            <outerBoundaryIs>
                <LinearRing>
                    <coordinates>

                        71.3193647364519,6.625822863050159,0
                        71.38033494471077,6.69356751821344,0
                        71.8996650552892,6.224210259564336,0
                        71.84063526354807,6.158621581394284,0
                        71.3193647364519,6.625822863050159,0

                    </coordinates>
                </LinearRing>
            </outerBoundaryIs>

        </Polygon>

    </Placemark>
    
    <Placemark>

        <Style>
            <LineStyle>
                <width>0</width>
            </LineStyle>

            <PolyStyle>
                <color>b3ff6a00</color>
                <outline>0</outline>
            </PolyStyle>
        </Style>

        <Polygon>
            <tessellate>1</tessellate>

            <outerBoundaryIs>
                <LinearRing>
                    <coordinates>

                        71.38033494471077,6.69356751821344,0
                        71.44131865234927,6.760762508422348,0
                        71.95868134765074,6.289237491577652,0
                        71.8996650552892,6.224210259564336,0
                        71.38033494471077,6.69356751821344,0

                    </coordinates>
                </LinearRing>
            </outerBoundaryIs>

        </Polygon>

    </Placemark>
    
    <Placemark>

        <Style>
            <LineStyle>
                <width>0</width>
            </LineStyle>

            <PolyStyle>
                <color>b3ff6d00</color>
                <outline>0</outline>
            </PolyStyle>
        </Style>

        <Polygon>
            <tessellate>1</tessellate>

            <outerBoundaryIs>
                <LinearRing>
                    <coordinates>

                        71.44131865234927,6.760762508422348,0
                        71.50231605839078,6.827407801136489,0
                        72.01768394160923,6.353703309974626,0
                        71.95868134765074,6.289237491577652,0
                        71.44131865234927,6.760762508422348,0

                    </coordinates>
                </LinearRing>
            </outerBoundaryIs>

        </Polygon>

    </Placemark>
    
    <Placemark>

        <Style>
            <LineStyle>
                <width>0</width>
            </LineStyle>

            <PolyStyle>
                <color>b3ff6f00</color>
                <outline>0</outline>
            </PolyStyle>
        </Style>

        <Polygon>
            <tessellate>1</tessellate>

            <outerBoundaryIs>
                <LinearRing>
                    <coordinates>

                        71.50231605839078,6.827407801136489,0
                        71.56332736405281,6.8935033606639795,0
                        72.0766726359472,6.4176077504471305,0
                        72.01768394160923,6.353703309974626,0
                        71.50231605839078,6.827407801136489,0

                    </coordinates>
                </LinearRing>
            </outerBoundaryIs>

        </Polygon>

    </Placemark>
    
    <Placemark>

        <Style>
            <LineStyle>
                <width>0</width>
            </LineStyle>

            <PolyStyle>
                <color>b3ff7200</color>
                <outline>0</outline>
            </PolyStyle>
        </Style>

        <Polygon>
            <tessellate>1</tessellate>

            <outerBoundaryIs>
                <LinearRing>
                    <coordinates>

                        71.56332736405281,6.8935033606639795,0
                        71.62435277271942,6.959049148050656,0
                        72.1356472272806,6.480950851949343,0
                        72.0766726359472,6.4176077504471305,0
                        71.56332736405281,6.8935033606639795,0

                    </coordinates>
                </LinearRing>
            </outerBoundaryIs>

        </Polygon>

    </Placemark>
    
    <Placemark>

        <Style>
            <LineStyle>
                <width>0</width>
            </LineStyle>

            <PolyStyle>
                <color>b3ff7400</color>
                <outline>0</outline>
            </PolyStyle>
        </Style>

        <Polygon>
            <tessellate>1</tessellate>

            <outerBoundaryIs>
                <LinearRing>
                    <coordinates>

                        71.62435277271942,6.959049148050656,0
                        71.6853924899103,7.02404512096693,0
                        72.1946075100897,6.543732656810848,0
                        72.1356472272806,6.480950851949343,0
                        71.62435277271942,6.959049148050656,0

                    </coordinates>
                </LinearRing>
            </outerBoundaryIs>

        </Polygon>

    </Placemark>
    
    <Placemark>

        <Style>
            <LineStyle>
                <width>0</width>
            </LineStyle>

            <PolyStyle>
                <color>b3ff7700</color>
                <outline>0</outline>
            </PolyStyle>
        </Style>

        <Polygon>
            <tessellate>1</tessellate>

            <outerBoundaryIs>
                <LinearRing>
                    <coordinates>

                        71.6853924899103,7.02404512096693,0
                        71.74644672324611,7.0884912335920385,0
                        72.25355327675386,6.605953210852404,0
                        72.1946075100897,6.543732656810848,0
                        71.6853924899103,7.02404512096693,0

                    </coordinates>
                </LinearRing>
            </outerBoundaryIs>

        </Polygon>

    </Placemark>
    
    <Placemark>

        <Style>
            <LineStyle>
                <width>0</width>
            </LineStyle>

            <PolyStyle>
                <color>b3ff7900</color>
                <outline>0</outline>
            </PolyStyle>
        </Style>

        <Polygon>
            <tessellate>1</tessellate>

            <outerBoundaryIs>
                <LinearRing>
                    <coordinates>

                        71.74644672324611,7.0884912335920385,0
                        71.80751568240981,7.152387436495841,0
                        72.31248431759016,6.667612563504155,0
                        72.25355327675386,6.605953210852404,0
                        71.74644672324611,7.0884912335920385,0

                    </coordinates>
                </LinearRing>
            </outerBoundaryIs>

        </Polygon>

    </Placemark>
    
    <Placemark>

        <Style>
            <LineStyle>
                <width>0</width>
            </LineStyle>

            <PolyStyle>
                <color>b3ff7b00</color>
                <outline>0</outline>
            </PolyStyle>
        </Style>

        <Polygon>
            <tessellate>1</tessellate>

            <outerBoundaryIs>
                <LinearRing>
                    <coordinates>

                        71.80751568240981,7.152387436495841,0
                        71.86859957910416,7.215733676518315,0
                        72.37140042089582,6.7287107679261275,0
                        72.31248431759016,6.667612563504155,0
                        71.80751568240981,7.152387436495841,0

                    </coordinates>
                </LinearRing>
            </outerBoundaryIs>

        </Polygon>

    </Placemark>
    
    <Placemark>

        <Style>
            <LineStyle>
                <width>0</width>
            </LineStyle>

            <PolyStyle>
                <color>b3ff7e00</color>
                <outline>0</outline>
            </PolyStyle>
        </Style>

        <Polygon>
            <tessellate>1</tessellate>

            <outerBoundaryIs>
                <LinearRing>
                    <coordinates>

                        71.86859957910416,7.215733676518315,0
                        71.92969862700478,7.278529896646607,0
                        72.4303013729952,6.78924788113117,0
                        72.37140042089582,6.7287107679261275,0
                        71.86859957910416,7.215733676518315,0

                    </coordinates>
                </LinearRing>
            </outerBoundaryIs>

        </Polygon>

    </Placemark>
    
    <Placemark>

        <Style>
            <LineStyle>
                <width>0</width>
            </LineStyle>

            <PolyStyle>
                <color>b3ff8000</color>
                <outline>0</outline>
            </PolyStyle>
        </Style>

        <Polygon>
            <tessellate>1</tessellate>

            <outerBoundaryIs>
                <LinearRing>
                    <coordinates>

                        71.92969862700478,7.278529896646607,0
                        71.99081304170886,7.340776035889603,0
                        72.48918695829116,6.849223964110398,0
                        72.4303013729952,6.78924788113117,0
                        71.92969862700478,7.278529896646607,0

                    </coordinates>
                </LinearRing>
            </outerBoundaryIs>

        </Polygon>

    </Placemark>
    
    <Placemark>

        <Style>
            <LineStyle>
                <width>0</width>
            </LineStyle>

            <PolyStyle>
                <color>b3ff8300</color>
                <outline>0</outline>
            </PolyStyle>
        </Style>

        <Polygon>
            <tessellate>1</tessellate>

            <outerBoundaryIs>
                <LinearRing>
                    <coordinates>

                        71.99081304170886,7.340776035889603,0
                        72.05194304067918,7.402472029150377,0
                        72.54805695932085,6.908639081960737,0
                        72.48918695829116,6.849223964110398,0
                        71.99081304170886,7.340776035889603,0

                    </coordinates>
                </LinearRing>
            </outerBoundaryIs>

        </Polygon>

    </Placemark>
    
    <Placemark>

        <Style>
            <LineStyle>
                <width>0</width>
            </LineStyle>

            <PolyStyle>
                <color>b3ff8500</color>
                <outline>0</outline>
            </PolyStyle>
        </Style>

        <Polygon>
            <tessellate>1</tessellate>

            <outerBoundaryIs>
                <LinearRing>
                    <coordinates>

                        72.05194304067918,7.402472029150377,0
                        72.11308884318338,7.46361780709633,0
                        72.60691115681662,6.967493304014781,0
                        72.54805695932085,6.908639081960737,0
                        72.05194304067918,7.402472029150377,0

                    </coordinates>
                </LinearRing>
            </outerBoundaryIs>

        </Polygon>

    </Placemark>
    
    <Placemark>

        <Style>
            <LineStyle>
                <width>0</width>
            </LineStyle>

            <PolyStyle>
                <color>b3ff8800</color>
                <outline>0</outline>
            </PolyStyle>
        </Style>

        <Polygon>
            <tessellate>1</tessellate>

            <outerBoundaryIs>
                <LinearRing>
                    <coordinates>

                        72.11308884318338,7.46361780709633,0
                        72.17425067022809,7.524213296027042,0
                        72.66574932977188,7.025786703972959,0
                        72.60691115681662,6.967493304014781,0
                        72.11308884318338,7.46361780709633,0

                    </coordinates>
                </LinearRing>
            </outerBoundaryIs>

        </Polygon>

    </Placemark>
    
    <Placemark>

        <Style>
            <LineStyle>
                <width>0</width>
            </LineStyle>

            <PolyStyle>
                <color>b3ff8a00</color>
                <outline>0</outline>
            </PolyStyle>
        </Style>

        <Polygon>
            <tessellate>1</tessellate>

            <outerBoundaryIs>
                <LinearRing>
                    <coordinates>

                        72.17425067022809,7.524213296027042,0
                        72.23542874448769,7.584258417740026,0
                        72.72457125551229,7.08351936003775,0
                        72.66574932977188,7.025786703972959,0
                        72.17425067022809,7.524213296027042,0

                    </coordinates>
                </LinearRing>
            </outerBoundaryIs>

        </Polygon>

    </Placemark>
    
    <Placemark>

        <Style>
            <LineStyle>
                <width>0</width>
            </LineStyle>

            <PolyStyle>
                <color>b3ff8c00</color>
                <outline>0</outline>
            </PolyStyle>
        </Style>

        <Polygon>
            <tessellate>1</tessellate>

            <outerBoundaryIs>
                <LinearRing>
                    <coordinates>

                        72.23542874448769,7.584258417740026,0
                        72.29662329022783,7.643753089394573,0
                        72.78337670977216,7.14069135504987,0
                        72.72457125551229,7.08351936003775,0
                        72.23542874448769,7.584258417740026,0

                    </coordinates>
                </LinearRing>
            </outerBoundaryIs>

        </Polygon>

    </Placemark>
    
    <Placemark>

        <Style>
            <LineStyle>
                <width>0</width>
            </LineStyle>

            <PolyStyle>
                <color>b3ff8f00</color>
                <outline>0</outline>
            </PolyStyle>
        </Style>

        <Polygon>
            <tessellate>1</tessellate>

            <outerBoundaryIs>
                <LinearRing>
                    <coordinates>

                        72.29662329022783,7.643753089394573,0
                        72.35783453322306,7.7026972233735655,0
                        72.84216546677693,7.197302776626433,0
                        72.78337670977216,7.14069135504987,0
                        72.29662329022783,7.643753089394573,0

                    </coordinates>
                </LinearRing>
            </outerBoundaryIs>

        </Polygon>

    </Placemark>
    
    <Placemark>

        <Style>
            <LineStyle>
                <width>0</width>
            </LineStyle>

            <PolyStyle>
                <color>b3ff9100</color>
                <outline>0</outline>
            </PolyStyle>
        </Style>

        <Polygon>
            <tessellate>1</tessellate>

            <outerBoundaryIs>
                <LinearRing>
                    <coordinates>

                        72.35783453322306,7.7026972233735655,0
                        72.41906270066865,7.761090727143403,0
                        72.90093729933135,7.2533537173010405,0
                        72.84216546677693,7.197302776626433,0
                        72.35783453322306,7.7026972233735655,0

                    </coordinates>
                </LinearRing>
            </outerBoundaryIs>

        </Polygon>

    </Placemark>
    
    <Placemark>

        <Style>
            <LineStyle>
                <width>0</width>
            </LineStyle>

            <PolyStyle>
                <color>b3ff9400</color>
                <outline>0</outline>
            </PolyStyle>
        </Style>

        <Polygon>
            <tessellate>1</tessellate>

            <outerBoundaryIs>
                <LinearRing>
                    <coordinates>

                        72.41906270066865,7.761090727143403,0
                        72.48030802108613,7.818933503112269,0
                        72.95969197891387,7.30884427466551,0
                        72.90093729933135,7.2533537173010405,0
                        72.41906270066865,7.761090727143403,0

                    </coordinates>
                </LinearRing>
            </outerBoundaryIs>

        </Polygon>

    </Placemark>
    
    <Placemark>

        <Style>
            <LineStyle>
                <width>0</width>
            </LineStyle>

            <PolyStyle>
                <color>b3ff9600</color>
                <outline>0</outline>
            </PolyStyle>
        </Style>

        <Polygon>
            <tessellate>1</tessellate>

            <outerBoundaryIs>
                <LinearRing>
                    <coordinates>

                        72.48030802108613,7.818933503112269,0
                        72.54157072422255,7.876225448486766,0
                        73.01842927577745,7.3637745515132345,0
                        72.95969197891387,7.30884427466551,0
                        72.48030802108613,7.818933503112269,0

                    </coordinates>
                </LinearRing>
            </outerBoundaryIs>

        </Polygon>

    </Placemark>
    
    <Placemark>

        <Style>
            <LineStyle>
                <width>0</width>
            </LineStyle>

            <PolyStyle>
                <color>b3ff9900</color>
                <outline>0</outline>
            </PolyStyle>
        </Style>

        <Polygon>
            <tessellate>1</tessellate>

            <outerBoundaryIs>
                <LinearRing>
                    <coordinates>

                        72.54157072422255,7.876225448486766,0
                        72.60285104094311,7.932966455127095,0
                        73.0771489590569,7.4181446559840145,0
                        73.01842927577745,7.3637745515132345,0
                        72.54157072422255,7.876225448486766,0

                    </coordinates>
                </LinearRing>
            </outerBoundaryIs>

        </Polygon>

    </Placemark>
    
    <Placemark>

        <Style>
            <LineStyle>
                <width>0</width>
            </LineStyle>

            <PolyStyle>
                <color>b3ff9b00</color>
                <outline>0</outline>
            </PolyStyle>
        </Style>

        <Polygon>
            <tessellate>1</tessellate>

            <outerBoundaryIs>
                <LinearRing>
                    <coordinates>

                        72.60285104094311,7.932966455127095,0
                        72.66414920311679,7.9891564094009215,0
                        73.13585079688322,7.471954701710187,0
                        73.0771489590569,7.4181446559840145,0
                        72.60285104094311,7.932966455127095,0

                    </coordinates>
                </LinearRing>
            </outerBoundaryIs>

        </Polygon>

    </Placemark>
    
    <Placemark>

        <Style>
            <LineStyle>
                <width>0</width>
            </LineStyle>

            <PolyStyle>
                <color>b3ff9d00</color>
                <outline>0</outline>
            </PolyStyle>
        </Style>

        <Polygon>
            <tessellate>1</tessellate>

            <outerBoundaryIs>
                <LinearRing>
                    <coordinates>

                        72.66414920311679,7.9891564094009215,0
                        72.72546544349521,8.044795192036164,0
                        73.19453455650478,7.525204807963838,0
                        73.13585079688322,7.471954701710187,0
                        72.66414920311679,7.9891564094009215,0

                    </coordinates>
                </LinearRing>
            </outerBoundaryIs>

        </Polygon>

    </Placemark>
    
    <Placemark>

        <Style>
            <LineStyle>
                <width>0</width>
            </LineStyle>

            <PolyStyle>
                <color>b3ffa000</color>
                <outline>0</outline>
            </PolyStyle>
        </Style>

        <Polygon>
            <tessellate>1</tessellate>

            <outerBoundaryIs>
                <LinearRing>
                    <coordinates>

                        72.72546544349521,8.044795192036164,0
                        72.78679999558386,8.099882677972674,0
                        73.25320000441613,7.577895099805102,0
                        73.19453455650478,7.525204807963838,0
                        72.72546544349521,8.044795192036164,0

                    </coordinates>
                </LinearRing>
            </outerBoundaryIs>

        </Polygon>

    </Placemark>
    
    <Placemark>

        <Style>
            <LineStyle>
                <width>0</width>
            </LineStyle>

            <PolyStyle>
                <color>b3ffa200</color>
                <outline>0</outline>
            </PolyStyle>
        </Style>

        <Polygon>
            <tessellate>1</tessellate>

            <outerBoundaryIs>
                <LinearRing>
                    <coordinates>

                        72.78679999558386,8.099882677972674,0
                        72.84815309350577,8.154418736213271,0
                        73.31184690649422,7.630025708231171,0
                        73.25320000441613,7.577895099805102,0
                        72.78679999558386,8.099882677972674,0

                    </coordinates>
                </LinearRing>
            </outerBoundaryIs>

        </Polygon>

    </Placemark>
    
    <Placemark>

        <Style>
            <LineStyle>
                <width>0</width>
            </LineStyle>

            <PolyStyle>
                <color>b3ffa500</color>
                <outline>0</outline>
            </PolyStyle>
        </Style>

        <Polygon>
            <tessellate>1</tessellate>

            <outerBoundaryIs>
                <LinearRing>
                    <coordinates>

                        72.84815309350577,8.154418736213271,0
                        72.90952497185775,8.208403229674252,0
                        73.37047502814225,7.681596770325746,0
                        73.31184690649422,7.630025708231171,0
                        72.84815309350577,8.154418736213271,0

                    </coordinates>
                </LinearRing>
            </outerBoundaryIs>

        </Polygon>

    </Placemark>
    
    <Placemark>

        <Style>
            <LineStyle>
                <width>0</width>
            </LineStyle>

            <PolyStyle>
                <color>b3ffa700</color>
                <outline>0</outline>
            </PolyStyle>
        </Style>

        <Polygon>
            <tessellate>1</tessellate>

            <outerBoundaryIs>
                <LinearRing>
                    <coordinates>

                        72.90952497185775,8.208403229674252,0
                        72.97091586555811,8.26183601503547,0
                        73.4290841344419,7.732608429408974,0
                        73.37047502814225,7.681596770325746,0
                        72.90952497185775,8.208403229674252,0

                    </coordinates>
                </LinearRing>
            </outerBoundaryIs>

        </Polygon>

    </Placemark>
    
    <Placemark>

        <Style>
            <LineStyle>
                <width>0</width>
            </LineStyle>

            <PolyStyle>
                <color>b3ffaa00</color>
                <outline>0</outline>
            </PolyStyle>
        </Style>

        <Polygon>
            <tessellate>1</tessellate>

            <outerBoundaryIs>
                <LinearRing>
                    <coordinates>

                        72.97091586555811,8.26183601503547,0
                        73.03232600968657,8.314716942590461,0
                        73.48767399031341,7.783060835187314,0
                        73.4290841344419,7.732608429408974,0
                        72.97091586555811,8.26183601503547,0

                    </coordinates>
                </LinearRing>
            </outerBoundaryIs>

        </Polygon>

    </Placemark>
    
    <Placemark>

        <Style>
            <LineStyle>
                <width>0</width>
            </LineStyle>

            <PolyStyle>
                <color>b3ffac00</color>
                <outline>0</outline>
            </PolyStyle>
        </Style>

        <Polygon>
            <tessellate>1</tessellate>

            <outerBoundaryIs>
                <LinearRing>
                    <coordinates>

                        73.03232600968657,8.314716942590461,0
                        73.09375563931528,8.367045856096587,0
                        73.54624436068474,7.832954143903412,0
                        73.48767399031341,7.783060835187314,0
                        73.03232600968657,8.314716942590461,0

                    </coordinates>
                </LinearRing>
            </outerBoundaryIs>

        </Polygon>

    </Placemark>
    
    <Placemark>

        <Style>
            <LineStyle>
                <width>0</width>
            </LineStyle>

            <PolyStyle>
                <color>b3ffae00</color>
                <outline>0</outline>
            </PolyStyle>
        </Style>

        <Polygon>
            <tessellate>1</tessellate>

            <outerBoundaryIs>
                <LinearRing>
                    <coordinates>

                        73.09375563931528,8.367045856096587,0
                        73.15520498933134,8.418822592625853,0
                        73.60479501066865,7.882288518485255,0
                        73.54624436068474,7.832954143903412,0
                        73.09375563931528,8.367045856096587,0

                    </coordinates>
                </LinearRing>
            </outerBoundaryIs>

        </Polygon>

    </Placemark>
    
    <Placemark>

        <Style>
            <LineStyle>
                <width>0</width>
            </LineStyle>

            <PolyStyle>
                <color>b3ffb100</color>
                <outline>0</outline>
            </PolyStyle>
        </Style>

        <Polygon>
            <tessellate>1</tessellate>

            <outerBoundaryIs>
                <LinearRing>
                    <coordinates>

                        73.15520498933134,8.418822592625853,0
                        73.21667429425054,8.470046982416426,0
                        73.66332570574946,7.931064128694684,0
                        73.60479501066865,7.882288518485255,0
                        73.15520498933134,8.418822592625853,0

                    </coordinates>
                </LinearRing>
            </outerBoundaryIs>

        </Polygon>

    </Placemark>
    
    <Placemark>

        <Style>
            <LineStyle>
                <width>0</width>
            </LineStyle>

            <PolyStyle>
                <color>b3ffb300</color>
                <outline>0</outline>
            </PolyStyle>
        </Style>

        <Polygon>
            <tessellate>1</tessellate>

            <outerBoundaryIs>
                <LinearRing>
                    <coordinates>

                        73.21667429425054,8.470046982416426,0
                        73.27816378802153,8.520718848725094,0
                        73.72183621197847,7.979281151274906,0
                        73.66332570574946,7.931064128694684,0
                        73.21667429425054,8.470046982416426,0

                    </coordinates>
                </LinearRing>
            </outerBoundaryIs>

        </Polygon>

    </Placemark>
    
    <Placemark>

        <Style>
            <LineStyle>
                <width>0</width>
            </LineStyle>

            <PolyStyle>
                <color>b3ffb600</color>
                <outline>0</outline>
            </PolyStyle>
        </Style>

        <Polygon>
            <tessellate>1</tessellate>

            <outerBoundaryIs>
                <LinearRing>
                    <coordinates>

                        73.27816378802153,8.520718848725094,0
                        73.339673703821,8.570838007681438,0
                        73.780326296179,8.026939770096341,0
                        73.72183621197847,7.979281151274906,0
                        73.27816378802153,8.520718848725094,0

                    </coordinates>
                </LinearRing>
            </outerBoundaryIs>

        </Polygon>

    </Placemark>
    
    <Placemark>

        <Style>
            <LineStyle>
                <width>0</width>
            </LineStyle>

            <PolyStyle>
                <color>b3ffb800</color>
                <outline>0</outline>
            </PolyStyle>
        </Style>

        <Polygon>
            <tessellate>1</tessellate>

            <outerBoundaryIs>
                <LinearRing>
                    <coordinates>

                        73.339673703821,8.570838007681438,0
                        73.40120427383921,8.62040426814357,0
                        73.8387957261608,8.074040176300873,0
                        73.780326296179,8.026939770096341,0
                        73.339673703821,8.570838007681438,0

                    </coordinates>
                </LinearRing>
            </outerBoundaryIs>

        </Polygon>

    </Placemark>
    
    <Placemark>

        <Style>
            <LineStyle>
                <width>0</width>
            </LineStyle>

            <PolyStyle>
                <color>b3ffbb00</color>
                <outline>0</outline>
            </PolyStyle>
        </Style>

        <Polygon>
            <tessellate>1</tessellate>

            <outerBoundaryIs>
                <LinearRing>
                    <coordinates>

                        73.40120427383921,8.62040426814357,0
                        73.46275572905571,8.669417431556166,0
                        73.8972442709443,8.120582568443833,0
                        73.8387957261608,8.074040176300873,0
                        73.40120427383921,8.62040426814357,0

                    </coordinates>
                </LinearRing>
            </outerBoundaryIs>

        </Polygon>

    </Placemark>
    
    <Placemark>

        <Style>
            <LineStyle>
                <width>0</width>
            </LineStyle>

            <PolyStyle>
                <color>b3ffbd00</color>
                <outline>0</outline>
            </PolyStyle>
        </Style>

        <Polygon>
            <tessellate>1</tessellate>

            <outerBoundaryIs>
                <LinearRing>
                    <coordinates>

                        73.46275572905571,8.669417431556166,0
                        73.52432829900529,8.717877291811098,0
                        73.9556717009947,8.166567152633347,0
                        73.8972442709443,8.120582568443833,0
                        73.46275572905571,8.669417431556166,0

                    </coordinates>
                </LinearRing>
            </outerBoundaryIs>

        </Polygon>

    </Placemark>
    
    <Placemark>

        <Style>
            <LineStyle>
                <width>0</width>
            </LineStyle>

            <PolyStyle>
                <color>b3ffbf00</color>
                <outline>0</outline>
            </PolyStyle>
        </Style>

        <Polygon>
            <tessellate>1</tessellate>

            <outerBoundaryIs>
                <LinearRing>
                    <coordinates>

                        73.52432829900529,8.717877291811098,0
                        73.58592221153366,8.765783635110902,0
                        74.01407778846637,8.211994142666876,0
                        73.9556717009947,8.166567152633347,0
                        73.52432829900529,8.717877291811098,0

                    </coordinates>
                </LinearRing>
            </outerBoundaryIs>

        </Polygon>

    </Placemark>
    
    <Placemark>

        <Style>
            <LineStyle>
                <width>0</width>
            </LineStyle>

            <PolyStyle>
                <color>b3ffc200</color>
                <outline>0</outline>
            </PolyStyle>
        </Style>

        <Polygon>
            <tessellate>1</tessellate>

            <outerBoundaryIs>
                <LinearRing>
                    <coordinates>

                        73.58592221153366,8.765783635110902,0
                        73.64753769254307,8.813136239835943,0
                        74.07246230745693,8.256863760164057,0
                        74.01407778846637,8.211994142666876,0
                        73.58592221153366,8.765783635110902,0

                    </coordinates>
                </LinearRing>
            </outerBoundaryIs>

        </Polygon>

    </Placemark>
    
    <Placemark>

        <Style>
            <LineStyle>
                <width>0</width>
            </LineStyle>

            <PolyStyle>
                <color>b3ffc400</color>
                <outline>0</outline>
            </PolyStyle>
        </Style>

        <Polygon>
            <tessellate>1</tessellate>

            <outerBoundaryIs>
                <LinearRing>
                    <coordinates>

                        73.64753769254307,8.813136239835943,0
                        73.70917496572773,8.859934876415378,0
                        74.13082503427228,8.301176234695733,0
                        74.07246230745693,8.256863760164057,0
                        73.64753769254307,8.813136239835943,0

                    </coordinates>
                </LinearRing>
            </outerBoundaryIs>

        </Polygon>

    </Placemark>
    
    <Placemark>

        <Style>
            <LineStyle>
                <width>0</width>
            </LineStyle>

            <PolyStyle>
                <color>b3ffc700</color>
                <outline>0</outline>
            </PolyStyle>
        </Style>

        <Polygon>
            <tessellate>1</tessellate>

            <outerBoundaryIs>
                <LinearRing>
                    <coordinates>

                        73.70917496572773,8.859934876415378,0
                        73.7708342522983,8.906179307202475,0
                        74.18916574770168,8.344931803908636,0
                        74.13082503427228,8.301176234695733,0
                        73.70917496572773,8.859934876415378,0

                    </coordinates>
                </LinearRing>
            </outerBoundaryIs>

        </Polygon>

    </Placemark>
    
    <Placemark>

        <Style>
            <LineStyle>
                <width>0</width>
            </LineStyle>

            <PolyStyle>
                <color>b3ffc900</color>
                <outline>0</outline>
            </PolyStyle>
        </Style>

        <Polygon>
            <tessellate>1</tessellate>

            <outerBoundaryIs>
                <LinearRing>
                    <coordinates>

                        73.7708342522983,8.906179307202475,0
                        73.83251577069635,8.951869286354992,0
                        74.24748422930364,8.388130713645008,0
                        74.18916574770168,8.344931803908636,0
                        73.7708342522983,8.906179307202475,0

                    </coordinates>
                </LinearRing>
            </outerBoundaryIs>

        </Polygon>

    </Placemark>
    
    <Placemark>

        <Style>
            <LineStyle>
                <width>0</width>
            </LineStyle>

            <PolyStyle>
                <color>b3ffcc00</color>
                <outline>0</outline>
            </PolyStyle>
        </Style>

        <Polygon>
            <tessellate>1</tessellate>

            <outerBoundaryIs>
                <LinearRing>
                    <coordinates>

                        73.83251577069635,8.951869286354992,0
                        73.8942197362978,8.997004559720892,0
                        74.30578026370219,8.430773218056885,0
                        74.24748422930364,8.388130713645008,0
                        73.83251577069635,8.951869286354992,0

                    </coordinates>
                </LinearRing>
            </outerBoundaryIs>

        </Polygon>

    </Placemark>
    
    <Placemark>

        <Style>
            <LineStyle>
                <width>0</width>
            </LineStyle>

            <PolyStyle>
                <color>b3ffce00</color>
                <outline>0</outline>
            </PolyStyle>
        </Style>

        <Polygon>
            <tessellate>1</tessellate>

            <outerBoundaryIs>
                <LinearRing>
                    <coordinates>

                        73.8942197362978,8.997004559720892,0
                        73.95594636110603,9.041584864730215,0
                        74.36405363889396,8.472859579714228,0
                        74.30578026370219,8.430773218056885,0
                        73.8942197362978,8.997004559720892,0

                    </coordinates>
                </LinearRing>
            </outerBoundaryIs>

        </Polygon>

    </Placemark>
    
    <Placemark>

        <Style>
            <LineStyle>
                <width>0</width>
            </LineStyle>

            <PolyStyle>
                <color>b3ffd000</color>
                <outline>0</outline>
            </PolyStyle>
        </Style>

        <Polygon>
            <tessellate>1</tessellate>

            <outerBoundaryIs>
                <LinearRing>
                    <coordinates>

                        73.95594636110603,9.041584864730215,0
                        74.01769585343403,9.085609930293426,0
                        74.42230414656596,8.514390069706575,0
                        74.36405363889396,8.472859579714228,0
                        73.95594636110603,9.041584864730215,0

                    </coordinates>
                </LinearRing>
            </outerBoundaryIs>

        </Polygon>

    </Placemark>
    
    <Placemark>

        <Style>
            <LineStyle>
                <width>0</width>
            </LineStyle>

            <PolyStyle>
                <color>b3ffd300</color>
                <outline>0</outline>
            </PolyStyle>
        </Style>

        <Polygon>
            <tessellate>1</tessellate>

            <outerBoundaryIs>
                <LinearRing>
                    <coordinates>

                        74.01769585343403,9.085609930293426,0
                        74.07946841757607,9.129079476707012,0
                        74.48053158242394,8.555364967737432,0
                        74.42230414656596,8.514390069706575,0
                        74.01769585343403,9.085609930293426,0

                    </coordinates>
                </LinearRing>
            </outerBoundaryIs>

        </Polygon>

    </Placemark>
    
    <Placemark>

        <Style>
            <LineStyle>
                <width>0</width>
            </LineStyle>

            <PolyStyle>
                <color>b3ffd500</color>
                <outline>0</outline>
            </PolyStyle>
        </Style>

        <Polygon>
            <tessellate>1</tessellate>

            <outerBoundaryIs>
                <LinearRing>
                    <coordinates>

                        74.07946841757607,9.129079476707012,0
                        74.14126425346856,9.1719932155669,0
                        74.53873574653144,8.595784562210877,0
                        74.48053158242394,8.555364967737432,0
                        74.07946841757607,9.129079476707012,0

                    </coordinates>
                </LinearRing>
            </outerBoundaryIs>

        </Polygon>

    </Placemark>
    
    <Placemark>

        <Style>
            <LineStyle>
                <width>0</width>
            </LineStyle>

            <PolyStyle>
                <color>b3ffd800</color>
                <outline>0</outline>
            </PolyStyle>
        </Style>

        <Polygon>
            <tessellate>1</tessellate>

            <outerBoundaryIs>
                <LinearRing>
                    <coordinates>

                        74.14126425346856,9.1719932155669,0
                        74.20308355634054,9.214350849690318,0
                        74.59691644365947,8.635649150309684,0
                        74.53873574653144,8.595784562210877,0
                        74.14126425346856,9.1719932155669,0

                    </coordinates>
                </LinearRing>
            </outerBoundaryIs>

        </Polygon>

    </Placemark>
    
    <Placemark>

        <Style>
            <LineStyle>
                <width>0</width>
            </LineStyle>

            <PolyStyle>
                <color>b3ffda00</color>
                <outline>0</outline>
            </PolyStyle>
        </Style>

        <Polygon>
            <tessellate>1</tessellate>

            <outerBoundaryIs>
                <LinearRing>
                    <coordinates>

                        74.20308355634054,9.214350849690318,0
                        74.26492651635357,9.256152073046811,0
                        74.65507348364642,8.6749590380643,0
                        74.59691644365947,8.635649150309684,0
                        74.20308355634054,9.214350849690318,0

                    </coordinates>
                </LinearRing>
            </outerBoundaryIs>

        </Polygon>

    </Placemark>
    
    <Placemark>

        <Style>
            <LineStyle>
                <width>0</width>
            </LineStyle>

            <PolyStyle>
                <color>b3ffdd00</color>
                <outline>0</outline>
            </PolyStyle>
        </Style>

        <Polygon>
            <tessellate>1</tessellate>

            <outerBoundaryIs>
                <LinearRing>
                    <coordinates>

                        74.26492651635357,9.256152073046811,0
                        74.32679331823134,9.297396570698977,0
                        74.71320668176865,8.713714540412136,0
                        74.65507348364642,8.6749590380643,0
                        74.26492651635357,9.256152073046811,0

                    </coordinates>
                </LinearRing>
            </outerBoundaryIs>

        </Polygon>

    </Placemark>
    
    <Placemark>

        <Style>
            <LineStyle>
                <width>0</width>
            </LineStyle>

            <PolyStyle>
                <color>b3ffdf00</color>
                <outline>0</outline>
            </PolyStyle>
        </Style>

        <Polygon>
            <tessellate>1</tessellate>

            <outerBoundaryIs>
                <LinearRing>
                    <coordinates>

                        74.32679331823134,9.297396570698977,0
                        74.38868414087909,9.338084018753719,0
                        74.7713158591209,8.751915981246281,0
                        74.71320668176865,8.713714540412136,0
                        74.32679331823134,9.297396570698977,0

                    </coordinates>
                </LinearRing>
            </outerBoundaryIs>

        </Polygon>

    </Placemark>
    
    <Placemark>

        <Style>
            <LineStyle>
                <width>0</width>
            </LineStyle>

            <PolyStyle>
                <color>b3ffe100</color>
                <outline>0</outline>
            </PolyStyle>
        </Style>

        <Polygon>
            <tessellate>1</tessellate>

            <outerBoundaryIs>
                <LinearRing>
                    <coordinates>

                        74.38868414087909,9.338084018753719,0
                        74.45059915699333,9.378214084324757,0
                        74.82940084300667,8.789563693453019,0
                        74.7713158591209,8.751915981246281,0
                        74.38868414087909,9.338084018753719,0

                    </coordinates>
                </LinearRing>
            </outerBoundaryIs>

        </Polygon>

    </Placemark>
    
    <Placemark>

        <Style>
            <LineStyle>
                <width>0</width>
            </LineStyle>

            <PolyStyle>
                <color>b3ffe400</color>
                <outline>0</outline>
            </PolyStyle>
        </Style>

        <Polygon>
            <tessellate>1</tessellate>

            <outerBoundaryIs>
                <LinearRing>
                    <coordinates>

                        74.45059915699333,9.378214084324757,0
                        74.51253853266164,9.417786425506966,0
                        74.88746146733837,8.826658018937477,0
                        74.82940084300667,8.789563693453019,0
                        74.45059915699333,9.378214084324757,0

                    </coordinates>
                </LinearRing>
            </outerBoundaryIs>

        </Polygon>

    </Placemark>
    
    <Placemark>

        <Style>
            <LineStyle>
                <width>0</width>
            </LineStyle>

            <PolyStyle>
                <color>b3ffe600</color>
                <outline>0</outline>
            </PolyStyle>
        </Style>

        <Polygon>
            <tessellate>1</tessellate>

            <outerBoundaryIs>
                <LinearRing>
                    <coordinates>

                        74.51253853266164,9.417786425506966,0
                        74.57450242695332,9.45680069136339,0
                        74.9454975730467,8.86319930863661,0
                        74.88746146733837,8.826658018937477,0
                        74.51253853266164,9.417786425506966,0

                    </coordinates>
                </LinearRing>
            </outerBoundaryIs>

        </Polygon>

    </Placemark>
    
    <Placemark>

        <Style>
            <LineStyle>
                <width>0</width>
            </LineStyle>

            <PolyStyle>
                <color>b3ffe900</color>
                <outline>0</outline>
            </PolyStyle>
        </Style>

        <Polygon>
            <tessellate>1</tessellate>

            <outerBoundaryIs>
                <LinearRing>
                    <coordinates>

                        74.57450242695332,9.45680069136339,0
                        74.63649099150105,9.495256521925684,0
                        75.00350900849894,8.899187922518761,0
                        74.9454975730467,8.86319930863661,0
                        74.57450242695332,9.45680069136339,0

                    </coordinates>
                </LinearRing>
            </outerBoundaryIs>

        </Polygon>

    </Placemark>
    
    <Placemark>

        <Style>
            <LineStyle>
                <width>0</width>
            </LineStyle>

            <PolyStyle>
                <color>b3ffeb00</color>
                <outline>0</outline>
            </PolyStyle>
        </Style>

        <Polygon>
            <tessellate>1</tessellate>

            <outerBoundaryIs>
                <LinearRing>
                    <coordinates>

                        74.63649099150105,9.495256521925684,0
                        74.69850437007399,9.533153548208631,0
                        75.061495629926,8.934624229569149,0
                        75.00350900849894,8.899187922518761,0
                        74.63649099150105,9.495256521925684,0

                    </coordinates>
                </LinearRing>
            </outerBoundaryIs>

        </Polygon>

    </Placemark>
    
    <Placemark>

        <Style>
            <LineStyle>
                <width>0</width>
            </LineStyle>

            <PolyStyle>
                <color>b3ffee00</color>
                <outline>0</outline>
            </PolyStyle>
        </Style>

        <Polygon>
            <tessellate>1</tessellate>

            <outerBoundaryIs>
                <LinearRing>
                    <coordinates>

                        74.69850437007399,9.533153548208631,0
                        74.76054269814264,9.570491392239575,0
                        75.11945730185735,8.969508607760424,0
                        75.061495629926,8.934624229569149,0
                        74.69850437007399,9.533153548208631,0

                    </coordinates>
                </LinearRing>
            </outerBoundaryIs>

        </Polygon>

    </Placemark>
    
    <Placemark>

        <Style>
            <LineStyle>
                <width>0</width>
            </LineStyle>

            <PolyStyle>
                <color>b3fff000</color>
                <outline>0</outline>
            </PolyStyle>
        </Style>

        <Polygon>
            <tessellate>1</tessellate>

            <outerBoundaryIs>
                <LinearRing>
                    <coordinates>

                        74.76054269814264,9.570491392239575,0
                        74.8226061024365,9.607269667103605,0
                        75.1773938975635,9.00384144400751,0
                        75.11945730185735,8.969508607760424,0
                        74.76054269814264,9.570491392239575,0

                    </coordinates>
                </LinearRing>
            </outerBoundaryIs>

        </Polygon>

    </Placemark>
    
    <Placemark>

        <Style>
            <LineStyle>
                <width>0</width>
            </LineStyle>

            <PolyStyle>
                <color>b3fff200</color>
                <outline>0</outline>
            </PolyStyle>
        </Style>

        <Polygon>
            <tessellate>1</tessellate>

            <outerBoundaryIs>
                <LinearRing>
                    <coordinates>

                        74.8226061024365,9.607269667103605,0
                        74.88469470049431,9.643487977004987,0
                        75.2353052995057,9.037623134106124,0
                        75.1773938975635,9.00384144400751,0
                        74.8226061024365,9.607269667103605,0

                    </coordinates>
                </LinearRing>
            </outerBoundaryIs>

        </Polygon>

    </Placemark>
    
    <Placemark>

        <Style>
            <LineStyle>
                <width>0</width>
            </LineStyle>

            <PolyStyle>
                <color>b3fff500</color>
                <outline>0</outline>
            </PolyStyle>
        </Style>

        <Polygon>
            <tessellate>1</tessellate>

            <outerBoundaryIs>
                <LinearRing>
                    <coordinates>

                        74.88469470049431,9.643487977004987,0
                        74.94680860020826,9.67914591734589,0
                        75.29319139979175,9.07085408265411,0
                        75.2353052995057,9.037623134106124,0
                        74.88469470049431,9.643487977004987,0

                    </coordinates>
                </LinearRing>
            </outerBoundaryIs>

        </Polygon>

    </Placemark>
    
    <Placemark>

        <Style>
            <LineStyle>
                <width>0</width>
            </LineStyle>

            <PolyStyle>
                <color>b3fff700</color>
                <outline>0</outline>
            </PolyStyle>
        </Style>

        <Polygon>
            <tessellate>1</tessellate>

            <outerBoundaryIs>
                <LinearRing>
                    <coordinates>

                        74.94680860020826,9.67914591734589,0
                        75.00894789936238,9.714243074822955,0
                        75.35105210063763,9.103534702954823,0
                        75.29319139979175,9.07085408265411,0
                        74.94680860020826,9.67914591734589,0

                    </coordinates>
                </LinearRing>
            </outerBoundaryIs>

        </Polygon>

    </Placemark>
    
    <Placemark>

        <Style>
            <LineStyle>
                <width>0</width>
            </LineStyle>

            <PolyStyle>
                <color>b3fffa00</color>
                <outline>0</outline>
            </PolyStyle>
        </Style>

        <Polygon>
            <tessellate>1</tessellate>

            <outerBoundaryIs>
                <LinearRing>
                    <coordinates>

                        75.00894789936238,9.714243074822955,0
                        75.0711126851661,9.748779027542529,0
                        75.40888731483392,9.135665416901915,0
                        75.35105210063763,9.103534702954823,0
                        75.00894789936238,9.714243074822955,0

                    </coordinates>
                </LinearRing>
            </outerBoundaryIs>

        </Polygon>

    </Placemark>
    
    <Placemark>

        <Style>
            <LineStyle>
                <width>0</width>
            </LineStyle>

            <PolyStyle>
                <color>b3fffc00</color>
                <outline>0</outline>
            </PolyStyle>
        </Style>

        <Polygon>
            <tessellate>1</tessellate>

            <outerBoundaryIs>
                <LinearRing>
                    <coordinates>

                        75.0711126851661,9.748779027542529,0
                        75.09411834526483,9.76134944984025,0
                        75.42971329204792,9.147040055728741,0
                        75.40888731483392,9.135665416901915,0
                        75.0711126851661,9.748779027542529,0

                    </coordinates>
                </LinearRing>
            </outerBoundaryIs>

        </Polygon>

    </Placemark>
    
    <Placemark>

        <Style>
            <LineStyle>
                <width>0</width>
            </LineStyle>

            <PolyStyle>
                <color>b3ffff00</color>
                <outline>0</outline>
            </PolyStyle>
        </Style>

        <Polygon>

            <outerBoundaryIs>
                <LinearRing>
                    <coordinates>

                        76.2,9.9,0
                        75.00383442707623,9.995853649653727,0
                        75.09411834526483,9.76134944984025,0
                        75.42971329204792,9.147040055728741,0
                        75.51890551789253,8.912017051542508,0
                        76.2,9.9,0

                    </coordinates>
                </LinearRing>
            </outerBoundaryIs>

        </Polygon>

    </Placemark>
    
    <Placemark>

        <Style>
            <LineStyle>
                <width>0</width>
            </LineStyle>

            <PolyStyle>
                <color>b3ff0000</color>
                <outline>0</outline>
            </PolyStyle>
        </Style>

        <Polygon>
            <tessellate>1</tessellate>

            <outerBoundaryIs>
                <LinearRing>
                    <coordinates>

                        85.67024980410346,12.117323519833812,0
                        85.71618361048995,12.246424972500208,0
                        86.37548305617672,12.01121391638868,0
                        86.32975019589654,11.882676480166188,0
                        85.67024980410346,12.117323519833812,0

                    </coordinates>
                </LinearRing>
            </outerBoundaryIs>

        </Polygon>

    </Placemark>
    
    <Placemark>

        <Style>
            <LineStyle>
                <width>0</width>
            </LineStyle>

            <PolyStyle>
                <color>b3ff0200</color>
                <outline>0</outline>
            </PolyStyle>
        </Style>

        <Polygon>
            <tessellate>1</tessellate>

            <outerBoundaryIs>
                <LinearRing>
                    <coordinates>

                        85.71618361048995,12.246424972500208,0
                        85.76221958946121,12.37511645179299,0
                        86.42111374387213,12.138772437095895,0
                        86.37548305617672,12.01121391638868,0
                        85.71618361048995,12.246424972500208,0

                    </coordinates>
                </LinearRing>
            </outerBoundaryIs>

        </Polygon>

    </Placemark>
    
    <Placemark>

        <Style>
            <LineStyle>
                <width>0</width>
            </LineStyle>

            <PolyStyle>
                <color>b3ff0400</color>
                <outline>0</outline>
            </PolyStyle>
        </Style>

        <Polygon>
            <tessellate>1</tessellate>

            <outerBoundaryIs>
                <LinearRing>
                    <coordinates>

                        85.76221958946121,12.37511645179299,0
                        85.80825851710064,12.503118614305079,0
                        86.46674148289934,12.265631385694919,0
                        86.42111374387213,12.138772437095895,0
                        85.76221958946121,12.37511645179299,0

                    </coordinates>
                </LinearRing>
            </outerBoundaryIs>

        </Polygon>

    </Placemark>
    
    <Placemark>

        <Style>
            <LineStyle>
                <width>0</width>
            </LineStyle>

            <PolyStyle>
                <color>b3ff0700</color>
                <outline>0</outline>
            </PolyStyle>
        </Style>

        <Polygon>
            <tessellate>1</tessellate>

            <outerBoundaryIs>
                <LinearRing>
                    <coordinates>

                        85.80825851710064,12.503118614305079,0
                        85.8543004490002,12.630431524399961,0
                        86.51236621766647,12.39179069782226,0
                        86.46674148289934,12.265631385694919,0
                        85.80825851710064,12.503118614305079,0

                    </coordinates>
                </LinearRing>
            </outerBoundaryIs>

        </Polygon>

    </Placemark>
    
    <Placemark>

        <Style>
            <LineStyle>
                <width>0</width>
            </LineStyle>

            <PolyStyle>
                <color>b3ff0900</color>
                <outline>0</outline>
            </PolyStyle>
        </Style>

        <Polygon>
            <tessellate>1</tessellate>

            <outerBoundaryIs>
                <LinearRing>
                    <coordinates>

                        85.8543004490002,12.630431524399961,0
                        85.90034544201988,12.757055247401116,0
                        86.55798789131349,12.517250308154445,0
                        86.51236621766647,12.39179069782226,0
                        85.8543004490002,12.630431524399961,0

                    </coordinates>
                </LinearRing>
            </outerBoundaryIs>

        </Polygon>

    </Placemark>
    
    <Placemark>

        <Style>
            <LineStyle>
                <width>0</width>
            </LineStyle>

            <PolyStyle>
                <color>b3ff0c00</color>
                <outline>0</outline>
            </PolyStyle>
        </Style>

        <Polygon>
            <tessellate>1</tessellate>

            <outerBoundaryIs>
                <LinearRing>
                    <coordinates>

                        85.90034544201988,12.757055247401116,0
                        85.94639355432103,12.88298984960664,0
                        86.60360644567898,12.642010150393363,0
                        86.55798789131349,12.517250308154445,0
                        85.90034544201988,12.757055247401116,0

                    </coordinates>
                </LinearRing>
            </outerBoundaryIs>

        </Polygon>

    </Placemark>
    
    <Placemark>

        <Style>
            <LineStyle>
                <width>0</width>
            </LineStyle>

            <PolyStyle>
                <color>b3ff0e00</color>
                <outline>0</outline>
            </PolyStyle>
        </Style>

        <Polygon>
            <tessellate>1</tessellate>

            <outerBoundaryIs>
                <LinearRing>
                    <coordinates>

                        85.94639355432103,12.88298984960664,0
                        85.99244484540084,13.008235398303661,0
                        86.64922182126581,12.766070157251892,0
                        86.60360644567898,12.642010150393363,0
                        85.94639355432103,12.88298984960664,0

                    </coordinates>
                </LinearRing>
            </outerBoundaryIs>

        </Polygon>

    </Placemark>
    
    <Placemark>

        <Style>
            <LineStyle>
                <width>0</width>
            </LineStyle>

            <PolyStyle>
                <color>b3ff1100</color>
                <outline>0</outline>
            </PolyStyle>
        </Style>

        <Polygon>
            <tessellate>1</tessellate>

            <outerBoundaryIs>
                <LinearRing>
                    <coordinates>

                        85.99244484540084,13.008235398303661,0
                        86.03849937612755,13.132791961782875,0
                        86.6948339572058,12.889430260439347,0
                        86.64922182126581,12.766070157251892,0
                        85.99244484540084,13.008235398303661,0

                    </coordinates>
                </LinearRing>
            </outerBoundaryIs>

        </Polygon>

    </Placemark>
    
    <Placemark>

        <Style>
            <LineStyle>
                <width>0</width>
            </LineStyle>

            <PolyStyle>
                <color>b3ff1300</color>
                <outline>0</outline>
            </PolyStyle>
        </Style>

        <Polygon>
            <tessellate>1</tessellate>

            <outerBoundaryIs>
                <LinearRing>
                    <coordinates>

                        86.03849937612755,13.132791961782875,0
                        86.08455720877681,13.256659609353505,0
                        86.7404427912232,13.012090390646499,0
                        86.6948339572058,12.889430260439347,0
                        86.03849937612755,13.132791961782875,0

                    </coordinates>
                </LinearRing>
            </outerBoundaryIs>

        </Polygon>

    </Placemark>
    
    <Placemark>

        <Style>
            <LineStyle>
                <width>0</width>
            </LineStyle>

            <PolyStyle>
                <color>b3ff1500</color>
                <outline>0</outline>
            </PolyStyle>
        </Style>

        <Polygon>
            <tessellate>1</tessellate>

            <outerBoundaryIs>
                <LinearRing>
                    <coordinates>

                        86.08455720877681,13.256659609353505,0
                        86.13061840706938,13.37983841135825,0
                        86.78604825959728,13.134050477530636,0
                        86.7404427912232,13.012090390646499,0
                        86.08455720877681,13.256659609353505,0

                    </coordinates>
                </LinearRing>
            </outerBoundaryIs>

        </Polygon>

    </Placemark>
    
    <Placemark>

        <Style>
            <LineStyle>
                <width>0</width>
            </LineStyle>

            <PolyStyle>
                <color>b3ff1800</color>
                <outline>0</outline>
            </PolyStyle>
        </Style>

        <Polygon>
            <tessellate>1</tessellate>

            <outerBoundaryIs>
                <LinearRing>
                    <coordinates>

                        86.13061840706938,13.37983841135825,0
                        86.1766830362095,13.502328439188108,0
                        86.83165029712383,13.25531044970078,0
                        86.78604825959728,13.134050477530636,0
                        86.13061840706938,13.37983841135825,0

                    </coordinates>
                </LinearRing>
            </outerBoundaryIs>

        </Polygon>

    </Placemark>
    
    <Placemark>

        <Style>
            <LineStyle>
                <width>0</width>
            </LineStyle>

            <PolyStyle>
                <color>b3ff1a00</color>
                <outline>0</outline>
            </PolyStyle>
        </Style>

        <Polygon>
            <tessellate>1</tessellate>

            <outerBoundaryIs>
                <LinearRing>
                    <coordinates>

                        86.1766830362095,13.502328439188108,0
                        86.22275116292458,13.624129765297326,0
                        86.87724883707547,13.375870234702678,0
                        86.83165029712383,13.25531044970078,0
                        86.1766830362095,13.502328439188108,0

                    </coordinates>
                </LinearRing>
            </outerBoundaryIs>

        </Polygon>

    </Placemark>
    
    <Placemark>

        <Style>
            <LineStyle>
                <width>0</width>
            </LineStyle>

            <PolyStyle>
                <color>b3ff1d00</color>
                <outline>0</outline>
            </PolyStyle>
        </Style>

        <Polygon>
            <tessellate>1</tessellate>

            <outerBoundaryIs>
                <LinearRing>
                    <coordinates>

                        86.22275116292458,13.624129765297326,0
                        86.26882285550617,13.745242463218963,0
                        86.92284381116046,13.495729759003256,0
                        86.87724883707547,13.375870234702678,0
                        86.22275116292458,13.624129765297326,0

                    </coordinates>
                </LinearRing>
            </outerBoundaryIs>

        </Polygon>

    </Placemark>
    
    <Placemark>

        <Style>
            <LineStyle>
                <width>0</width>
            </LineStyle>

            <PolyStyle>
                <color>b3ff1f00</color>
                <outline>0</outline>
            </PolyStyle>
        </Style>

        <Polygon>
            <tessellate>1</tessellate>

            <outerBoundaryIs>
                <LinearRing>
                    <coordinates>

                        86.26882285550617,13.745242463218963,0
                        86.31489818385216,13.86566660757977,0
                        86.96843514948117,13.614888947975787,0
                        86.92284381116046,13.495729759003256,0
                        86.26882285550617,13.745242463218963,0

                    </coordinates>
                </LinearRing>
            </outerBoundaryIs>

        </Polygon>

    </Placemark>
    
    <Placemark>

        <Style>
            <LineStyle>
                <width>0</width>
            </LineStyle>

            <PolyStyle>
                <color>b3ff2200</color>
                <outline>0</outline>
            </PolyStyle>
        </Style>

        <Polygon>
            <tessellate>1</tessellate>

            <outerBoundaryIs>
                <LinearRing>
                    <coordinates>

                        86.31489818385216,13.86566660757977,0
                        86.36097721950979,13.985402274115335,0
                        87.01402278049021,13.733347725884665,0
                        86.96843514948117,13.614888947975787,0
                        86.31489818385216,13.86566660757977,0

                    </coordinates>
                </LinearRing>
            </outerBoundaryIs>

        </Polygon>

    </Placemark>
    
    <Placemark>

        <Style>
            <LineStyle>
                <width>0</width>
            </LineStyle>

            <PolyStyle>
                <color>b3ff2400</color>
                <outline>0</outline>
            </PolyStyle>
        </Style>

        <Polygon>
            <tessellate>1</tessellate>

            <outerBoundaryIs>
                <LinearRing>
                    <coordinates>

                        86.36097721950979,13.985402274115335,0
                        86.40706003572055,14.104449539685733,0
                        87.05960663094615,13.851106015869826,0
                        87.01402278049021,13.733347725884665,0
                        86.36097721950979,13.985402274115335,0

                    </coordinates>
                </LinearRing>
            </outerBoundaryIs>

        </Polygon>

    </Placemark>
    
    <Placemark>

        <Style>
            <LineStyle>
                <width>0</width>
            </LineStyle>

            <PolyStyle>
                <color>b3ff2600</color>
                <outline>0</outline>
            </PolyStyle>
        </Style>

        <Polygon>
            <tessellate>1</tessellate>

            <outerBoundaryIs>
                <LinearRing>
                    <coordinates>

                        86.40706003572055,14.104449539685733,0
                        86.45314670746596,14.222808482290564,0
                        87.1051866258674,13.968163739931661,0
                        87.05960663094615,13.851106015869826,0
                        86.40706003572055,14.104449539685733,0

                    </coordinates>
                </LinearRing>
            </outerBoundaryIs>

        </Polygon>

    </Placemark>
    
    <Placemark>

        <Style>
            <LineStyle>
                <width>0</width>
            </LineStyle>

            <PolyStyle>
                <color>b3ff2900</color>
                <outline>0</outline>
            </PolyStyle>
        </Style>

        <Polygon>
            <tessellate>1</tessellate>

            <outerBoundaryIs>
                <LinearRing>
                    <coordinates>

                        86.45314670746596,14.222808482290564,0
                        86.49923731151505,14.340479181084522,0
                        87.15076268848493,14.084520818915472,0
                        87.1051866258674,13.968163739931661,0
                        86.45314670746596,14.222808482290564,0

                    </coordinates>
                </LinearRing>
            </outerBoundaryIs>

        </Polygon>

    </Placemark>
    
    <Placemark>

        <Style>
            <LineStyle>
                <width>0</width>
            </LineStyle>

            <PolyStyle>
                <color>b3ff2b00</color>
                <outline>0</outline>
            </PolyStyle>
        </Style>

        <Polygon>
            <tessellate>1</tessellate>

            <outerBoundaryIs>
                <LinearRing>
                    <coordinates>

                        86.49923731151505,14.340479181084522,0
                        86.54533192647301,14.457461716392514,0
                        87.19633474019363,14.200177172496376,0
                        87.15076268848493,14.084520818915472,0
                        86.49923731151505,14.340479181084522,0

                    </coordinates>
                </LinearRing>
            </outerBoundaryIs>

        </Polygon>

    </Placemark>
    
    <Placemark>

        <Style>
            <LineStyle>
                <width>0</width>
            </LineStyle>

            <PolyStyle>
                <color>b3ff2e00</color>
                <outline>0</outline>
            </PolyStyle>
        </Style>

        <Polygon>
            <tessellate>1</tessellate>

            <outerBoundaryIs>
                <LinearRing>
                    <coordinates>

                        86.54533192647301,14.457461716392514,0
                        86.59143063283125,14.573756169724883,0
                        87.2419027005021,14.31513271916401,0
                        87.19633474019363,14.200177172496376,0
                        86.54533192647301,14.457461716392514,0

                    </coordinates>
                </LinearRing>
            </outerBoundaryIs>

        </Polygon>

    </Placemark>
    
    <Placemark>

        <Style>
            <LineStyle>
                <width>0</width>
            </LineStyle>

            <PolyStyle>
                <color>b3ff3000</color>
                <outline>0</outline>
            </PolyStyle>
        </Style>

        <Polygon>
            <tessellate>1</tessellate>

            <outerBoundaryIs>
                <LinearRing>
                    <coordinates>

                        86.59143063283125,14.573756169724883,0
                        86.63753351301918,14.689362623792988,0
                        87.2874664869808,14.429387376207007,0
                        87.2419027005021,14.31513271916401,0
                        86.59143063283125,14.573756169724883,0

                    </coordinates>
                </LinearRing>
            </outerBoundaryIs>

        </Polygon>

    </Placemark>
    
    <Placemark>

        <Style>
            <LineStyle>
                <width>0</width>
            </LineStyle>

            <PolyStyle>
                <color>b3ff3300</color>
                <outline>0</outline>
            </PolyStyle>
        </Style>

        <Polygon>
            <tessellate>1</tessellate>

            <outerBoundaryIs>
                <LinearRing>
                    <coordinates>

                        86.63753351301918,14.689362623792988,0
                        86.68364065145754,14.804281162524225,0
                        87.33302601520911,14.542941059697997,0
                        87.2874664869808,14.429387376207007,0
                        86.63753351301918,14.689362623792988,0

                    </coordinates>
                </LinearRing>
            </outerBoundaryIs>

        </Polygon>

    </Placemark>
    
    <Placemark>

        <Style>
            <LineStyle>
                <width>0</width>
            </LineStyle>

            <PolyStyle>
                <color>b3ff3500</color>
                <outline>0</outline>
            </PolyStyle>
        </Style>

        <Polygon>
            <tessellate>1</tessellate>

            <outerBoundaryIs>
                <LinearRing>
                    <coordinates>

                        86.68364065145754,14.804281162524225,0
                        86.729752134613,14.91851187107699,0
                        87.37858119872035,14.655793684478567,0
                        87.33302601520911,14.542941059697997,0
                        86.68364065145754,14.804281162524225,0

                    </coordinates>
                </LinearRing>
            </outerBoundaryIs>

        </Polygon>

    </Placemark>
    
    <Placemark>

        <Style>
            <LineStyle>
                <width>0</width>
            </LineStyle>

            <PolyStyle>
                <color>b3ff3700</color>
                <outline>0</outline>
            </PolyStyle>
        </Style>

        <Polygon>
            <tessellate>1</tessellate>

            <outerBoundaryIs>
                <LinearRing>
                    <coordinates>

                        86.729752134613,14.91851187107699,0
                        86.7758680510547,15.032054835855833,0
                        87.42413194894534,14.767945164144175,0
                        87.37858119872035,14.655793684478567,0
                        86.729752134613,14.91851187107699,0

                    </coordinates>
                </LinearRing>
            </outerBoundaryIs>

        </Polygon>

    </Placemark>
    
    <Placemark>

        <Style>
            <LineStyle>
                <width>0</width>
            </LineStyle>

            <PolyStyle>
                <color>b3ff3a00</color>
                <outline>0</outline>
            </PolyStyle>
        </Style>

        <Polygon>
            <tessellate>1</tessellate>

            <outerBoundaryIs>
                <LinearRing>
                    <coordinates>

                        86.7758680510547,15.032054835855833,0
                        86.8219884915125,15.144910144526435,0
                        87.46967817515416,14.879395411029119,0
                        87.42413194894534,14.767945164144175,0
                        86.7758680510547,15.032054835855833,0

                    </coordinates>
                </LinearRing>
            </outerBoundaryIs>

        </Polygon>

    </Placemark>
    
    <Placemark>

        <Style>
            <LineStyle>
                <width>0</width>
            </LineStyle>

            <PolyStyle>
                <color>b3ff3c00</color>
                <outline>0</outline>
            </PolyStyle>
        </Style>

        <Polygon>
            <tessellate>1</tessellate>

            <outerBoundaryIs>
                <LinearRing>
                    <coordinates>

                        86.8219884915125,15.144910144526435,0
                        86.8681135489368,15.257077886030132,0
                        87.51521978439652,14.990144336192092,0
                        87.46967817515416,14.879395411029119,0
                        86.8219884915125,15.144910144526435,0

                    </coordinates>
                </LinearRing>
            </outerBoundaryIs>

        </Polygon>

    </Placemark>
    
    <Placemark>

        <Style>
            <LineStyle>
                <width>0</width>
            </LineStyle>

            <PolyStyle>
                <color>b3ff3f00</color>
                <outline>0</outline>
            </PolyStyle>
        </Style>

        <Polygon>
            <tessellate>1</tessellate>

            <outerBoundaryIs>
                <LinearRing>
                    <coordinates>

                        86.8681135489368,15.257077886030132,0
                        86.91424331856014,15.36855815059827,0
                        87.56075668143988,15.100191849401734,0
                        87.51521978439652,14.990144336192092,0
                        86.8681135489368,15.257077886030132,0

                    </coordinates>
                </LinearRing>
            </outerBoundaryIs>

        </Polygon>

    </Placemark>
    
    <Placemark>

        <Style>
            <LineStyle>
                <width>0</width>
            </LineStyle>

            <PolyStyle>
                <color>b3ff4100</color>
                <outline>0</outline>
            </PolyStyle>
        </Style>

        <Polygon>
            <tessellate>1</tessellate>

            <outerBoundaryIs>
                <LinearRing>
                    <coordinates>

                        86.91424331856014,15.36855815059827,0
                        86.96037789796083,15.479351029766864,0
                        87.60628876870584,15.209537859122022,0
                        87.56075668143988,15.100191849401734,0
                        86.91424331856014,15.36855815059827,0

                    </coordinates>
                </LinearRing>
            </outerBoundaryIs>

        </Polygon>

    </Placemark>
    
    <Placemark>

        <Style>
            <LineStyle>
                <width>0</width>
            </LineStyle>

            <PolyStyle>
                <color>b3ff4400</color>
                <outline>0</outline>
            </PolyStyle>
        </Style>

        <Polygon>
            <tessellate>1</tessellate>

            <outerBoundaryIs>
                <LinearRing>
                    <coordinates>

                        86.96037789796083,15.479351029766864,0
                        87.00651738712851,15.589456616390498,0
                        87.65181594620479,15.318182272498392,0
                        87.60628876870584,15.209537859122022,0
                        86.96037789796083,15.479351029766864,0

                    </coordinates>
                </LinearRing>
            </outerBoundaryIs>

        </Polygon>

    </Placemark>
    
    <Placemark>

        <Style>
            <LineStyle>
                <width>0</width>
            </LineStyle>

            <PolyStyle>
                <color>b3ff4600</color>
                <outline>0</outline>
            </PolyStyle>
        </Style>

        <Polygon>
            <tessellate>1</tessellate>

            <outerBoundaryIs>
                <LinearRing>
                    <coordinates>

                        87.00651738712851,15.589456616390498,0
                        87.05266188853142,15.698875004655807,0
                        87.69733811146858,15.426124995344193,0
                        87.65181594620479,15.318182272498392,0
                        87.00651738712851,15.589456616390498,0

                    </coordinates>
                </LinearRing>
            </outerBoundaryIs>

        </Polygon>

    </Placemark>
    
    <Placemark>

        <Style>
            <LineStyle>
                <width>0</width>
            </LineStyle>

            <PolyStyle>
                <color>b3ff4800</color>
                <outline>0</outline>
            </PolyStyle>
        </Style>

        <Polygon>
            <tessellate>1</tessellate>

            <outerBoundaryIs>
                <LinearRing>
                    <coordinates>

                        87.05266188853142,15.698875004655807,0
                        87.09881150718581,15.807606290095162,0
                        87.74285515948085,15.533365932127065,0
                        87.69733811146858,15.426124995344193,0
                        87.05266188853142,15.698875004655807,0

                    </coordinates>
                </LinearRing>
            </outerBoundaryIs>

        </Polygon>

    </Placemark>
    
    <Placemark>

        <Style>
            <LineStyle>
                <width>0</width>
            </LineStyle>

            <PolyStyle>
                <color>b3ff4b00</color>
                <outline>0</outline>
            </PolyStyle>
        </Style>

        <Polygon>
            <tessellate>1</tessellate>

            <outerBoundaryIs>
                <LinearRing>
                    <coordinates>

                        87.09881150718581,15.807606290095162,0
                        87.1449663507277,15.915650569599675,0
                        87.78836698260564,15.639904985955885,0
                        87.74285515948085,15.533365932127065,0
                        87.09881150718581,15.807606290095162,0

                    </coordinates>
                </LinearRing>
            </outerBoundaryIs>

        </Polygon>

    </Placemark>
    
    <Placemark>

        <Style>
            <LineStyle>
                <width>0</width>
            </LineStyle>

            <PolyStyle>
                <color>b3ff4d00</color>
                <outline>0</outline>
            </PolyStyle>
        </Style>

        <Polygon>
            <tessellate>1</tessellate>

            <outerBoundaryIs>
                <LinearRing>
                    <coordinates>

                        87.1449663507277,15.915650569599675,0
                        87.19112652948633,16.02300794143168,0
                        87.83387347051368,15.745742058568323,0
                        87.78836698260564,15.639904985955885,0
                        87.1449663507277,15.915650569599675,0

                    </coordinates>
                </LinearRing>
            </outerBoundaryIs>

        </Polygon>

    </Placemark>
    
    <Placemark>

        <Style>
            <LineStyle>
                <width>0</width>
            </LineStyle>

            <PolyStyle>
                <color>b3ff5000</color>
                <outline>0</outline>
            </PolyStyle>
        </Style>

        <Polygon>
            <tessellate>1</tessellate>

            <outerBoundaryIs>
                <LinearRing>
                    <coordinates>

                        87.19112652948633,16.02300794143168,0
                        87.23729215656026,16.12967850523697,0
                        87.87937451010642,15.850877050318585,0
                        87.83387347051368,15.745742058568323,0
                        87.19112652948633,16.02300794143168,0

                    </coordinates>
                </LinearRing>
            </outerBoundaryIs>

        </Polygon>

    </Placemark>
    
    <Placemark>

        <Style>
            <LineStyle>
                <width>0</width>
            </LineStyle>

            <PolyStyle>
                <color>b3ff5200</color>
                <outline>0</outline>
            </PolyStyle>
        </Style>

        <Polygon>
            <tessellate>1</tessellate>

            <outerBoundaryIs>
                <LinearRing>
                    <coordinates>

                        87.23729215656026,16.12967850523697,0
                        87.28346334789538,16.23566236205641,0
                        87.92486998543797,15.955309860165814,0
                        87.87937451010642,15.850877050318585,0
                        87.23729215656026,16.12967850523697,0

                    </coordinates>
                </LinearRing>
            </outerBoundaryIs>

        </Polygon>

    </Placemark>
    
    <Placemark>

        <Style>
            <LineStyle>
                <width>0</width>
            </LineStyle>

            <PolyStyle>
                <color>b3ff5500</color>
                <outline>0</outline>
            </PolyStyle>
        </Style>

        <Polygon>
            <tessellate>1</tessellate>

            <outerBoundaryIs>
                <LinearRing>
                    <coordinates>

                        87.28346334789538,16.23566236205641,0
                        87.32964022236561,16.340959614337038,0
                        87.97035977763437,16.05904038566296,0
                        87.92486998543797,15.955309860165814,0
                        87.28346334789538,16.23566236205641,0

                    </coordinates>
                </LinearRing>
            </outerBoundaryIs>

        </Polygon>

    </Placemark>
    
    <Placemark>

        <Style>
            <LineStyle>
                <width>0</width>
            </LineStyle>

            <PolyStyle>
                <color>b3ff5700</color>
                <outline>0</outline>
            </PolyStyle>
        </Style>

        <Polygon>
            <tessellate>1</tessellate>

            <outerBoundaryIs>
                <LinearRing>
                    <coordinates>

                        87.32964022236561,16.340959614337038,0
                        87.37582290185576,16.445570365942455,0
                        88.0158437648109,16.16206852294643,0
                        87.97035977763437,16.05904038566296,0
                        87.32964022236561,16.340959614337038,0

                    </coordinates>
                </LinearRing>
            </outerBoundaryIs>

        </Polygon>

    </Placemark>
    
    <Placemark>

        <Style>
            <LineStyle>
                <width>0</width>
            </LineStyle>

            <PolyStyle>
                <color>b3ff5900</color>
                <outline>0</outline>
            </PolyStyle>
        </Style>

        <Polygon>
            <tessellate>1</tessellate>

            <outerBoundaryIs>
                <LinearRing>
                    <coordinates>

                        87.37582290185576,16.445570365942455,0
                        87.42201151134692,16.549494722162578,0
                        88.0613218219864,16.264394166726305,0
                        88.0158437648109,16.16206852294643,0
                        87.37582290185576,16.445570365942455,0

                    </coordinates>
                </LinearRing>
            </outerBoundaryIs>

        </Polygon>

    </Placemark>
    
    <Placemark>

        <Style>
            <LineStyle>
                <width>0</width>
            </LineStyle>

            <PolyStyle>
                <color>b3ff5c00</color>
                <outline>0</outline>
            </PolyStyle>
        </Style>

        <Polygon>
            <tessellate>1</tessellate>

            <outerBoundaryIs>
                <LinearRing>
                    <coordinates>

                        87.42201151134692,16.549494722162578,0
                        87.46820617900464,16.65273278972269,0
                        88.10679382099538,16.366017210277313,0
                        88.0613218219864,16.264394166726305,0
                        87.42201151134692,16.549494722162578,0

                    </coordinates>
                </LinearRing>
            </outerBoundaryIs>

        </Polygon>

    </Placemark>
    
    <Placemark>

        <Style>
            <LineStyle>
                <width>0</width>
            </LineStyle>

            <PolyStyle>
                <color>b3ff5e00</color>
                <outline>0</outline>
            </PolyStyle>
        </Style>

        <Polygon>
            <tessellate>1</tessellate>

            <outerBoundaryIs>
                <LinearRing>
                    <coordinates>

                        87.46820617900464,16.65273278972269,0
                        87.51440703626929,16.755284676791515,0
                        88.15225963039742,16.466937545430714,0
                        88.10679382099538,16.366017210277313,0
                        87.46820617900464,16.65273278972269,0

                    </coordinates>
                </LinearRing>
            </outerBoundaryIs>

        </Polygon>

    </Placemark>
    
    <Placemark>

        <Style>
            <LineStyle>
                <width>0</width>
            </LineStyle>

            <PolyStyle>
                <color>b3ff6100</color>
                <outline>0</outline>
            </PolyStyle>
        </Style>

        <Polygon>
            <tessellate>1</tessellate>

            <outerBoundaryIs>
                <LinearRing>
                    <coordinates>

                        87.51440703626929,16.755284676791515,0
                        87.56061421794966,16.857150492988755,0
                        88.19771911538366,16.567155062566794,0
                        88.15225963039742,16.466937545430714,0
                        87.51440703626929,16.755284676791515,0

                    </coordinates>
                </LinearRing>
            </outerBoundaryIs>

        </Polygon>

    </Placemark>
    
    <Placemark>

        <Style>
            <LineStyle>
                <width>0</width>
            </LineStyle>

            <PolyStyle>
                <color>b3ff6300</color>
                <outline>0</outline>
            </PolyStyle>
        </Style>

        <Polygon>
            <tessellate>1</tessellate>

            <outerBoundaryIs>
                <LinearRing>
                    <coordinates>

                        87.56061421794966,16.857150492988755,0
                        87.60682786231908,16.958330349391186,0
                        88.24317213768092,16.666669650608814,0
                        88.19771911538366,16.567155062566794,0
                        87.56061421794966,16.857150492988755,0

                    </coordinates>
                </LinearRing>
            </outerBoundaryIs>

        </Polygon>

    </Placemark>
    
    <Placemark>

        <Style>
            <LineStyle>
                <width>0</width>
            </LineStyle>

            <PolyStyle>
                <color>b3ff6600</color>
                <outline>0</outline>
            </PolyStyle>
        </Style>

        <Polygon>
            <tessellate>1</tessellate>

            <outerBoundaryIs>
                <LinearRing>
                    <coordinates>

                        87.60682786231908,16.958330349391186,0
                        87.65304811121415,17.05882435853784,0
                        88.28861855545252,16.765481197017714,0
                        88.24317213768092,16.666669650608814,0
                        87.60682786231908,16.958330349391186,0

                    </coordinates>
                </LinearRing>
            </outerBoundaryIs>

        </Polygon>

    </Placemark>
    
    <Placemark>

        <Style>
            <LineStyle>
                <width>0</width>
            </LineStyle>

            <PolyStyle>
                <color>b3ff6800</color>
                <outline>0</outline>
            </PolyStyle>
        </Style>

        <Polygon>
            <tessellate>1</tessellate>

            <outerBoundaryIs>
                <LinearRing>
                    <coordinates>

                        87.65304811121415,17.05882435853784,0
                        87.69927511013691,17.158632634434365,0
                        88.33405822319642,16.863589587787853,0
                        88.28861855545252,16.765481197017714,0
                        87.65304811121415,17.05882435853784,0

                    </coordinates>
                </LinearRing>
            </outerBoundaryIs>

        </Polygon>

    </Placemark>
    
    <Placemark>

        <Style>
            <LineStyle>
                <width>0</width>
            </LineStyle>

            <PolyStyle>
                <color>b3ff6a00</color>
                <outline>0</outline>
            </PolyStyle>
        </Style>

        <Polygon>
            <tessellate>1</tessellate>

            <outerBoundaryIs>
                <LinearRing>
                    <coordinates>

                        87.69927511013691,17.158632634434365,0
                        87.74550900835976,17.257755292555775,0
                        88.37949099164024,16.960994707444225,0
                        88.33405822319642,16.863589587787853,0
                        87.69927511013691,17.158632634434365,0

                    </coordinates>
                </LinearRing>
            </outerBoundaryIs>

        </Polygon>

    </Placemark>
    
    <Placemark>

        <Style>
            <LineStyle>
                <width>0</width>
            </LineStyle>

            <PolyStyle>
                <color>b3ff6d00</color>
                <outline>0</outline>
            </PolyStyle>
        </Style>

        <Polygon>
            <tessellate>1</tessellate>

            <outerBoundaryIs>
                <LinearRing>
                    <coordinates>

                        87.74550900835976,17.257755292555775,0
                        87.79174995903348,17.356192449847914,0
                        88.42491670763322,17.057696439040978,0
                        88.37949099164024,16.960994707444225,0
                        87.74550900835976,17.257755292555775,0

                    </coordinates>
                </LinearRing>
            </outerBoundaryIs>

        </Polygon>

    </Placemark>
    
    <Placemark>

        <Style>
            <LineStyle>
                <width>0</width>
            </LineStyle>

            <PolyStyle>
                <color>b3ff6f00</color>
                <outline>0</outline>
            </PolyStyle>
        </Style>

        <Polygon>
            <tessellate>1</tessellate>

            <outerBoundaryIs>
                <LinearRing>
                    <coordinates>

                        87.79174995903348,17.356192449847914,0
                        87.83799811929848,17.45394422472764,0
                        88.47033521403489,17.153694664161254,0
                        88.42491670763322,17.057696439040978,0
                        87.79174995903348,17.356192449847914,0

                    </coordinates>
                </LinearRing>
            </outerBoundaryIs>

        </Polygon>

    </Placemark>
    
    <Placemark>

        <Style>
            <LineStyle>
                <width>0</width>
            </LineStyle>

            <PolyStyle>
                <color>b3ff7200</color>
                <outline>0</outline>
            </PolyStyle>
        </Style>

        <Polygon>
            <tessellate>1</tessellate>

            <outerBoundaryIs>
                <LinearRing>
                    <coordinates>

                        87.83799811929848,17.45394422472764,0
                        87.88425365039934,17.55101073708138,0
                        88.51574634960066,17.248989262918624,0
                        88.47033521403489,17.153694664161254,0
                        87.83799811929848,17.45394422472764,0

                    </coordinates>
                </LinearRing>
            </outerBoundaryIs>

        </Polygon>

    </Placemark>
    
    <Placemark>

        <Style>
            <LineStyle>
                <width>0</width>
            </LineStyle>

            <PolyStyle>
                <color>b3ff7400</color>
                <outline>0</outline>
            </PolyStyle>
        </Style>

        <Polygon>
            <tessellate>1</tessellate>

            <outerBoundaryIs>
                <LinearRing>
                    <coordinates>

                        87.88425365039934,17.55101073708138,0
                        87.93051671780279,17.647392108261865,0
                        88.56114994886386,17.343580113960353,0
                        88.51574634960066,17.248989262918624,0
                        87.88425365039934,17.55101073708138,0

                    </coordinates>
                </LinearRing>
            </outerBoundaryIs>

        </Polygon>

    </Placemark>
    
    <Placemark>

        <Style>
            <LineStyle>
                <width>0</width>
            </LineStyle>

            <PolyStyle>
                <color>b3ff7700</color>
                <outline>0</outline>
            </PolyStyle>
        </Style>

        <Polygon>
            <tessellate>1</tessellate>

            <outerBoundaryIs>
                <LinearRing>
                    <coordinates>

                        87.93051671780279,17.647392108261865,0
                        87.9767874913188,17.74308846108315,0
                        88.60654584201451,17.4374670944724,0
                        88.56114994886386,17.343580113960353,0
                        87.93051671780279,17.647392108261865,0

                    </coordinates>
                </LinearRing>
            </outerBoundaryIs>

        </Polygon>

    </Placemark>
    
    <Placemark>

        <Style>
            <LineStyle>
                <width>0</width>
            </LineStyle>

            <PolyStyle>
                <color>b3ff7900</color>
                <outline>0</outline>
            </PolyStyle>
        </Style>

        <Polygon>
            <tessellate>1</tessellate>

            <outerBoundaryIs>
                <LinearRing>
                    <coordinates>

                        87.9767874913188,17.74308846108315,0
                        88.02306614522566,17.838099919813768,0
                        88.65193385477433,17.53065008018623,0
                        88.60654584201451,17.4374670944724,0
                        87.9767874913188,17.74308846108315,0

                    </coordinates>
                </LinearRing>
            </outerBoundaryIs>

        </Polygon>

    </Placemark>
    
    <Placemark>

        <Style>
            <LineStyle>
                <width>0</width>
            </LineStyle>

            <PolyStyle>
                <color>b3ff7b00</color>
                <outline>0</outline>
            </PolyStyle>
        </Style>

        <Polygon>
            <tessellate>1</tessellate>

            <outerBoundaryIs>
                <LinearRing>
                    <coordinates>

                        88.02306614522566,17.838099919813768,0
                        88.06935285839829,17.932426610167717,0
                        88.69731380826836,17.62312894538784,0
                        88.65193385477433,17.53065008018623,0
                        88.02306614522566,17.838099919813768,0

                    </coordinates>
                </LinearRing>
            </outerBoundaryIs>

        </Polygon>

    </Placemark>
    
    <Placemark>

        <Style>
            <LineStyle>
                <width>0</width>
            </LineStyle>

            <PolyStyle>
                <color>b3ff7e00</color>
                <outline>0</outline>
            </PolyStyle>
        </Style>

        <Polygon>
            <tessellate>1</tessellate>

            <outerBoundaryIs>
                <LinearRing>
                    <coordinates>

                        88.06935285839829,17.932426610167717,0
                        88.11564781444056,18.026068659293184,0
                        88.74268551889276,17.714903562929035,0
                        88.69731380826836,17.62312894538784,0
                        88.06935285839829,17.932426610167717,0

                    </coordinates>
                </LinearRing>
            </outerBoundaryIs>

        </Polygon>

    </Placemark>
    
    <Placemark>

        <Style>
            <LineStyle>
                <width>0</width>
            </LineStyle>

            <PolyStyle>
                <color>b3ff8000</color>
                <outline>0</outline>
            </PolyStyle>
        </Style>

        <Polygon>
            <tessellate>1</tessellate>

            <outerBoundaryIs>
                <LinearRing>
                    <coordinates>

                        88.11564781444056,18.026068659293184,0
                        88.1619512018211,18.11902619575886,0
                        88.78804879817892,17.805973804241145,0
                        88.74268551889276,17.714903562929035,0
                        88.11564781444056,18.026068659293184,0

                    </coordinates>
                </LinearRing>
            </outerBoundaryIs>

        </Polygon>

    </Placemark>
    
    <Placemark>

        <Style>
            <LineStyle>
                <width>0</width>
            </LineStyle>

            <PolyStyle>
                <color>b3ff8300</color>
                <outline>0</outline>
            </PolyStyle>
        </Style>

        <Polygon>
            <tessellate>1</tessellate>

            <outerBoundaryIs>
                <LinearRing>
                    <coordinates>

                        88.1619512018211,18.11902619575886,0
                        88.2082632140132,18.21129934953773,0
                        88.83340345265349,17.896339539351164,0
                        88.78804879817892,17.805973804241145,0
                        88.1619512018211,18.11902619575886,0

                    </coordinates>
                </LinearRing>
            </outerBoundaryIs>

        </Polygon>

    </Placemark>
    
    <Placemark>

        <Style>
            <LineStyle>
                <width>0</width>
            </LineStyle>

            <PolyStyle>
                <color>b3ff8500</color>
                <outline>0</outline>
            </PolyStyle>
        </Style>

        <Polygon>
            <tessellate>1</tessellate>

            <outerBoundaryIs>
                <LinearRing>
                    <coordinates>

                        88.2082632140132,18.21129934953773,0
                        88.25458404963865,18.30288825198816,0
                        88.87874928369467,17.98600063690073,0
                        88.83340345265349,17.896339539351164,0
                        88.2082632140132,18.21129934953773,0

                    </coordinates>
                </LinearRing>
            </outerBoundaryIs>

        </Polygon>

    </Placemark>
    
    <Placemark>

        <Style>
            <LineStyle>
                <width>0</width>
            </LineStyle>

            <PolyStyle>
                <color>b3ff8800</color>
                <outline>0</outline>
            </PolyStyle>
        </Style>

        <Polygon>
            <tessellate>1</tessellate>

            <outerBoundaryIs>
                <LinearRing>
                    <coordinates>

                        88.25458404963865,18.30288825198816,0
                        88.30091391261558,18.393793035831802,0
                        88.92408608738441,18.074956964168198,0
                        88.87874928369467,17.98600063690073,0
                        88.25458404963865,18.30288825198816,0

                    </coordinates>
                </LinearRing>
            </outerBoundaryIs>

        </Polygon>

    </Placemark>
    
    <Placemark>

        <Style>
            <LineStyle>
                <width>0</width>
            </LineStyle>

            <PolyStyle>
                <color>b3ff8a00</color>
                <outline>0</outline>
            </PolyStyle>
        </Style>

        <Polygon>
            <tessellate>1</tessellate>

            <outerBoundaryIs>
                <LinearRing>
                    <coordinates>

                        88.30091391261558,18.393793035831802,0
                        88.34725301231026,18.484013835128454,0
                        88.9694136543564,18.163208387093757,0
                        88.92408608738441,18.074956964168198,0
                        88.30091391261558,18.393793035831802,0

                    </coordinates>
                </LinearRing>
            </outerBoundaryIs>

        </Polygon>

    </Placemark>
    
    <Placemark>

        <Style>
            <LineStyle>
                <width>0</width>
            </LineStyle>

            <PolyStyle>
                <color>b3ff8c00</color>
                <outline>0</outline>
            </PolyStyle>
        </Style>

        <Polygon>
            <tessellate>1</tessellate>

            <outerBoundaryIs>
                <LinearRing>
                    <coordinates>

                        88.34725301231026,18.484013835128454,0
                        88.39360156369355,18.573550785247843,0
                        89.01473176963975,18.250754770307704,0
                        88.9694136543564,18.163208387093757,0
                        88.34725301231026,18.484013835128454,0

                    </coordinates>
                </LinearRing>
            </outerBoundaryIs>

        </Polygon>

    </Placemark>
    
    <Placemark>

        <Style>
            <LineStyle>
                <width>0</width>
            </LineStyle>

            <PolyStyle>
                <color>b3ff8f00</color>
                <outline>0</outline>
            </PolyStyle>
        </Style>

        <Polygon>
            <tessellate>1</tessellate>

            <outerBoundaryIs>
                <LinearRing>
                    <coordinates>

                        88.39360156369355,18.573550785247843,0
                        88.43995978750121,18.66240402283719,0
                        89.06004021249879,18.33759597716281,0
                        89.01473176963975,18.250754770307704,0
                        88.39360156369355,18.573550785247843,0

                    </coordinates>
                </LinearRing>
            </outerBoundaryIs>

        </Polygon>

    </Placemark>
    
    <Placemark>

        <Style>
            <LineStyle>
                <width>0</width>
            </LineStyle>

            <PolyStyle>
                <color>b3ff9100</color>
                <outline>0</outline>
            </PolyStyle>
        </Style>

        <Polygon>
            <tessellate>1</tessellate>

            <outerBoundaryIs>
                <LinearRing>
                    <coordinates>

                        88.43995978750121,18.66240402283719,0
                        88.48632791039871,18.750573685785497,0
                        89.10533875626793,18.42373186977006,0
                        89.06004021249879,18.33759597716281,0
                        88.43995978750121,18.66240402283719,0

                    </coordinates>
                </LinearRing>
            </outerBoundaryIs>

        </Polygon>

    </Placemark>
    
    <Placemark>

        <Style>
            <LineStyle>
                <width>0</width>
            </LineStyle>

            <PolyStyle>
                <color>b3ff9400</color>
                <outline>0</outline>
            </PolyStyle>
        </Style>

        <Polygon>
            <tessellate>1</tessellate>

            <outerBoundaryIs>
                <LinearRing>
                    <coordinates>

                        88.48632791039871,18.750573685785497,0
                        88.53270616515073,18.838059913183415,0
                        89.15062716818261,18.509162309038807,0
                        89.10533875626793,18.42373186977006,0
                        88.48632791039871,18.750573685785497,0

                    </coordinates>
                </LinearRing>
            </outerBoundaryIs>

        </Polygon>

    </Placemark>
    
    <Placemark>

        <Style>
            <LineStyle>
                <width>0</width>
            </LineStyle>

            <PolyStyle>
                <color>b3ff9600</color>
                <outline>0</outline>
            </PolyStyle>
        </Style>

        <Polygon>
            <tessellate>1</tessellate>

            <outerBoundaryIs>
                <LinearRing>
                    <coordinates>

                        88.53270616515073,18.838059913183415,0
                        88.57909479079468,18.92486284527884,0
                        89.19590520920529,18.593887154721155,0
                        89.15062716818261,18.509162309038807,0
                        88.53270616515073,18.838059913183415,0

                    </coordinates>
                </LinearRing>
            </outerBoundaryIs>

        </Polygon>

    </Placemark>
    
    <Placemark>

        <Style>
            <LineStyle>
                <width>0</width>
            </LineStyle>

            <PolyStyle>
                <color>b3ff9900</color>
                <outline>0</outline>
            </PolyStyle>
        </Style>

        <Polygon>
            <tessellate>1</tessellate>

            <outerBoundaryIs>
                <LinearRing>
                    <coordinates>

                        88.57909479079468,18.92486284527884,0
                        88.62549403281942,19.01098262342783,0
                        89.24117263384726,18.67790626546106,0
                        89.19590520920529,18.593887154721155,0
                        88.57909479079468,18.92486284527884,0

                    </coordinates>
                </LinearRing>
            </outerBoundaryIs>

        </Polygon>

    </Placemark>
    
    <Placemark>

        <Style>
            <LineStyle>
                <width>0</width>
            </LineStyle>

            <PolyStyle>
                <color>b3ff9b00</color>
                <outline>0</outline>
            </PolyStyle>
        </Style>

        <Polygon>
            <tessellate>1</tessellate>

            <outerBoundaryIs>
                <LinearRing>
                    <coordinates>

                        88.62549403281942,19.01098262342783,0
                        88.67190414334793,19.09641939004052,0
                        89.28642918998538,18.761219498848366,0
                        89.24117263384726,18.67790626546106,0
                        88.62549403281942,19.01098262342783,0

                    </coordinates>
                </LinearRing>
            </outerBoundaryIs>

        </Polygon>

    </Placemark>
    
    <Placemark>

        <Style>
            <LineStyle>
                <width>0</width>
            </LineStyle>

            <PolyStyle>
                <color>b3ff9d00</color>
                <outline>0</outline>
            </PolyStyle>
        </Style>

        <Polygon>
            <tessellate>1</tessellate>

            <outerBoundaryIs>
                <LinearRing>
                    <coordinates>

                        88.67190414334793,19.09641939004052,0
                        88.71832538132537,19.18117328852183,0
                        89.33167461867464,18.84382671147817,0
                        89.28642918998538,18.761219498848366,0
                        88.67190414334793,19.09641939004052,0

                    </coordinates>
                </LinearRing>
            </outerBoundaryIs>

        </Polygon>

    </Placemark>
    
    <Placemark>

        <Style>
            <LineStyle>
                <width>0</width>
            </LineStyle>

            <PolyStyle>
                <color>b3ffa000</color>
                <outline>0</outline>
            </PolyStyle>
        </Style>

        <Polygon>
            <tessellate>1</tessellate>

            <outerBoundaryIs>
                <LinearRing>
                    <coordinates>

                        88.71832538132537,19.18117328852183,0
                        88.76475801271128,19.265244463206425,0
                        89.37690865395537,18.92572775901579,0
                        89.33167461867464,18.84382671147817,0
                        88.71832538132537,19.18117328852183,0

                    </coordinates>
                </LinearRing>
            </outerBoundaryIs>

        </Polygon>

    </Placemark>
    
    <Placemark>

        <Style>
            <LineStyle>
                <width>0</width>
            </LineStyle>

            <PolyStyle>
                <color>b3ffa200</color>
                <outline>0</outline>
            </PolyStyle>
        </Style>

        <Polygon>
            <tessellate>1</tessellate>

            <outerBoundaryIs>
                <LinearRing>
                    <coordinates>

                        88.76475801271128,19.265244463206425,0
                        88.81120231067713,19.34863305928791,0
                        89.42213102265619,19.006922496267645,0
                        89.37690865395537,18.92572775901579,0
                        88.76475801271128,19.265244463206425,0

                    </coordinates>
                </LinearRing>
            </outerBoundaryIs>

        </Polygon>

    </Placemark>
    
    <Placemark>

        <Style>
            <LineStyle>
                <width>0</width>
            </LineStyle>

            <PolyStyle>
                <color>b3ffa500</color>
                <outline>0</outline>
            </PolyStyle>
        </Style>

        <Polygon>
            <tessellate>1</tessellate>

            <outerBoundaryIs>
                <LinearRing>
                    <coordinates>

                        88.81120231067713,19.34863305928791,0
                        88.85765855580813,19.431339222741286,0
                        89.46734144419186,19.08741077725871,0
                        89.42213102265619,19.006922496267645,0
                        88.81120231067713,19.34863305928791,0

                    </coordinates>
                </LinearRing>
            </outerBoundaryIs>

        </Polygon>

    </Placemark>
    
    <Placemark>

        <Style>
            <LineStyle>
                <width>0</width>
            </LineStyle>

            <PolyStyle>
                <color>b3ffa700</color>
                <outline>0</outline>
            </PolyStyle>
        </Style>

        <Polygon>
            <tessellate>1</tessellate>

            <outerBoundaryIs>
                <LinearRing>
                    <coordinates>

                        88.85765855580813,19.431339222741286,0
                        88.90412703631031,19.513363100239108,0
                        89.51253963035634,19.16719245531645,0
                        89.46734144419186,19.08741077725871,0
                        88.85765855580813,19.431339222741286,0

                    </coordinates>
                </LinearRing>
            </outerBoundaryIs>

        </Polygon>

    </Placemark>
    
    <Placemark>

        <Style>
            <LineStyle>
                <width>0</width>
            </LineStyle>

            <PolyStyle>
                <color>b3ffaa00</color>
                <outline>0</outline>
            </PolyStyle>
        </Style>

        <Polygon>
            <tessellate>1</tessellate>

            <outerBoundaryIs>
                <LinearRing>
                    <coordinates>

                        88.90412703631031,19.513363100239108,0
                        88.95060804822234,19.594704839060128,0
                        89.55772528511099,19.246267383162092,0
                        89.51253963035634,19.16719245531645,0
                        88.90412703631031,19.513363100239108,0

                    </coordinates>
                </LinearRing>
            </outerBoundaryIs>

        </Polygon>

    </Placemark>
    
    <Placemark>

        <Style>
            <LineStyle>
                <width>0</width>
            </LineStyle>

            <PolyStyle>
                <color>b3ffac00</color>
                <outline>0</outline>
            </PolyStyle>
        </Style>

        <Polygon>
            <tessellate>1</tessellate>

            <outerBoundaryIs>
                <LinearRing>
                    <coordinates>

                        88.95060804822234,19.594704839060128,0
                        88.99710189563208,19.675364586990398,0
                        89.60289810436794,19.324635413009602,0
                        89.55772528511099,19.246267383162092,0
                        88.95060804822234,19.594704839060128,0

                    </coordinates>
                </LinearRing>
            </outerBoundaryIs>

        </Polygon>

    </Placemark>
    
    <Placemark>

        <Style>
            <LineStyle>
                <width>0</width>
            </LineStyle>

            <PolyStyle>
                <color>b3ffae00</color>
                <outline>0</outline>
            </PolyStyle>
        </Style>

        <Polygon>
            <tessellate>1</tessellate>

            <outerBoundaryIs>
                <LinearRing>
                    <coordinates>

                        88.99710189563208,19.675364586990398,0
                        89.04360889089814,19.75534249221651,0
                        89.64805777576852,19.402296396672387,0
                        89.60289810436794,19.324635413009602,0
                        88.99710189563208,19.675364586990398,0

                    </coordinates>
                </LinearRing>
            </outerBoundaryIs>

        </Polygon>

    </Placemark>
    
    <Placemark>

        <Style>
            <LineStyle>
                <width>0</width>
            </LineStyle>

            <PolyStyle>
                <color>b3ffb100</color>
                <outline>0</outline>
            </PolyStyle>
        </Style>

        <Polygon>
            <tessellate>1</tessellate>

            <outerBoundaryIs>
                <LinearRing>
                    <coordinates>

                        89.04360889089814,19.75534249221651,0
                        89.09012935487625,19.83463870320993,0
                        89.69320397845708,19.47925018567896,0
                        89.64805777576852,19.402296396672387,0
                        89.04360889089814,19.75534249221651,0

                    </coordinates>
                </LinearRing>
            </outerBoundaryIs>

        </Polygon>

    </Placemark>
    
    <Placemark>

        <Style>
            <LineStyle>
                <width>0</width>
            </LineStyle>

            <PolyStyle>
                <color>b3ffb300</color>
                <outline>0</outline>
            </PolyStyle>
        </Style>

        <Polygon>
            <tessellate>1</tessellate>

            <outerBoundaryIs>
                <LinearRing>
                    <coordinates>

                        89.09012935487625,19.83463870320993,0
                        89.13666361715019,19.91325336860236,0
                        89.73833638284981,19.55549663139764,0
                        89.69320397845708,19.47925018567896,0
                        89.09012935487625,19.83463870320993,0

                    </coordinates>
                </LinearRing>
            </outerBoundaryIs>

        </Polygon>

    </Placemark>
    
    <Placemark>

        <Style>
            <LineStyle>
                <width>0</width>
            </LineStyle>

            <PolyStyle>
                <color>b3ffb600</color>
                <outline>0</outline>
            </PolyStyle>
        </Style>

        <Polygon>
            <tessellate>1</tessellate>

            <outerBoundaryIs>
                <LinearRing>
                    <coordinates>

                        89.13666361715019,19.91325336860236,0
                        89.18321201626772,19.99118663705177,0
                        89.78345465039892,19.63103558517045,0
                        89.73833638284981,19.55549663139764,0
                        89.13666361715019,19.91325336860236,0

                    </coordinates>
                </LinearRing>
            </outerBoundaryIs>

        </Polygon>

    </Placemark>
    
    <Placemark>

        <Style>
            <LineStyle>
                <width>0</width>
            </LineStyle>

            <PolyStyle>
                <color>b3ffb800</color>
                <outline>0</outline>
            </PolyStyle>
        </Style>

        <Polygon>
            <tessellate>1</tessellate>

            <outerBoundaryIs>
                <LinearRing>
                    <coordinates>

                        89.18321201626772,19.99118663705177,0
                        89.22977489998094,20.06843865709771,0
                        89.8285584333524,19.70586689845785,0
                        89.78345465039892,19.63103558517045,0
                        89.18321201626772,19.99118663705177,0

                    </coordinates>
                </LinearRing>
            </outerBoundaryIs>

        </Polygon>

    </Placemark>
    
    <Placemark>

        <Style>
            <LineStyle>
                <width>0</width>
            </LineStyle>

            <PolyStyle>
                <color>b3ffbb00</color>
                <outline>0</outline>
            </PolyStyle>
        </Style>

        <Polygon>
            <tessellate>1</tessellate>

            <outerBoundaryIs>
                <LinearRing>
                    <coordinates>

                        89.22977489998094,20.06843865709771,0
                        89.27635262549124,20.14500957700633,0
                        89.87364737450874,19.779990422993674,0
                        89.8285584333524,19.70586689845785,0
                        89.22977489998094,20.06843865709771,0

                    </coordinates>
                </LinearRing>
            </outerBoundaryIs>

        </Polygon>

    </Placemark>
    
    <Placemark>

        <Style>
            <LineStyle>
                <width>0</width>
            </LineStyle>

            <PolyStyle>
                <color>b3ffbd00</color>
                <outline>0</outline>
            </PolyStyle>
        </Style>

        <Polygon>
            <tessellate>1</tessellate>

            <outerBoundaryIs>
                <LinearRing>
                    <coordinates>

                        89.27635262549124,20.14500957700633,0
                        89.32294555969867,20.220899544603704,0
                        89.91872110696801,19.85340601095185,0
                        89.87364737450874,19.779990422993674,0
                        89.27635262549124,20.14500957700633,0

                    </coordinates>
                </LinearRing>
            </outerBoundaryIs>

        </Polygon>

    </Placemark>
    
    <Placemark>

        <Style>
            <LineStyle>
                <width>0</width>
            </LineStyle>

            <PolyStyle>
                <color>b3ffbf00</color>
                <outline>0</outline>
            </PolyStyle>
        </Style>

        <Polygon>
            <tessellate>1</tessellate>

            <outerBoundaryIs>
                <LinearRing>
                    <coordinates>

                        89.32294555969867,20.220899544603704,0
                        89.36955407945536,20.296108707097115,0
                        89.96377925387799,19.926113515125113,0
                        89.91872110696801,19.85340601095185,0
                        89.32294555969867,20.220899544603704,0

                    </coordinates>
                </LinearRing>
            </outerBoundaryIs>

        </Polygon>

    </Placemark>
    
    <Placemark>

        <Style>
            <LineStyle>
                <width>0</width>
            </LineStyle>

            <PolyStyle>
                <color>b3ffc200</color>
                <outline>0</outline>
            </PolyStyle>
        </Style>

        <Polygon>
            <tessellate>1</tessellate>

            <outerBoundaryIs>
                <LinearRing>
                    <coordinates>

                        89.36955407945536,20.296108707097115,0
                        89.4161785718233,20.37063721088379,0
                        90.00882142817672,19.998112789116217,0
                        89.96377925387799,19.926113515125113,0
                        89.36955407945536,20.296108707097115,0

                    </coordinates>
                </LinearRing>
            </outerBoundaryIs>

        </Polygon>

    </Placemark>
    
    <Placemark>

        <Style>
            <LineStyle>
                <width>0</width>
            </LineStyle>

            <PolyStyle>
                <color>b3ffc400</color>
                <outline>0</outline>
            </PolyStyle>
        </Style>

        <Polygon>
            <tessellate>1</tessellate>

            <outerBoundaryIs>
                <LinearRing>
                    <coordinates>

                        89.4161785718233,20.37063721088379,0
                        89.46281943433561,20.444485201345906,0
                        90.05384723233104,20.06940368754298,0
                        90.00882142817672,19.998112789116217,0
                        89.4161785718233,20.37063721088379,0

                    </coordinates>
                </LinearRing>
            </outerBoundaryIs>

        </Polygon>

    </Placemark>
    
    <Placemark>

        <Style>
            <LineStyle>
                <width>0</width>
            </LineStyle>

            <PolyStyle>
                <color>b3ffc700</color>
                <outline>0</outline>
            </PolyStyle>
        </Style>

        <Polygon>
            <tessellate>1</tessellate>

            <outerBoundaryIs>
                <LinearRing>
                    <coordinates>

                        89.46281943433561,20.444485201345906,0
                        89.50947707526164,20.51765282263152,0
                        90.09885625807168,20.139986066257364,0
                        90.05384723233104,20.06940368754298,0
                        89.46281943433561,20.444485201345906,0

                    </coordinates>
                </LinearRing>
            </outerBoundaryIs>

        </Polygon>

    </Placemark>
    
    <Placemark>

        <Style>
            <LineStyle>
                <width>0</width>
            </LineStyle>

            <PolyStyle>
                <color>b3ffc900</color>
                <outline>0</outline>
            </PolyStyle>
        </Style>

        <Polygon>
            <tessellate>1</tessellate>

            <outerBoundaryIs>
                <LinearRing>
                    <coordinates>

                        89.50947707526164,20.51765282263152,0
                        89.55615191387503,20.59014021742045,0
                        90.14384808612496,20.209859782579546,0
                        90.09885625807168,20.139986066257364,0
                        89.50947707526164,20.51765282263152,0

                    </coordinates>
                </LinearRing>
            </outerBoundaryIs>

        </Polygon>

    </Placemark>
    
    <Placemark>

        <Style>
            <LineStyle>
                <width>0</width>
            </LineStyle>

            <PolyStyle>
                <color>b3ffcc00</color>
                <outline>0</outline>
            </PolyStyle>
        </Style>

        <Polygon>
            <tessellate>1</tessellate>

            <outerBoundaryIs>
                <LinearRing>
                    <coordinates>

                        89.55615191387503,20.59014021742045,0
                        89.60284438072503,20.66194752667436,0
                        90.18882228594165,20.279024695547868,0
                        90.14384808612496,20.209859782579546,0
                        89.55615191387503,20.59014021742045,0

                    </coordinates>
                </LinearRing>
            </outerBoundaryIs>

        </Polygon>

    </Placemark>
    
    <Placemark>

        <Style>
            <LineStyle>
                <width>0</width>
            </LineStyle>

            <PolyStyle>
                <color>b3ffce00</color>
                <outline>0</outline>
            </PolyStyle>
        </Style>

        <Polygon>
            <tessellate>1</tessellate>

            <outerBoundaryIs>
                <LinearRing>
                    <coordinates>

                        89.60284438072503,20.66194752667436,0
                        89.64955491791012,20.73307488937025,0
                        90.2337784154232,20.347480666185305,0
                        90.18882228594165,20.279024695547868,0
                        89.60284438072503,20.66194752667436,0

                    </coordinates>
                </LinearRing>
            </outerBoundaryIs>

        </Polygon>

    </Placemark>
    
    <Placemark>

        <Style>
            <LineStyle>
                <width>0</width>
            </LineStyle>

            <PolyStyle>
                <color>b3ffd000</color>
                <outline>0</outline>
            </PolyStyle>
        </Style>

        <Polygon>
            <tessellate>1</tessellate>

            <outerBoundaryIs>
                <LinearRing>
                    <coordinates>

                        89.64955491791012,20.73307488937025,0
                        89.69628397935396,20.803522442216167,0
                        90.27871602064606,20.415227557783833,0
                        90.2337784154232,20.347480666185305,0
                        89.64955491791012,20.73307488937025,0

                    </coordinates>
                </LinearRing>
            </outerBoundaryIs>

        </Polygon>

    </Placemark>
    
    <Placemark>

        <Style>
            <LineStyle>
                <width>0</width>
            </LineStyle>

            <PolyStyle>
                <color>b3ffd300</color>
                <outline>0</outline>
            </PolyStyle>
        </Style>

        <Polygon>
            <tessellate>1</tessellate>

            <outerBoundaryIs>
                <LinearRing>
                    <coordinates>

                        89.69628397935396,20.803522442216167,0
                        89.74303203108254,20.87329031934863,0
                        90.32363463558413,20.482265236206924,0
                        90.27871602064606,20.415227557783833,0
                        89.69628397935396,20.803522442216167,0

                    </coordinates>
                </LinearRing>
            </outerBoundaryIs>

        </Polygon>

    </Placemark>
    
    <Placemark>

        <Style>
            <LineStyle>
                <width>0</width>
            </LineStyle>

            <PolyStyle>
                <color>b3ffd500</color>
                <outline>0</outline>
            </PolyStyle>
        </Style>

        <Polygon>
            <tessellate>1</tessellate>

            <outerBoundaryIs>
                <LinearRing>
                    <coordinates>

                        89.74303203108254,20.87329031934863,0
                        89.78979955150301,20.94237865201061,0
                        90.36853378183032,20.548593570211615,0
                        90.32363463558413,20.482265236206924,0
                        89.74303203108254,20.87329031934863,0

                    </coordinates>
                </LinearRing>
            </outerBoundaryIs>

        </Polygon>

    </Placemark>
    
    <Placemark>

        <Style>
            <LineStyle>
                <width>0</width>
            </LineStyle>

            <PolyStyle>
                <color>b3ffd800</color>
                <outline>0</outline>
            </PolyStyle>
        </Style>

        <Polygon>
            <tessellate>1</tessellate>

            <outerBoundaryIs>
                <LinearRing>
                    <coordinates>

                        89.78979955150301,20.94237865201061,0
                        89.83658703168227,21.01078756820879,0
                        90.41341296831773,20.61421243179121,0
                        90.36853378183032,20.548593570211615,0
                        89.78979955150301,20.94237865201061,0

                    </coordinates>
                </LinearRing>
            </outerBoundaryIs>

        </Polygon>

    </Placemark>
    
    <Placemark>

        <Style>
            <LineStyle>
                <width>0</width>
            </LineStyle>

            <PolyStyle>
                <color>b3ffda00</color>
                <outline>0</outline>
            </PolyStyle>
        </Style>

        <Polygon>
            <tessellate>1</tessellate>

            <outerBoundaryIs>
                <LinearRing>
                    <coordinates>

                        89.83658703168227,21.01078756820879,0
                        89.88339497562592,21.078517192349793,0
                        90.45827169104075,20.6791216965391,0
                        90.41341296831773,20.61421243179121,0
                        89.83658703168227,21.01078756820879,0

                    </coordinates>
                </LinearRing>
            </outerBoundaryIs>

        </Polygon>

    </Placemark>
    
    <Placemark>

        <Style>
            <LineStyle>
                <width>0</width>
            </LineStyle>

            <PolyStyle>
                <color>b3ffdd00</color>
                <outline>0</outline>
            </PolyStyle>
        </Style>

        <Polygon>
            <tessellate>1</tessellate>

            <outerBoundaryIs>
                <LinearRing>
                    <coordinates>

                        89.88339497562592,21.078517192349793,0
                        89.93022390055584,21.1455676448535,0
                        90.50310943277749,20.743321244035393,0
                        90.45827169104075,20.6791216965391,0
                        89.88339497562592,21.078517192349793,0

                    </coordinates>
                </LinearRing>
            </outerBoundaryIs>

        </Polygon>

    </Placemark>
    
    <Placemark>

        <Style>
            <LineStyle>
                <width>0</width>
            </LineStyle>

            <PolyStyle>
                <color>b3ffdf00</color>
                <outline>0</outline>
            </PolyStyle>
        </Style>

        <Polygon>
            <tessellate>1</tessellate>

            <outerBoundaryIs>
                <LinearRing>
                    <coordinates>

                        89.93022390055584,21.1455676448535,0
                        89.97707433718611,21.21193904174299,0
                        90.54792566281387,20.806810958257007,0
                        90.50310943277749,20.743321244035393,0
                        89.93022390055584,21.1455676448535,0

                    </coordinates>
                </LinearRing>
            </outerBoundaryIs>

        </Polygon>

    </Placemark>
    
    <Placemark>

        <Style>
            <LineStyle>
                <width>0</width>
            </LineStyle>

            <PolyStyle>
                <color>b3ffe100</color>
                <outline>0</outline>
            </PolyStyle>
        </Style>

        <Polygon>
            <tessellate>1</tessellate>

            <outerBoundaryIs>
                <LinearRing>
                    <coordinates>

                        89.97707433718611,21.21193904174299,0
                        90.02394682999605,21.277631494209448,0
                        90.59271983667062,20.869590728012778,0
                        90.54792566281387,20.806810958257007,0
                        89.97707433718611,21.21193904174299,0

                    </coordinates>
                </LinearRing>
            </outerBoundaryIs>

        </Polygon>

    </Placemark>
    
    <Placemark>

        <Style>
            <LineStyle>
                <width>0</width>
            </LineStyle>

            <PolyStyle>
                <color>b3ffe400</color>
                <outline>0</outline>
            </PolyStyle>
        </Style>

        <Polygon>
            <tessellate>1</tessellate>

            <outerBoundaryIs>
                <LinearRing>
                    <coordinates>

                        90.02394682999605,21.277631494209448,0
                        90.07084193749951,21.342645108151327,0
                        90.63749139583383,20.93166044740423,0
                        90.59271983667062,20.869590728012778,0
                        90.02394682999605,21.277631494209448,0

                    </coordinates>
                </LinearRing>
            </outerBoundaryIs>

        </Polygon>

    </Placemark>
    
    <Placemark>

        <Style>
            <LineStyle>
                <width>0</width>
            </LineStyle>

            <PolyStyle>
                <color>b3ffe600</color>
                <outline>0</outline>
            </PolyStyle>
        </Style>

        <Polygon>
            <tessellate>1</tessellate>

            <outerBoundaryIs>
                <LinearRing>
                    <coordinates>

                        90.07084193749951,21.342645108151327,0
                        90.1177602325094,21.406979983686465,0
                        90.68223976749061,20.99302001631354,0
                        90.63749139583383,20.93166044740423,0
                        90.07084193749951,21.342645108151327,0

                    </coordinates>
                </LinearRing>
            </outerBoundaryIs>

        </Polygon>

    </Placemark>
    
    <Placemark>

        <Style>
            <LineStyle>
                <width>0</width>
            </LineStyle>

            <PolyStyle>
                <color>b3ffe900</color>
                <outline>0</outline>
            </PolyStyle>
        </Style>

        <Polygon>
            <tessellate>1</tessellate>

            <outerBoundaryIs>
                <LinearRing>
                    <coordinates>

                        90.1177602325094,21.406979983686465,0
                        90.16470230239588,21.470636214635604,0
                        90.72696436427077,21.053669340919953,0
                        90.68223976749061,20.99302001631354,0
                        90.1177602325094,21.406979983686465,0

                    </coordinates>
                </LinearRing>
            </outerBoundaryIs>

        </Polygon>

    </Placemark>
    
    <Placemark>

        <Style>
            <LineStyle>
                <width>0</width>
            </LineStyle>

            <PolyStyle>
                <color>b3ffeb00</color>
                <outline>0</outline>
            </PolyStyle>
        </Style>

        <Polygon>
            <tessellate>1</tessellate>

            <outerBoundaryIs>
                <LinearRing>
                    <coordinates>

                        90.16470230239588,21.470636214635604,0
                        90.21166874933714,21.53361388797638,0
                        90.77166458399621,21.113608334245846,0
                        90.72696436427077,21.053669340919953,0
                        90.16470230239588,21.470636214635604,0

                    </coordinates>
                </LinearRing>
            </outerBoundaryIs>

        </Polygon>

    </Placemark>
    
    <Placemark>

        <Style>
            <LineStyle>
                <width>0</width>
            </LineStyle>

            <PolyStyle>
                <color>b3ffee00</color>
                <outline>0</outline>
            </PolyStyle>
        </Style>

        <Polygon>
            <tessellate>1</tessellate>

            <outerBoundaryIs>
                <LinearRing>
                    <coordinates>

                        90.21166874933714,21.53361388797638,0
                        90.25866019056112,21.59591308326655,0
                        90.8163398094389,21.17283691673345,0
                        90.77166458399621,21.113608334245846,0
                        90.21166874933714,21.53361388797638,0

                    </coordinates>
                </LinearRing>
            </outerBoundaryIs>

        </Polygon>

    </Placemark>
    
    <Placemark>

        <Style>
            <LineStyle>
                <width>0</width>
            </LineStyle>

            <PolyStyle>
                <color>b3fff000</color>
                <outline>0</outline>
            </PolyStyle>
        </Style>

        <Polygon>
            <tessellate>1</tessellate>

            <outerBoundaryIs>
                <LinearRing>
                    <coordinates>

                        90.25866019056112,21.59591308326655,0
                        90.30567725857703,21.657533872035113,0
                        90.86098940808965,21.231355016853772,0
                        90.8163398094389,21.17283691673345,0
                        90.25866019056112,21.59591308326655,0

                    </coordinates>
                </LinearRing>
            </outerBoundaryIs>

        </Polygon>

    </Placemark>
    
    <Placemark>

        <Style>
            <LineStyle>
                <width>0</width>
            </LineStyle>

            <PolyStyle>
                <color>b3fff200</color>
                <outline>0</outline>
            </PolyStyle>
        </Style>

        <Polygon>
            <tessellate>1</tessellate>

            <outerBoundaryIs>
                <LinearRing>
                    <coordinates>

                        90.30567725857703,21.657533872035113,0
                        90.35272060139415,21.718476317139803,0
                        90.90561273193917,21.289162571749088,0
                        90.86098940808965,21.231355016853772,0
                        90.30567725857703,21.657533872035113,0

                    </coordinates>
                </LinearRing>
            </outerBoundaryIs>

        </Polygon>

    </Placemark>
    
    <Placemark>

        <Style>
            <LineStyle>
                <width>0</width>
            </LineStyle>

            <PolyStyle>
                <color>b3fff500</color>
                <outline>0</outline>
            </PolyStyle>
        </Style>

        <Polygon>
            <tessellate>1</tessellate>

            <outerBoundaryIs>
                <LinearRing>
                    <coordinates>

                        90.35272060139415,21.718476317139803,0
                        90.39979088272675,21.778740472089954,0
                        90.95020911727322,21.346259527910046,0
                        90.90561273193917,21.289162571749088,0
                        90.35272060139415,21.718476317139803,0

                    </coordinates>
                </LinearRing>
            </outerBoundaryIs>

        </Polygon>

    </Placemark>
    
    <Placemark>

        <Style>
            <LineStyle>
                <width>0</width>
            </LineStyle>

            <PolyStyle>
                <color>b3fff700</color>
                <outline>0</outline>
            </PolyStyle>
        </Style>

        <Polygon>
            <tessellate>1</tessellate>

            <outerBoundaryIs>
                <LinearRing>
                    <coordinates>

                        90.39979088272675,21.778740472089954,0
                        90.44688878218246,21.83832638033318,0
                        90.99477788448421,21.402645841889047,0
                        90.95020911727322,21.346259527910046,0
                        90.39979088272675,21.778740472089954,0

                    </coordinates>
                </LinearRing>
            </outerBoundaryIs>

        </Polygon>

    </Placemark>
    
    <Placemark>

        <Style>
            <LineStyle>
                <width>0</width>
            </LineStyle>

            <PolyStyle>
                <color>b3fffa00</color>
                <outline>0</outline>
            </PolyStyle>
        </Style>

        <Polygon>
            <tessellate>1</tessellate>

            <outerBoundaryIs>
                <LinearRing>
                    <coordinates>

                        90.44688878218246,21.83832638033318,0
                        90.49401499543242,21.897234074504862,0
                        91.03931833790094,21.458321481050692,0
                        90.99477788448421,21.402645841889047,0
                        90.44688878218246,21.83832638033318,0

                    </coordinates>
                </LinearRing>
            </outerBoundaryIs>

        </Polygon>

    </Placemark>
    
    <Placemark>

        <Style>
            <LineStyle>
                <width>0</width>
            </LineStyle>

            <PolyStyle>
                <color>b3fffc00</color>
                <outline>0</outline>
            </PolyStyle>
        </Style>

        <Polygon>
            <tessellate>1</tessellate>

            <outerBoundaryIs>
                <LinearRing>
                    <coordinates>

                        90.49401499543242,21.897234074504862,0
                        90.53434070981696,21.947032688495657,0
                        91.07833439092748,21.50649792833271,0
                        91.03931833790094,21.458321481050692,0
                        90.49401499543242,21.897234074504862,0

                    </coordinates>
                </LinearRing>
            </outerBoundaryIs>

        </Polygon>

    </Placemark>
    
    <Placemark>

        <Style>
            <LineStyle>
                <width>0</width>
            </LineStyle>

            <PolyStyle>
                <color>b3ffff00</color>
                <outline>0</outline>
            </PolyStyle>
        </Style>

        <Polygon>

            <outerBoundaryIs>
                <LinearRing>
                    <coordinates>

                        91.5,22.5,0
                        90.35941354516555,22.12708910038967,0
                        90.53434070981696,21.947032688495657,0
                        91.07833439092748,21.50649792833271,0
                        91.25265708499343,21.32576770509577,0
                        91.5,22.5,0

                    </coordinates>
                </LinearRing>
            </outerBoundaryIs>

        </Polygon>

    </Placemark>
    
    <Placemark>

        <Style>
            <LineStyle>
                <width>0</width>
            </LineStyle>

            <PolyStyle>
                <color>b3ff0000</color>
                <outline>0</outline>
            </PolyStyle>
        </Style>

        <Polygon>
            <tessellate>1</tessellate>

            <outerBoundaryIs>
                <LinearRing>
                    <coordinates>

                        83.66136675259536,10.088473294005492,0
                        83.69725519215255,10.225836723983189,0
                        84.37441147451413,10.048468831572368,0
                        84.33863324740464,9.911526705994508,0
                        83.66136675259536,10.088473294005492,0

                    </coordinates>
                </LinearRing>
            </outerBoundaryIs>

        </Polygon>

    </Placemark>
    
    <Placemark>

        <Style>
            <LineStyle>
                <width>0</width>
            </LineStyle>

            <PolyStyle>
                <color>b3ff0200</color>
                <outline>0</outline>
            </PolyStyle>
        </Style>

        <Polygon>
            <tessellate>1</tessellate>

            <outerBoundaryIs>
                <LinearRing>
                    <coordinates>

                        83.69725519215255,10.225836723983189,0
                        83.73319966137645,10.362718273168225,0
                        84.41013367195687,10.184503949054,0
                        84.37441147451413,10.048468831572368,0
                        83.69725519215255,10.225836723983189,0

                    </coordinates>
                </LinearRing>
            </outerBoundaryIs>

        </Polygon>

    </Placemark>
    
    <Placemark>

        <Style>
            <LineStyle>
                <width>0</width>
            </LineStyle>

            <PolyStyle>
                <color>b3ff0400</color>
                <outline>0</outline>
            </PolyStyle>
        </Style>

        <Polygon>
            <tessellate>1</tessellate>

            <outerBoundaryIs>
                <LinearRing>
                    <coordinates>

                        83.73319966137645,10.362718273168225,0
                        83.7691457328788,10.498909294663406,0
                        84.4458542671212,10.319840705336595,0
                        84.41013367195687,10.184503949054,0
                        83.73319966137645,10.362718273168225,0

                    </coordinates>
                </LinearRing>
            </outerBoundaryIs>

        </Polygon>

    </Placemark>
    
    <Placemark>

        <Style>
            <LineStyle>
                <width>0</width>
            </LineStyle>

            <PolyStyle>
                <color>b3ff0700</color>
                <outline>0</outline>
            </PolyStyle>
        </Style>

        <Polygon>
            <tessellate>1</tessellate>

            <outerBoundaryIs>
                <LinearRing>
                    <coordinates>

                        83.7691457328788,10.498909294663406,0
                        83.80509343705974,10.63440984095245,0
                        84.4815732296069,10.454479047936442,0
                        84.4458542671212,10.319840705336595,0
                        83.7691457328788,10.498909294663406,0

                    </coordinates>
                </LinearRing>
            </outerBoundaryIs>

        </Polygon>

    </Placemark>
    
    <Placemark>

        <Style>
            <LineStyle>
                <width>0</width>
            </LineStyle>

            <PolyStyle>
                <color>b3ff0900</color>
                <outline>0</outline>
            </PolyStyle>
        </Style>

        <Polygon>
            <tessellate>1</tessellate>

            <outerBoundaryIs>
                <LinearRing>
                    <coordinates>

                        83.80509343705974,10.63440984095245,0
                        83.84104280503024,10.769219965416784,0
                        84.5172905283031,10.588418923472108,0
                        84.4815732296069,10.454479047936442,0
                        83.80509343705974,10.63440984095245,0

                    </coordinates>
                </LinearRing>
            </outerBoundaryIs>

        </Polygon>

    </Placemark>
    
    <Placemark>

        <Style>
            <LineStyle>
                <width>0</width>
            </LineStyle>

            <PolyStyle>
                <color>b3ff0c00</color>
                <outline>0</outline>
            </PolyStyle>
        </Style>

        <Polygon>
            <tessellate>1</tessellate>

            <outerBoundaryIs>
                <LinearRing>
                    <coordinates>

                        83.84104280503024,10.769219965416784,0
                        83.87699386863149,10.903339722353659,0
                        84.55300613136852,10.721660277646345,0
                        84.5172905283031,10.588418923472108,0
                        83.84104280503024,10.769219965416784,0

                    </coordinates>
                </LinearRing>
            </outerBoundaryIs>

        </Polygon>

    </Placemark>
    
    <Placemark>

        <Style>
            <LineStyle>
                <width>0</width>
            </LineStyle>

            <PolyStyle>
                <color>b3ff0e00</color>
                <outline>0</outline>
            </PolyStyle>
        </Style>

        <Polygon>
            <tessellate>1</tessellate>

            <outerBoundaryIs>
                <LinearRing>
                    <coordinates>

                        83.87699386863149,10.903339722353659,0
                        83.91294666045539,11.036769166994825,0
                        84.58872000621128,10.854203055227396,0
                        84.55300613136852,10.721660277646345,0
                        83.87699386863149,10.903339722353659,0

                    </coordinates>
                </LinearRing>
            </outerBoundaryIs>

        </Polygon>

    </Placemark>
    
    <Placemark>

        <Style>
            <LineStyle>
                <width>0</width>
            </LineStyle>

            <PolyStyle>
                <color>b3ff1000</color>
                <outline>0</outline>
            </PolyStyle>
        </Style>

        <Polygon>
            <tessellate>1</tessellate>

            <outerBoundaryIs>
                <LinearRing>
                    <coordinates>

                        83.91294666045539,11.036769166994825,0
                        83.94890121386528,11.169508355525164,0
                        84.62443211946807,10.986047200030395,0
                        84.58872000621128,10.854203055227396,0
                        83.91294666045539,11.036769166994825,0

                    </coordinates>
                </LinearRing>
            </outerBoundaryIs>

        </Polygon>

    </Placemark>
    
    <Placemark>

        <Style>
            <LineStyle>
                <width>0</width>
            </LineStyle>

            <PolyStyle>
                <color>b3ff1300</color>
                <outline>0</outline>
            </PolyStyle>
        </Style>

        <Polygon>
            <tessellate>1</tessellate>

            <outerBoundaryIs>
                <LinearRing>
                    <coordinates>

                        83.94890121386528,11.169508355525164,0
                        83.98485756301754,11.301557345102218,0
                        84.66014243698247,11.117192654897785,0
                        84.62443211946807,10.986047200030395,0
                        83.94890121386528,11.169508355525164,0

                    </coordinates>
                </LinearRing>
            </outerBoundaryIs>

        </Polygon>

    </Placemark>
    
    <Placemark>

        <Style>
            <LineStyle>
                <width>0</width>
            </LineStyle>

            <PolyStyle>
                <color>b3ff1500</color>
                <outline>0</outline>
            </PolyStyle>
        </Style>

        <Polygon>
            <tessellate>1</tessellate>

            <outerBoundaryIs>
                <LinearRing>
                    <coordinates>

                        83.98485756301754,11.301557345102218,0
                        84.02081574288385,11.432916193875945,0
                        84.69585092378281,11.247639361679608,0
                        84.66014243698247,11.117192654897785,0
                        83.98485756301754,11.301557345102218,0

                    </coordinates>
                </LinearRing>
            </outerBoundaryIs>

        </Polygon>

    </Placemark>
    
    <Placemark>

        <Style>
            <LineStyle>
                <width>0</width>
            </LineStyle>

            <PolyStyle>
                <color>b3ff1800</color>
                <outline>0</outline>
            </PolyStyle>
        </Style>

        <Polygon>
            <tessellate>1</tessellate>

            <outerBoundaryIs>
                <LinearRing>
                    <coordinates>

                        84.02081574288385,11.432916193875945,0
                        84.05677578927411,11.563584961008855,0
                        84.73155754405921,11.377387261213366,0
                        84.69585092378281,11.247639361679608,0
                        84.02081574288385,11.432916193875945,0

                    </coordinates>
                </LinearRing>
            </outerBoundaryIs>

        </Polygon>

    </Placemark>
    
    <Placemark>

        <Style>
            <LineStyle>
                <width>0</width>
            </LineStyle>

            <PolyStyle>
                <color>b3ff1a00</color>
                <outline>0</outline>
            </PolyStyle>
        </Style>

        <Polygon>
            <tessellate>1</tessellate>

            <outerBoundaryIs>
                <LinearRing>
                    <coordinates>

                        84.05677578927411,11.563584961008855,0
                        84.09273773886012,11.693563706696633,0
                        84.76726226113989,11.50643629330337,0
                        84.73155754405921,11.377387261213366,0
                        84.05677578927411,11.563584961008855,0

                    </coordinates>
                </LinearRing>
            </outerBoundaryIs>

        </Polygon>

    </Placemark>
    
    <Placemark>

        <Style>
            <LineStyle>
                <width>0</width>
            </LineStyle>

            <PolyStyle>
                <color>b3ff1c00</color>
                <outline>0</outline>
            </PolyStyle>
        </Style>

        <Polygon>
            <tessellate>1</tessellate>

            <outerBoundaryIs>
                <LinearRing>
                    <coordinates>

                        84.09273773886012,11.693563706696633,0
                        84.12870162920007,11.8228524921894,0
                        84.80296503746658,11.634786396699488,0
                        84.76726226113989,11.50643629330337,0
                        84.09273773886012,11.693563706696633,0

                    </coordinates>
                </LinearRing>
            </outerBoundaryIs>

        </Polygon>

    </Placemark>
    
    <Placemark>

        <Style>
            <LineStyle>
                <width>0</width>
            </LineStyle>

            <PolyStyle>
                <color>b3ff1f00</color>
                <outline>0</outline>
            </PolyStyle>
        </Style>

        <Polygon>
            <tessellate>1</tessellate>

            <outerBoundaryIs>
                <LinearRing>
                    <coordinates>

                        84.12870162920007,11.8228524921894,0
                        84.1646674987638,11.951451379813092,0
                        84.83866583456955,11.762437509075797,0
                        84.80296503746658,11.634786396699488,0
                        84.12870162920007,11.8228524921894,0

                    </coordinates>
                </LinearRing>
            </outerBoundaryIs>

        </Polygon>

    </Placemark>
    
    <Placemark>

        <Style>
            <LineStyle>
                <width>0</width>
            </LineStyle>

            <PolyStyle>
                <color>b3ff2100</color>
                <outline>0</outline>
            </PolyStyle>
        </Style>

        <Polygon>
            <tessellate>1</tessellate>

            <outerBoundaryIs>
                <LinearRing>
                    <coordinates>

                        84.1646674987638,11.951451379813092,0
                        84.2006353869588,12.079360432991566,0
                        84.87436461304122,11.889389567008434,0
                        84.83866583456955,11.762437509075797,0
                        84.1646674987638,11.951451379813092,0

                    </coordinates>
                </LinearRing>
            </outerBoundaryIs>

        </Polygon>

    </Placemark>
    
    <Placemark>

        <Style>
            <LineStyle>
                <width>0</width>
            </LineStyle>

            <PolyStyle>
                <color>b3ff2400</color>
                <outline>0</outline>
            </PolyStyle>
        </Style>

        <Polygon>
            <tessellate>1</tessellate>

            <outerBoundaryIs>
                <LinearRing>
                    <coordinates>

                        84.2006353869588,12.079360432991566,0
                        84.23660533415722,12.206579716269289,0
                        84.91006133250946,12.015642505952933,0
                        84.87436461304122,11.889389567008434,0
                        84.2006353869588,12.079360432991566,0

                    </coordinates>
                </LinearRing>
            </outerBoundaryIs>

        </Polygon>

    </Placemark>
    
    <Placemark>

        <Style>
            <LineStyle>
                <width>0</width>
            </LineStyle>

            <PolyStyle>
                <color>b3ff2600</color>
                <outline>0</outline>
            </PolyStyle>
        </Style>

        <Polygon>
            <tessellate>1</tessellate>

            <outerBoundaryIs>
                <LinearRing>
                    <coordinates>

                        84.23660533415722,12.206579716269289,0
                        84.27257738172364,12.333109295334124,0
                        84.9457559516097,12.141196260221436,0
                        84.91006133250946,12.015642505952933,0
                        84.23660533415722,12.206579716269289,0

                    </coordinates>
                </LinearRing>
            </outerBoundaryIs>

        </Polygon>

    </Placemark>
    
    <Placemark>

        <Style>
            <LineStyle>
                <width>0</width>
            </LineStyle>

            <PolyStyle>
                <color>b3ff2800</color>
                <outline>0</outline>
            </PolyStyle>
        </Style>

        <Polygon>
            <tessellate>1</tessellate>

            <outerBoundaryIs>
                <LinearRing>
                    <coordinates>

                        84.27257738172364,12.333109295334124,0
                        84.30855157204378,12.458949237041002,0
                        84.98144842795621,12.266050762958999,0
                        84.9457559516097,12.141196260221436,0
                        84.27257738172364,12.333109295334124,0

                    </coordinates>
                </LinearRing>
            </outerBoundaryIs>

        </Polygon>

    </Placemark>
    
    <Placemark>

        <Style>
            <LineStyle>
                <width>0</width>
            </LineStyle>

            <PolyStyle>
                <color>b3ff2b00</color>
                <outline>0</outline>
            </PolyStyle>
        </Style>

        <Polygon>
            <tessellate>1</tessellate>

            <outerBoundaryIs>
                <LinearRing>
                    <coordinates>

                        84.30855157204378,12.458949237041002,0
                        84.3445279485542,12.584099609435917,0
                        85.01713871811248,12.39020594611964,0
                        84.98144842795621,12.266050762958999,0
                        84.30855157204378,12.458949237041002,0

                    </coordinates>
                </LinearRing>
            </outerBoundaryIs>

        </Polygon>

    </Placemark>
    
    <Placemark>

        <Style>
            <LineStyle>
                <width>0</width>
            </LineStyle>

            <PolyStyle>
                <color>b3ff2d00</color>
                <outline>0</outline>
            </PolyStyle>
        </Style>

        <Polygon>
            <tessellate>1</tessellate>

            <outerBoundaryIs>
                <LinearRing>
                    <coordinates>

                        84.3445279485542,12.584099609435917,0
                        84.38050655577287,12.70856048178047,0
                        85.0528267775605,12.513661740441751,0
                        85.01713871811248,12.39020594611964,0
                        84.3445279485542,12.584099609435917,0

                    </coordinates>
                </LinearRing>
            </outerBoundaryIs>

        </Polygon>

    </Placemark>
    
    <Placemark>

        <Style>
            <LineStyle>
                <width>0</width>
            </LineStyle>

            <PolyStyle>
                <color>b3ff3000</color>
                <outline>0</outline>
            </PolyStyle>
        </Style>

        <Polygon>
            <tessellate>1</tessellate>

            <outerBoundaryIs>
                <LinearRing>
                    <coordinates>

                        84.38050655577287,12.70856048178047,0
                        84.41648743933092,12.832331924577153,0
                        85.08851256066907,12.636418075422844,0
                        85.0528267775605,12.513661740441751,0
                        84.38050655577287,12.70856048178047,0

                    </coordinates>
                </LinearRing>
            </outerBoundaryIs>

        </Polygon>

    </Placemark>
    
    <Placemark>

        <Style>
            <LineStyle>
                <width>0</width>
            </LineStyle>

            <PolyStyle>
                <color>b3ff3200</color>
                <outline>0</outline>
            </PolyStyle>
        </Style>

        <Polygon>
            <tessellate>1</tessellate>

            <outerBoundaryIs>
                <LinearRing>
                    <coordinates>

                        84.41648743933092,12.832331924577153,0
                        84.45247064600547,12.955414009594838,0
                        85.12419602066119,12.75847487929405,0
                        85.08851256066907,12.636418075422844,0
                        84.41648743933092,12.832331924577153,0

                    </coordinates>
                </LinearRing>
            </outerBoundaryIs>

        </Polygon>

    </Placemark>
    
    <Placemark>

        <Style>
            <LineStyle>
                <width>0</width>
            </LineStyle>

            <PolyStyle>
                <color>b3ff3400</color>
                <outline>0</outline>
            </PolyStyle>
        </Style>

        <Polygon>
            <tessellate>1</tessellate>

            <outerBoundaryIs>
                <LinearRing>
                    <coordinates>

                        84.45247064600547,12.955414009594838,0
                        84.48845622375318,13.077806809894918,0
                        85.15987710958017,12.879832078993973,0
                        85.12419602066119,12.75847487929405,0
                        84.45247064600547,12.955414009594838,0

                    </coordinates>
                </LinearRing>
            </outerBoundaryIs>

        </Polygon>

    </Placemark>
    
    <Placemark>

        <Style>
            <LineStyle>
                <width>0</width>
            </LineStyle>

            <PolyStyle>
                <color>b3ff3700</color>
                <outline>0</outline>
            </PolyStyle>
        </Style>

        <Polygon>
            <tessellate>1</tessellate>

            <outerBoundaryIs>
                <LinearRing>
                    <coordinates>

                        84.48845622375318,13.077806809894918,0
                        84.5244442217454,13.199510399858223,0
                        85.19555577825463,13.00048960014178,0
                        85.15987710958017,12.879832078993973,0
                        84.48845622375318,13.077806809894918,0

                    </coordinates>
                </LinearRing>
            </outerBoundaryIs>

        </Polygon>

    </Placemark>
    
    <Placemark>

        <Style>
            <LineStyle>
                <width>0</width>
            </LineStyle>

            <PolyStyle>
                <color>b3ff3900</color>
                <outline>0</outline>
            </PolyStyle>
        </Style>

        <Polygon>
            <tessellate>1</tessellate>

            <outerBoundaryIs>
                <LinearRing>
                    <coordinates>

                        84.5244442217454,13.199510399858223,0
                        84.56043469040432,13.320524855212465,0
                        85.23123197626234,13.120447367009756,0
                        85.19555577825463,13.00048960014178,0
                        84.5244442217454,13.199510399858223,0

                    </coordinates>
                </LinearRing>
            </outerBoundaryIs>

        </Polygon>

    </Placemark>
    
    <Placemark>

        <Style>
            <LineStyle>
                <width>0</width>
            </LineStyle>

            <PolyStyle>
                <color>b3ff3c00</color>
                <outline>0</outline>
            </PolyStyle>
        </Style>

        <Polygon>
            <tessellate>1</tessellate>

            <outerBoundaryIs>
                <LinearRing>
                    <coordinates>

                        84.56043469040432,13.320524855212465,0
                        84.59642768144029,13.440850253059963,0
                        85.26690565189305,13.239705302495594,0
                        85.23123197626234,13.120447367009756,0
                        84.56043469040432,13.320524855212465,0

                    </coordinates>
                </LinearRing>
            </outerBoundaryIs>

        </Polygon>

    </Placemark>
    
    <Placemark>

        <Style>
            <LineStyle>
                <width>0</width>
            </LineStyle>

            <PolyStyle>
                <color>b3ff3e00</color>
                <outline>0</outline>
            </PolyStyle>
        </Style>

        <Polygon>
            <tessellate>1</tessellate>

            <outerBoundaryIs>
                <LinearRing>
                    <coordinates>

                        84.59642768144029,13.440850253059963,0
                        84.63242324789039,13.560486671906224,0
                        85.30257675210962,13.358263328093775,0
                        85.26690565189305,13.239705302495594,0
                        84.59642768144029,13.440850253059963,0

                    </coordinates>
                </LinearRing>
            </outerBoundaryIs>

        </Polygon>

    </Placemark>
    
    <Placemark>

        <Style>
            <LineStyle>
                <width>0</width>
            </LineStyle>

            <PolyStyle>
                <color>b3ff4000</color>
                <outline>0</outline>
            </PolyStyle>
        </Style>

        <Polygon>
            <tessellate>1</tessellate>

            <outerBoundaryIs>
                <LinearRing>
                    <coordinates>

                        84.63242324789039,13.560486671906224,0
                        84.6684214441585,13.679434191689257,0
                        85.33824522250816,13.476121363866294,0
                        85.30257675210962,13.358263328093775,0
                        84.63242324789039,13.560486671906224,0

                    </coordinates>
                </LinearRing>
            </outerBoundaryIs>

        </Polygon>

    </Placemark>
    
    <Placemark>

        <Style>
            <LineStyle>
                <width>0</width>
            </LineStyle>

            <PolyStyle>
                <color>b3ff4300</color>
                <outline>0</outline>
            </PolyStyle>
        </Style>

        <Polygon>
            <tessellate>1</tessellate>

            <outerBoundaryIs>
                <LinearRing>
                    <coordinates>

                        84.6684214441585,13.679434191689257,0
                        84.70442232605653,13.797692893809177,0
                        85.37391100727679,13.593279328413047,0
                        85.33824522250816,13.476121363866294,0
                        84.6684214441585,13.679434191689257,0

                    </coordinates>
                </LinearRing>
            </outerBoundaryIs>

        </Polygon>

    </Placemark>
    
    <Placemark>

        <Style>
            <LineStyle>
                <width>0</width>
            </LineStyle>

            <PolyStyle>
                <color>b3ff4500</color>
                <outline>0</outline>
            </PolyStyle>
        </Style>

        <Polygon>
            <tessellate>1</tessellate>

            <outerBoundaryIs>
                <LinearRing>
                    <coordinates>

                        84.70442232605653,13.797692893809177,0
                        84.74042595084721,13.91526286115861,0
                        85.4095740491528,13.70973713884139,0
                        85.37391100727679,13.593279328413047,0
                        84.70442232605653,13.797692893809177,0

                    </coordinates>
                </LinearRing>
            </outerBoundaryIs>

        </Polygon>

    </Placemark>
    
    <Placemark>

        <Style>
            <LineStyle>
                <width>0</width>
            </LineStyle>

            <PolyStyle>
                <color>b3ff4800</color>
                <outline>0</outline>
            </PolyStyle>
        </Style>

        <Polygon>
            <tessellate>1</tessellate>

            <outerBoundaryIs>
                <LinearRing>
                    <coordinates>

                        84.74042595084721,13.91526286115861,0
                        84.7764323772882,14.032144178153738,0
                        85.44523428937849,13.825494710735152,0
                        85.4095740491528,13.70973713884139,0
                        84.74042595084721,13.91526286115861,0

                    </coordinates>
                </LinearRing>
            </outerBoundaryIs>

        </Polygon>

    </Placemark>
    
    <Placemark>

        <Style>
            <LineStyle>
                <width>0</width>
            </LineStyle>

            <PolyStyle>
                <color>b3ff4a00</color>
                <outline>0</outline>
            </PolyStyle>
        </Style>

        <Polygon>
            <tessellate>1</tessellate>

            <outerBoundaryIs>
                <LinearRing>
                    <coordinates>

                        84.7764323772882,14.032144178153738,0
                        84.81244166567797,14.1483369307661,0
                        85.48089166765538,13.940551958122796,0
                        85.44523428937849,13.825494710735152,0
                        84.7764323772882,14.032144178153738,0

                    </coordinates>
                </LinearRing>
            </outerBoundaryIs>

        </Polygon>

    </Placemark>
    
    <Placemark>

        <Style>
            <LineStyle>
                <width>0</width>
            </LineStyle>

            <PolyStyle>
                <color>b3ff4c00</color>
                <outline>0</outline>
            </PolyStyle>
        </Style>

        <Polygon>
            <tessellate>1</tessellate>

            <outerBoundaryIs>
                <LinearRing>
                    <coordinates>

                        84.81244166567797,14.1483369307661,0
                        84.84845387790297,14.263841206554693,0
                        85.51654612209707,14.054908793445309,0
                        85.48089166765538,13.940551958122796,0
                        84.81244166567797,14.1483369307661,0

                    </coordinates>
                </LinearRing>
            </outerBoundaryIs>

        </Polygon>

    </Placemark>
    
    <Placemark>

        <Style>
            <LineStyle>
                <width>0</width>
            </LineStyle>

            <PolyStyle>
                <color>b3ff4f00</color>
                <outline>0</outline>
            </PolyStyle>
        </Style>

        <Polygon>
            <tessellate>1</tessellate>

            <outerBoundaryIs>
                <LinearRing>
                    <coordinates>

                        84.84845387790297,14.263841206554693,0
                        84.88446907748671,14.378657094699168,0
                        85.55219758917995,14.168565127523053,0
                        85.51654612209707,14.054908793445309,0
                        84.84845387790297,14.263841206554693,0

                    </coordinates>
                </LinearRing>
            </outerBoundaryIs>

        </Polygon>

    </Placemark>
    
    <Placemark>

        <Style>
            <LineStyle>
                <width>0</width>
            </LineStyle>

            <PolyStyle>
                <color>b3ff5100</color>
                <outline>0</outline>
            </PolyStyle>
        </Style>

        <Polygon>
            <tessellate>1</tessellate>

            <outerBoundaryIs>
                <LinearRing>
                    <coordinates>

                        84.88446907748671,14.378657094699168,0
                        84.92048732964042,14.492784686033438,0
                        85.5878460036929,14.281520869522115,0
                        85.55219758917995,14.168565127523053,0
                        84.88446907748671,14.378657094699168,0

                    </coordinates>
                </LinearRing>
            </outerBoundaryIs>

        </Polygon>

    </Placemark>
    
    <Placemark>

        <Style>
            <LineStyle>
                <width>0</width>
            </LineStyle>

            <PolyStyle>
                <color>b3ff5400</color>
                <outline>0</outline>
            </PolyStyle>
        </Style>

        <Polygon>
            <tessellate>1</tessellate>

            <outerBoundaryIs>
                <LinearRing>
                    <coordinates>

                        84.92048732964042,14.492784686033438,0
                        84.95650870131544,14.60622407307993,0
                        85.62349129868454,14.39377592692007,0
                        85.5878460036929,14.281520869522115,0
                        84.92048732964042,14.492784686033438,0

                    </coordinates>
                </LinearRing>
            </outerBoundaryIs>

        </Polygon>

    </Placemark>
    
    <Placemark>

        <Style>
            <LineStyle>
                <width>0</width>
            </LineStyle>

            <PolyStyle>
                <color>b3ff5600</color>
                <outline>0</outline>
            </PolyStyle>
        </Style>

        <Polygon>
            <tessellate>1</tessellate>

            <outerBoundaryIs>
                <LinearRing>
                    <coordinates>

                        84.95650870131544,14.60622407307993,0
                        84.99253326125755,14.718975350084747,0
                        85.65913340540912,14.505330205470809,0
                        85.62349129868454,14.39377592692007,0
                        84.95650870131544,14.60622407307993,0

                    </coordinates>
                </LinearRing>
            </outerBoundaryIs>

        </Polygon>

    </Placemark>
    
    <Placemark>

        <Style>
            <LineStyle>
                <width>0</width>
            </LineStyle>

            <PolyStyle>
                <color>b3ff5900</color>
                <outline>0</outline>
            </PolyStyle>
        </Style>

        <Polygon>
            <tessellate>1</tessellate>

            <outerBoundaryIs>
                <LinearRing>
                    <coordinates>

                        84.99253326125755,14.718975350084747,0
                        85.0285610800632,14.831038613053343,0
                        85.69477225327016,14.61618360916888,0
                        85.65913340540912,14.505330205470809,0
                        84.99253326125755,14.718975350084747,0

                    </coordinates>
                </LinearRing>
            </outerBoundaryIs>

        </Polygon>

    </Placemark>
    
    <Placemark>

        <Style>
            <LineStyle>
                <width>0</width>
            </LineStyle>

            <PolyStyle>
                <color>b3ff5b00</color>
                <outline>0</outline>
            </PolyStyle>
        </Style>

        <Polygon>
            <tessellate>1</tessellate>

            <outerBoundaryIs>
                <LinearRing>
                    <coordinates>

                        85.0285610800632,14.831038613053343,0
                        85.06459223023766,14.942413959786984,0
                        85.73040776976238,14.726336040213019,0
                        85.69477225327016,14.61618360916888,0
                        85.0285610800632,14.831038613053343,0

                    </coordinates>
                </LinearRing>
            </outerBoundaryIs>

        </Polygon>

    </Placemark>
    
    <Placemark>

        <Style>
            <LineStyle>
                <width>0</width>
            </LineStyle>

            <PolyStyle>
                <color>b3ff5d00</color>
                <outline>0</outline>
            </PolyStyle>
        </Style>

        <Polygon>
            <tessellate>1</tessellate>

            <outerBoundaryIs>
                <LinearRing>
                    <coordinates>

                        85.06459223023766,14.942413959786984,0
                        85.10062678625539,15.053101489919975,0
                        85.76603988041128,14.835787398968918,0
                        85.73040776976238,14.726336040213019,0
                        85.06459223023766,14.942413959786984,0

                    </coordinates>
                </LinearRing>
            </outerBoundaryIs>

        </Polygon>

    </Placemark>
    
    <Placemark>

        <Style>
            <LineStyle>
                <width>0</width>
            </LineStyle>

            <PolyStyle>
                <color>b3ff6000</color>
                <outline>0</outline>
            </PolyStyle>
        </Style>

        <Polygon>
            <tessellate>1</tessellate>

            <outerBoundaryIs>
                <LinearRing>
                    <coordinates>

                        85.10062678625539,15.053101489919975,0
                        85.13666482462241,15.163101304957413,0
                        85.80166850871092,14.944537583931476,0
                        85.76603988041128,14.835787398968918,0
                        85.10062678625539,15.053101489919975,0

                    </coordinates>
                </LinearRing>
            </outerBoundaryIs>

        </Polygon>

    </Placemark>
    
    <Placemark>

        <Style>
            <LineStyle>
                <width>0</width>
            </LineStyle>

            <PolyStyle>
                <color>b3ff6200</color>
                <outline>0</outline>
            </PolyStyle>
        </Style>

        <Polygon>
            <tessellate>1</tessellate>

            <outerBoundaryIs>
                <LinearRing>
                    <coordinates>

                        85.13666482462241,15.163101304957413,0
                        85.17270642394085,15.272413508313653,0
                        85.83729357605917,15.052586491686343,0
                        85.80166850871092,14.944537583931476,0
                        85.13666482462241,15.163101304957413,0

                    </coordinates>
                </LinearRing>
            </outerBoundaryIs>

        </Polygon>

    </Placemark>
    
    <Placemark>

        <Style>
            <LineStyle>
                <width>0</width>
            </LineStyle>

            <PolyStyle>
                <color>b3ff6500</color>
                <outline>0</outline>
            </PolyStyle>
        </Style>

        <Polygon>
            <tessellate>1</tessellate>

            <outerBoundaryIs>
                <LinearRing>
                    <coordinates>

                        85.17270642394085,15.272413508313653,0
                        85.20875166497602,15.381038205351922,0
                        85.87291500169063,15.159934016870297,0
                        85.83729357605917,15.052586491686343,0
                        85.17270642394085,15.272413508313653,0

                    </coordinates>
                </LinearRing>
            </outerBoundaryIs>

        </Polygon>

    </Placemark>
    
    <Placemark>

        <Style>
            <LineStyle>
                <width>0</width>
            </LineStyle>

            <PolyStyle>
                <color>b3ff6700</color>
                <outline>0</outline>
            </PolyStyle>
        </Style>

        <Polygon>
            <tessellate>1</tessellate>

            <outerBoundaryIs>
                <LinearRing>
                    <coordinates>

                        85.20875166497602,15.381038205351922,0
                        85.24480063072585,15.488975503424172,0
                        85.90853270260746,15.266580052131378,0
                        85.87291500169063,15.159934016870297,0
                        85.20875166497602,15.381038205351922,0

                    </coordinates>
                </LinearRing>
            </outerBoundaryIs>

        </Polygon>

    </Placemark>
    
    <Placemark>

        <Style>
            <LineStyle>
                <width>0</width>
            </LineStyle>

            <PolyStyle>
                <color>b3ff6900</color>
                <outline>0</outline>
            </PolyStyle>
        </Style>

        <Polygon>
            <tessellate>1</tessellate>

            <outerBoundaryIs>
                <LinearRing>
                    <coordinates>

                        85.24480063072585,15.488975503424172,0
                        85.28085340649255,15.596225511911708,0
                        85.94414659350744,15.372524488088292,0
                        85.90853270260746,15.266580052131378,0
                        85.24480063072585,15.488975503424172,0

                    </coordinates>
                </LinearRing>
            </outerBoundaryIs>

        </Polygon>

    </Placemark>
    
    <Placemark>

        <Style>
            <LineStyle>
                <width>0</width>
            </LineStyle>

            <PolyStyle>
                <color>b3ff6c00</color>
                <outline>0</outline>
            </PolyStyle>
        </Style>

        <Polygon>
            <tessellate>1</tessellate>

            <outerBoundaryIs>
                <LinearRing>
                    <coordinates>

                        85.28085340649255,15.596225511911708,0
                        85.31691007995731,15.702788342266853,0
                        85.97975658670937,15.477767213288704,0
                        85.94414659350744,15.372524488088292,0
                        85.28085340649255,15.596225511911708,0

                    </coordinates>
                </LinearRing>
            </outerBoundaryIs>

        </Polygon>

    </Placemark>
    
    <Placemark>

        <Style>
            <LineStyle>
                <width>0</width>
            </LineStyle>

            <PolyStyle>
                <color>b3ff6e00</color>
                <outline>0</outline>
            </PolyStyle>
        </Style>

        <Polygon>
            <tessellate>1</tessellate>

            <outerBoundaryIs>
                <LinearRing>
                    <coordinates>

                        85.31691007995731,15.702788342266853,0
                        85.35297074125734,15.808664108055078,0
                        86.01536259207603,15.58230811416715,0
                        85.97975658670937,15.477767213288704,0
                        85.31691007995731,15.702788342266853,0

                    </coordinates>
                </LinearRing>
            </outerBoundaryIs>

        </Polygon>

    </Placemark>
    
    <Placemark>

        <Style>
            <LineStyle>
                <width>0</width>
            </LineStyle>

            <PolyStyle>
                <color>b3ff7100</color>
                <outline>0</outline>
            </PolyStyle>
        </Style>

        <Polygon>
            <tessellate>1</tessellate>

            <outerBoundaryIs>
                <LinearRing>
                    <coordinates>

                        85.35297074125734,15.808664108055078,0
                        85.38903548306594,15.913852924998022,0
                        86.05096451693406,15.68614707500198,0
                        86.01536259207603,15.58230811416715,0
                        85.35297074125734,15.808664108055078,0

                    </coordinates>
                </LinearRing>
            </outerBoundaryIs>

        </Polygon>

    </Placemark>
    
    <Placemark>

        <Style>
            <LineStyle>
                <width>0</width>
            </LineStyle>

            <PolyStyle>
                <color>b3ff7300</color>
                <outline>0</outline>
            </PolyStyle>
        </Style>

        <Polygon>
            <tessellate>1</tessellate>

            <outerBoundaryIs>
                <LinearRing>
                    <coordinates>

                        85.38903548306594,15.913852924998022,0
                        85.42510440067545,16.01835491101692,0
                        86.08656226599123,15.78928397787197,0
                        86.05096451693406,15.68614707500198,0
                        85.38903548306594,15.913852924998022,0

                    </coordinates>
                </LinearRing>
            </outerBoundaryIs>

        </Polygon>

    </Placemark>
    
    <Placemark>

        <Style>
            <LineStyle>
                <width>0</width>
            </LineStyle>

            <PolyStyle>
                <color>b3ff7500</color>
                <outline>0</outline>
            </PolyStyle>
        </Style>

        <Polygon>
            <tessellate>1</tessellate>

            <outerBoundaryIs>
                <LinearRing>
                    <coordinates>

                        85.42510440067545,16.01835491101692,0
                        85.46117759208308,16.122170186277092,0
                        86.12215574125024,15.891718702611794,0
                        86.08656226599123,15.78928397787197,0
                        85.42510440067545,16.01835491101692,0

                    </coordinates>
                </LinearRing>
            </outerBoundaryIs>

        </Polygon>

    </Placemark>
    
    <Placemark>

        <Style>
            <LineStyle>
                <width>0</width>
            </LineStyle>

            <PolyStyle>
                <color>b3ff7800</color>
                <outline>0</outline>
            </PolyStyle>
        </Style>

        <Polygon>
            <tessellate>1</tessellate>

            <outerBoundaryIs>
                <LinearRing>
                    <coordinates>

                        85.46117759208308,16.122170186277092,0
                        85.49725515808016,16.22529887323306,0
                        86.15774484191981,15.993451126766931,0
                        86.12215574125024,15.891718702611794,0
                        85.46117759208308,16.122170186277092,0

                    </coordinates>
                </LinearRing>
            </outerBoundaryIs>

        </Polygon>

    </Placemark>
    
    <Placemark>

        <Style>
            <LineStyle>
                <width>0</width>
            </LineStyle>

            <PolyStyle>
                <color>b3ff7a00</color>
                <outline>0</outline>
            </PolyStyle>
        </Style>

        <Polygon>
            <tessellate>1</tessellate>

            <outerBoundaryIs>
                <LinearRing>
                    <coordinates>

                        85.49725515808016,16.22529887323306,0
                        85.5333372023445,16.32774109667402,0
                        86.19332946432216,16.094481125548196,0
                        86.15774484191981,15.993451126766931,0
                        85.49725515808016,16.22529887323306,0

                    </coordinates>
                </LinearRing>
            </outerBoundaryIs>

        </Polygon>

    </Placemark>
    
    <Placemark>

        <Style>
            <LineStyle>
                <width>0</width>
            </LineStyle>

            <PolyStyle>
                <color>b3ff7d00</color>
                <outline>0</outline>
            </PolyStyle>
        </Style>

        <Polygon>
            <tessellate>1</tessellate>

            <outerBoundaryIs>
                <LinearRing>
                    <coordinates>

                        85.5333372023445,16.32774109667402,0
                        85.56942383153613,16.429496983770566,0
                        86.22890950179719,16.194808571784993,0
                        86.19332946432216,16.094481125548196,0
                        85.5333372023445,16.32774109667402,0

                    </coordinates>
                </LinearRing>
            </outerBoundaryIs>

        </Polygon>

    </Placemark>
    
    <Placemark>

        <Style>
            <LineStyle>
                <width>0</width>
            </LineStyle>

            <PolyStyle>
                <color>b3ff7f00</color>
                <outline>0</outline>
            </PolyStyle>
        </Style>

        <Polygon>
            <tessellate>1</tessellate>

            <outerBoundaryIs>
                <LinearRing>
                    <coordinates>

                        85.56942383153613,16.429496983770566,0
                        85.6055151553968,16.530566664121597,0
                        86.2644848446032,16.294433335878406,0
                        86.22890950179719,16.194808571784993,0
                        85.56942383153613,16.429496983770566,0

                    </coordinates>
                </LinearRing>
            </outerBoundaryIs>

        </Polygon>

    </Placemark>
    
    <Placemark>

        <Style>
            <LineStyle>
                <width>0</width>
            </LineStyle>

            <PolyStyle>
                <color>b3ff8100</color>
                <outline>0</outline>
            </PolyStyle>
        </Style>

        <Polygon>
            <tessellate>1</tessellate>

            <outerBoundaryIs>
                <LinearRing>
                    <coordinates>

                        85.6055151553968,16.530566664121597,0
                        85.64161128685292,16.63095026980198,0
                        86.30005537981377,16.39335528575358,0
                        86.2644848446032,16.294433335878406,0
                        85.6055151553968,16.530566664121597,0

                    </coordinates>
                </LinearRing>
            </outerBoundaryIs>

        </Polygon>

    </Placemark>
    
    <Placemark>

        <Style>
            <LineStyle>
                <width>0</width>
            </LineStyle>

            <PolyStyle>
                <color>b3ff8400</color>
                <outline>0</outline>
            </PolyStyle>
        </Style>

        <Polygon>
            <tessellate>1</tessellate>

            <outerBoundaryIs>
                <LinearRing>
                    <coordinates>

                        85.64161128685292,16.63095026980198,0
                        85.67771234212256,16.730647935411135,0
                        86.33562099121076,16.491574286811087,0
                        86.30005537981377,16.39335528575358,0
                        85.64161128685292,16.63095026980198,0

                    </coordinates>
                </LinearRing>
            </outerBoundaryIs>

        </Polygon>

    </Placemark>
    
    <Placemark>

        <Style>
            <LineStyle>
                <width>0</width>
            </LineStyle>

            <PolyStyle>
                <color>b3ff8600</color>
                <outline>0</outline>
            </PolyStyle>
        </Style>

        <Polygon>
            <tessellate>1</tessellate>

            <outerBoundaryIs>
                <LinearRing>
                    <coordinates>

                        85.67771234212256,16.730647935411135,0
                        85.71381844082636,16.829659798121757,0
                        86.37118155917362,16.58909020187824,0
                        86.33562099121076,16.491574286811087,0
                        85.67771234212256,16.730647935411135,0

                    </coordinates>
                </LinearRing>
            </outerBoundaryIs>

        </Polygon>

    </Placemark>
    
    <Placemark>

        <Style>
            <LineStyle>
                <width>0</width>
            </LineStyle>

            <PolyStyle>
                <color>b3ff8900</color>
                <outline>0</outline>
            </PolyStyle>
        </Style>

        <Polygon>
            <tessellate>1</tessellate>

            <outerBoundaryIs>
                <LinearRing>
                    <coordinates>

                        85.71381844082636,16.829659798121757,0
                        85.74992970610245,16.927985997729287,0
                        86.40673696056419,16.6859028911596,0
                        86.37118155917362,16.58909020187824,0
                        85.71381844082636,16.829659798121757,0

                    </coordinates>
                </LinearRing>
            </outerBoundaryIs>

        </Polygon>

    </Placemark>
    
    <Placemark>

        <Style>
            <LineStyle>
                <width>0</width>
            </LineStyle>

            <PolyStyle>
                <color>b3ff8b00</color>
                <outline>0</outline>
            </PolyStyle>
        </Style>

        <Polygon>
            <tessellate>1</tessellate>

            <outerBoundaryIs>
                <LinearRing>
                    <coordinates>

                        85.74992970610245,16.927985997729287,0
                        85.78604626472597,17.02562667670215,0
                        86.44228706860733,16.782012212186732,0
                        86.40673696056419,16.6859028911596,0
                        85.74992970610245,16.927985997729287,0

                    </coordinates>
                </LinearRing>
            </outerBoundaryIs>

        </Polygon>

    </Placemark>
    
    <Placemark>

        <Style>
            <LineStyle>
                <width>0</width>
            </LineStyle>

            <PolyStyle>
                <color>b3ff8d00</color>
                <outline>0</outline>
            </PolyStyle>
        </Style>

        <Polygon>
            <tessellate>1</tessellate>

            <outerBoundaryIs>
                <LinearRing>
                    <coordinates>

                        85.78604626472597,17.02562667670215,0
                        85.82216824723284,17.122581980232024,0
                        86.47783175276717,16.877418019767976,0
                        86.44228706860733,16.782012212186732,0
                        85.78604626472597,17.02562667670215,0

                    </coordinates>
                </LinearRing>
            </outerBoundaryIs>

        </Polygon>

    </Placemark>
    
    <Placemark>

        <Style>
            <LineStyle>
                <width>0</width>
            </LineStyle>

            <PolyStyle>
                <color>b3ff9000</color>
                <outline>0</outline>
            </PolyStyle>
        </Style>

        <Polygon>
            <tessellate>1</tessellate>

            <outerBoundaryIs>
                <LinearRing>
                    <coordinates>

                        85.82216824723284,17.122581980232024,0
                        85.8582957880483,17.218852056285026,0
                        86.51337087861837,16.972120165937195,0
                        86.47783175276717,16.877418019767976,0
                        85.82216824723284,17.122581980232024,0

                    </coordinates>
                </LinearRing>
            </outerBoundaryIs>

        </Polygon>

    </Placemark>
    
    <Placemark>

        <Style>
            <LineStyle>
                <width>0</width>
            </LineStyle>

            <PolyStyle>
                <color>b3ff9200</color>
                <outline>0</outline>
            </PolyStyle>
        </Style>

        <Polygon>
            <tessellate>1</tessellate>

            <outerBoundaryIs>
                <LinearRing>
                    <coordinates>

                        85.8582957880483,17.218852056285026,0
                        85.89442902562048,17.314437055653123,0
                        86.54890430771285,17.06611849990243,0
                        86.51337087861837,16.972120165937195,0
                        85.8582957880483,17.218852056285026,0

                    </coordinates>
                </LinearRing>
            </outerBoundaryIs>

        </Polygon>

    </Placemark>
    
    <Placemark>

        <Style>
            <LineStyle>
                <width>0</width>
            </LineStyle>

            <PolyStyle>
                <color>b3ff9500</color>
                <outline>0</outline>
            </PolyStyle>
        </Style>

        <Polygon>
            <tessellate>1</tessellate>

            <outerBoundaryIs>
                <LinearRing>
                    <coordinates>

                        85.89442902562048,17.314437055653123,0
                        85.93056810255865,17.409337132005664,0
                        86.58443189744133,17.15941286799433,0
                        86.54890430771285,17.06611849990243,0
                        85.89442902562048,17.314437055653123,0

                    </coordinates>
                </LinearRing>
            </outerBoundaryIs>

        </Polygon>

    </Placemark>
    
    <Placemark>

        <Style>
            <LineStyle>
                <width>0</width>
            </LineStyle>

            <PolyStyle>
                <color>b3ff9700</color>
                <outline>0</outline>
            </PolyStyle>
        </Style>

        <Polygon>
            <tessellate>1</tessellate>

            <outerBoundaryIs>
                <LinearRing>
                    <coordinates>

                        85.93056810255865,17.409337132005664,0
                        85.96671316577705,17.503552441941522,0
                        86.61995350088962,17.25200311361403,0
                        86.58443189744133,17.15941286799433,0
                        85.93056810255865,17.409337132005664,0

                    </coordinates>
                </LinearRing>
            </outerBoundaryIs>

        </Polygon>

    </Placemark>
    
    <Placemark>

        <Style>
            <LineStyle>
                <width>0</width>
            </LineStyle>

            <PolyStyle>
                <color>b3ff9900</color>
                <outline>0</outline>
            </PolyStyle>
        </Style>

        <Polygon>
            <tessellate>1</tessellate>

            <outerBoundaryIs>
                <LinearRing>
                    <coordinates>

                        85.96671316577705,17.503552441941522,0
                        86.00286436664402,17.597083145041307,0
                        86.65546896668934,17.343889077180915,0
                        86.61995350088962,17.25200311361403,0
                        85.96671316577705,17.503552441941522,0

                    </coordinates>
                </LinearRing>
            </outerBoundaryIs>

        </Polygon>

    </Placemark>
    
    <Placemark>

        <Style>
            <LineStyle>
                <width>0</width>
            </LineStyle>

            <PolyStyle>
                <color>b3ff9c00</color>
                <outline>0</outline>
            </PolyStyle>
        </Style>

        <Polygon>
            <tessellate>1</tessellate>

            <outerBoundaryIs>
                <LinearRing>
                    <coordinates>

                        86.00286436664402,17.597083145041307,0
                        86.03902186113696,17.68992940391989,0
                        86.69097813886306,17.43507059608011,0
                        86.65546896668934,17.343889077180915,0
                        86.00286436664402,17.597083145041307,0

                    </coordinates>
                </LinearRing>
            </outerBoundaryIs>

        </Polygon>

    </Placemark>
    
    <Placemark>

        <Style>
            <LineStyle>
                <width>0</width>
            </LineStyle>

            <PolyStyle>
                <color>b3ff9e00</color>
                <outline>0</outline>
            </PolyStyle>
        </Style>

        <Polygon>
            <tessellate>1</tessellate>

            <outerBoundaryIs>
                <LinearRing>
                    <coordinates>

                        86.03902186113696,17.68992940391989,0
                        86.07518581000306,17.78209138427876,0
                        86.72648085666361,17.525547504610127,0
                        86.69097813886306,17.43507059608011,0
                        86.03902186113696,17.68992940391989,0

                    </coordinates>
                </LinearRing>
            </outerBoundaryIs>

        </Polygon>

    </Placemark>
    
    <Placemark>

        <Style>
            <LineStyle>
                <width>0</width>
            </LineStyle>

            <PolyStyle>
                <color>b3ffa100</color>
                <outline>0</outline>
            </PolyStyle>
        </Style>

        <Polygon>
            <tessellate>1</tessellate>

            <outerBoundaryIs>
                <LinearRing>
                    <coordinates>

                        86.07518581000306,17.78209138427876,0
                        86.1113563789263,17.87356925495848,0
                        86.76197695440703,17.615319633930408,0
                        86.72648085666361,17.525547504610127,0
                        86.07518581000306,17.78209138427876,0

                    </coordinates>
                </LinearRing>
            </outerBoundaryIs>

        </Polygon>

    </Placemark>
    
    <Placemark>

        <Style>
            <LineStyle>
                <width>0</width>
            </LineStyle>

            <PolyStyle>
                <color>b3ffa300</color>
                <outline>0</outline>
            </PolyStyle>
        </Style>

        <Polygon>
            <tessellate>1</tessellate>

            <outerBoundaryIs>
                <LinearRing>
                    <coordinates>

                        86.1113563789263,17.87356925495848,0
                        86.14753373870074,17.964363187990976,0
                        86.79746626129928,17.704386812009027,0
                        86.76197695440703,17.615319633930408,0
                        86.1113563789263,17.87356925495848,0

                    </coordinates>
                </LinearRing>
            </outerBoundaryIs>

        </Polygon>

    </Placemark>
    
    <Placemark>

        <Style>
            <LineStyle>
                <width>0</width>
            </LineStyle>

            <PolyStyle>
                <color>b3ffa500</color>
                <outline>0</outline>
            </PolyStyle>
        </Style>

        <Polygon>
            <tessellate>1</tessellate>

            <outerBoundaryIs>
                <LinearRing>
                    <coordinates>

                        86.14753373870074,17.964363187990976,0
                        86.18371806541052,18.054473358651826,0
                        86.83294860125613,17.792748863570395,0
                        86.79746626129928,17.704386812009027,0
                        86.14753373870074,17.964363187990976,0

                    </coordinates>
                </LinearRing>
            </outerBoundaryIs>

        </Polygon>

    </Placemark>
    
    <Placemark>

        <Style>
            <LineStyle>
                <width>0</width>
            </LineStyle>

            <PolyStyle>
                <color>b3ffa800</color>
                <outline>0</outline>
            </PolyStyle>
        </Style>

        <Polygon>
            <tessellate>1</tessellate>

            <outerBoundaryIs>
                <LinearRing>
                    <coordinates>

                        86.18371806541052,18.054473358651826,0
                        86.21990954061691,18.143899945511848,0
                        86.86842379271643,17.88040561004371,0
                        86.83294860125613,17.792748863570395,0
                        86.18371806541052,18.054473358651826,0

                    </coordinates>
                </LinearRing>
            </outerBoundaryIs>

        </Polygon>

    </Placemark>
    
    <Placemark>

        <Style>
            <LineStyle>
                <width>0</width>
            </LineStyle>

            <PolyStyle>
                <color>b3ffaa00</color>
                <outline>0</outline>
            </PolyStyle>
        </Style>

        <Polygon>
            <tessellate>1</tessellate>

            <outerBoundaryIs>
                <LinearRing>
                    <coordinates>

                        86.21990954061691,18.143899945511848,0
                        86.25610835155216,18.232643130488267,0
                        86.90389164844787,17.96735686951173,0
                        86.86842379271643,17.88040561004371,0
                        86.21990954061691,18.143899945511848,0

                    </coordinates>
                </LinearRing>
            </outerBoundaryIs>

        </Polygon>

    </Placemark>
    
    <Placemark>

        <Style>
            <LineStyle>
                <width>0</width>
            </LineStyle>

            <PolyStyle>
                <color>b3ffad00</color>
                <outline>0</outline>
            </PolyStyle>
        </Style>

        <Polygon>
            <tessellate>1</tessellate>

            <outerBoundaryIs>
                <LinearRing>
                    <coordinates>

                        86.25610835155216,18.232643130488267,0
                        86.29231469132132,18.320703098895702,0
                        86.93935197534536,18.053602456659856,0
                        86.90389164844787,17.96735686951173,0
                        86.25610835155216,18.232643130488267,0

                    </coordinates>
                </LinearRing>
            </outerBoundaryIs>

        </Polygon>

    </Placemark>
    
    <Placemark>

        <Style>
            <LineStyle>
                <width>0</width>
            </LineStyle>

            <PolyStyle>
                <color>b3ffaf00</color>
                <outline>0</outline>
            </PolyStyle>
        </Style>

        <Polygon>
            <tessellate>1</tessellate>

            <outerBoundaryIs>
                <LinearRing>
                    <coordinates>

                        86.29231469132132,18.320703098895702,0
                        86.32852875911158,18.408080039495772,0
                        86.97480457422176,18.139142182726452,0
                        86.93935197534536,18.053602456659856,0
                        86.29231469132132,18.320703098895702,0

                    </coordinates>
                </LinearRing>
            </outerBoundaryIs>

        </Polygon>

    </Placemark>
    
    <Placemark>

        <Style>
            <LineStyle>
                <width>0</width>
            </LineStyle>

            <PolyStyle>
                <color>b3ffb200</color>
                <outline>0</outline>
            </PolyStyle>
        </Style>

        <Polygon>
            <tessellate>1</tessellate>

            <outerBoundaryIs>
                <LinearRing>
                    <coordinates>

                        86.32852875911158,18.408080039495772,0
                        86.36475076040956,18.49477414454601,0
                        87.01024923959044,18.22397585545399,0
                        86.97480457422176,18.139142182726452,0
                        86.32852875911158,18.408080039495772,0

                    </coordinates>
                </LinearRing>
            </outerBoundaryIs>

        </Polygon>

    </Placemark>
    
    <Placemark>

        <Style>
            <LineStyle>
                <width>0</width>
            </LineStyle>

            <PolyStyle>
                <color>b3ffb400</color>
                <outline>0</outline>
            </PolyStyle>
        </Style>

        <Polygon>
            <tessellate>1</tessellate>

            <outerBoundaryIs>
                <LinearRing>
                    <coordinates>

                        86.36475076040956,18.49477414454601,0
                        86.40098090722724,18.580785609847705,0
                        87.04568575943942,18.30810327904118,0
                        87.01024923959044,18.22397585545399,0
                        86.36475076040956,18.49477414454601,0

                    </coordinates>
                </LinearRing>
            </outerBoundaryIs>

        </Polygon>

    </Placemark>
    
    <Placemark>

        <Style>
            <LineStyle>
                <width>0</width>
            </LineStyle>

            <PolyStyle>
                <color>b3ffb600</color>
                <outline>0</outline>
            </PolyStyle>
        </Style>

        <Polygon>
            <tessellate>1</tessellate>

            <outerBoundaryIs>
                <LinearRing>
                    <coordinates>

                        86.40098090722724,18.580785609847705,0
                        86.43721941833653,18.666114634792304,0
                        87.08111391499679,18.391524254096584,0
                        87.04568575943942,18.30810327904118,0
                        86.40098090722724,18.580785609847705,0

                    </coordinates>
                </LinearRing>
            </outerBoundaryIs>

        </Polygon>

    </Placemark>
    
    <Placemark>

        <Style>
            <LineStyle>
                <width>0</width>
            </LineStyle>

            <PolyStyle>
                <color>b3ffb900</color>
                <outline>0</outline>
            </PolyStyle>
        </Style>

        <Polygon>
            <tessellate>1</tessellate>

            <outerBoundaryIs>
                <LinearRing>
                    <coordinates>

                        86.43721941833653,18.666114634792304,0
                        86.47346651951278,18.750761422406146,0
                        87.11653348048722,18.474238577593848,0
                        87.08111391499679,18.391524254096584,0
                        86.43721941833653,18.666114634792304,0

                    </coordinates>
                </LinearRing>
            </outerBoundaryIs>

        </Polygon>

    </Placemark>
    
    <Placemark>

        <Style>
            <LineStyle>
                <width>0</width>
            </LineStyle>

            <PolyStyle>
                <color>b3ffbb00</color>
                <outline>0</outline>
            </PolyStyle>
        </Style>

        <Polygon>
            <tessellate>1</tessellate>

            <outerBoundaryIs>
                <LinearRing>
                    <coordinates>

                        86.47346651951278,18.750761422406146,0
                        86.50972244378787,18.83472617939363,0
                        87.1519442228788,18.556246042828587,0
                        87.11653348048722,18.474238577593848,0
                        86.47346651951278,18.750761422406146,0

                    </coordinates>
                </LinearRing>
            </outerBoundaryIs>

        </Polygon>

    </Placemark>
    
    <Placemark>

        <Style>
            <LineStyle>
                <width>0</width>
            </LineStyle>

            <PolyStyle>
                <color>b3ffbe00</color>
                <outline>0</outline>
            </PolyStyle>
        </Style>

        <Polygon>
            <tessellate>1</tessellate>

            <outerBoundaryIs>
                <LinearRing>
                    <coordinates>

                        86.50972244378787,18.83472617939363,0
                        86.545987431713,18.918009116178045,0
                        87.18734590162035,18.637546439377513,0
                        87.1519442228788,18.556246042828587,0
                        86.50972244378787,18.83472617939363,0

                    </coordinates>
                </LinearRing>
            </outerBoundaryIs>

        </Polygon>

    </Placemark>
    
    <Placemark>

        <Style>
            <LineStyle>
                <width>0</width>
            </LineStyle>

            <PolyStyle>
                <color>b3ffc000</color>
                <outline>0</outline>
            </PolyStyle>
        </Style>

        <Polygon>
            <tessellate>1</tessellate>

            <outerBoundaryIs>
                <LinearRing>
                    <coordinates>

                        86.545987431713,18.918009116178045,0
                        86.58226173163155,19.000610446940122,0
                        87.22273826836846,18.718139553059878,0
                        87.18734590162035,18.637546439377513,0
                        86.545987431713,18.918009116178045,0

                    </coordinates>
                </LinearRing>
            </outerBoundaryIs>

        </Polygon>

    </Placemark>
    
    <Placemark>

        <Style>
            <LineStyle>
                <width>0</width>
            </LineStyle>

            <PolyStyle>
                <color>b3ffc200</color>
                <outline>0</outline>
            </PolyStyle>
        </Style>

        <Polygon>
            <tessellate>1</tessellate>

            <outerBoundaryIs>
                <LinearRing>
                    <coordinates>

                        86.58226173163155,19.000610446940122,0
                        86.6185455999626,19.08253038965401,0
                        87.25812106670406,18.79802516590155,0
                        87.22273826836846,18.718139553059878,0
                        86.58226173163155,19.000610446940122,0

                    </coordinates>
                </LinearRing>
            </outerBoundaryIs>

        </Polygon>

    </Placemark>
    
    <Placemark>

        <Style>
            <LineStyle>
                <width>0</width>
            </LineStyle>

            <PolyStyle>
                <color>b3ffc500</color>
                <outline>0</outline>
            </PolyStyle>
        </Style>

        <Polygon>
            <tessellate>1</tessellate>

            <outerBoundaryIs>
                <LinearRing>
                    <coordinates>

                        86.6185455999626,19.08253038965401,0
                        86.65483930149523,19.16376916611998,0
                        87.2934940318381,18.877203056102243,0
                        87.25812106670406,18.79802516590155,0
                        86.6185455999626,19.08253038965401,0

                    </coordinates>
                </LinearRing>
            </outerBoundaryIs>

        </Polygon>

    </Placemark>
    
    <Placemark>

        <Style>
            <LineStyle>
                <width>0</width>
            </LineStyle>

            <PolyStyle>
                <color>b3ffc700</color>
                <outline>0</outline>
            </PolyStyle>
        </Style>

        <Polygon>
            <tessellate>1</tessellate>

            <outerBoundaryIs>
                <LinearRing>
                    <coordinates>

                        86.65483930149523,19.16376916611998,0
                        86.69114310969425,19.2443270019939,0
                        87.32885689030576,18.955672998006104,0
                        87.2934940318381,18.877203056102243,0
                        86.65483930149523,19.16376916611998,0

                    </coordinates>
                </LinearRing>
            </outerBoundaryIs>

        </Polygon>

    </Placemark>
    
    <Placemark>

        <Style>
            <LineStyle>
                <width>0</width>
            </LineStyle>

            <PolyStyle>
                <color>b3ffca00</color>
                <outline>0</outline>
            </PolyStyle>
        </Style>

        <Polygon>
            <tessellate>1</tessellate>

            <outerBoundaryIs>
                <LinearRing>
                    <coordinates>

                        86.69114310969425,19.2443270019939,0
                        86.72745730701759,19.324204126812955,0
                        87.36420935964908,19.03343476207593,0
                        87.32885689030576,18.955672998006104,0
                        86.69114310969425,19.2443270019939,0

                    </coordinates>
                </LinearRing>
            </outerBoundaryIs>

        </Polygon>

    </Placemark>
    
    <Placemark>

        <Style>
            <LineStyle>
                <width>0</width>
            </LineStyle>

            <PolyStyle>
                <color>b3ffcc00</color>
                <outline>0</outline>
            </PolyStyle>
        </Style>

        <Polygon>
            <tessellate>1</tessellate>

            <outerBoundaryIs>
                <LinearRing>
                    <coordinates>

                        86.72745730701759,19.324204126812955,0
                        86.76378218524593,19.403400774016998,0
                        87.39955114808743,19.110488114871888,0
                        87.36420935964908,19.03343476207593,0
                        86.72745730701759,19.324204126812955,0

                    </coordinates>
                </LinearRing>
            </outerBoundaryIs>

        </Polygon>

    </Placemark>
    
    <Placemark>

        <Style>
            <LineStyle>
                <width>0</width>
            </LineStyle>

            <PolyStyle>
                <color>b3ffce00</color>
                <outline>0</outline>
            </PolyStyle>
        </Style>

        <Polygon>
            <tessellate>1</tessellate>

            <outerBoundaryIs>
                <LinearRing>
                    <coordinates>

                        86.76378218524593,19.403400774016998,0
                        86.80011804582489,19.481917180965258,0
                        87.43488195417513,19.186832819034745,0
                        87.39955114808743,19.110488114871888,0
                        86.76378218524593,19.403400774016998,0

                    </coordinates>
                </LinearRing>
            </outerBoundaryIs>

        </Polygon>

    </Placemark>
    
    <Placemark>

        <Style>
            <LineStyle>
                <width>0</width>
            </LineStyle>

            <PolyStyle>
                <color>b3ffd100</color>
                <outline>0</outline>
            </PolyStyle>
        </Style>

        <Polygon>
            <tessellate>1</tessellate>

            <outerBoundaryIs>
                <LinearRing>
                    <coordinates>

                        86.80011804582489,19.481917180965258,0
                        86.8364652002203,19.559753588947896,0
                        87.47020146644637,19.262468633274327,0
                        87.43488195417513,19.186832819034745,0
                        86.80011804582489,19.481917180965258,0

                    </coordinates>
                </LinearRing>
            </outerBoundaryIs>

        </Polygon>

    </Placemark>
    
    <Placemark>

        <Style>
            <LineStyle>
                <width>0</width>
            </LineStyle>

            <PolyStyle>
                <color>b3ffd300</color>
                <outline>0</outline>
            </PolyStyle>
        </Style>

        <Polygon>
            <tessellate>1</tessellate>

            <outerBoundaryIs>
                <LinearRing>
                    <coordinates>

                        86.8364652002203,19.559753588947896,0
                        86.8728239702869,19.636910243191632,0
                        87.50550936304643,19.33739531236392,0
                        87.47020146644637,19.262468633274327,0
                        86.8364652002203,19.559753588947896,0

                    </coordinates>
                </LinearRing>
            </outerBoundaryIs>

        </Polygon>

    </Placemark>
    
    <Placemark>

        <Style>
            <LineStyle>
                <width>0</width>
            </LineStyle>

            <PolyStyle>
                <color>b3ffd600</color>
                <outline>0</outline>
            </PolyStyle>
        </Style>

        <Polygon>
            <tessellate>1</tessellate>

            <outerBoundaryIs>
                <LinearRing>
                    <coordinates>

                        86.8728239702869,19.636910243191632,0
                        86.90919468865116,19.71338739285924,0
                        87.54080531134883,19.41161260714076,0
                        87.50550936304643,19.33739531236392,0
                        86.8728239702869,19.636910243191632,0

                    </coordinates>
                </LinearRing>
            </outerBoundaryIs>

        </Polygon>

    </Placemark>
    
    <Placemark>

        <Style>
            <LineStyle>
                <width>0</width>
            </LineStyle>

            <PolyStyle>
                <color>b3ffd800</color>
                <outline>0</outline>
            </PolyStyle>
        </Style>

        <Polygon>
            <tessellate>1</tessellate>

            <outerBoundaryIs>
                <LinearRing>
                    <coordinates>

                        86.90919468865116,19.71338739285924,0
                        86.94557769910831,19.78918529104181,0
                        87.57608896755836,19.485120264513746,0
                        87.54080531134883,19.41161260714076,0
                        86.90919468865116,19.71338739285924,0

                    </coordinates>
                </LinearRing>
            </outerBoundaryIs>

        </Polygon>

    </Placemark>
    
    <Placemark>

        <Style>
            <LineStyle>
                <width>0</width>
            </LineStyle>

            <PolyStyle>
                <color>b3ffda00</color>
                <outline>0</outline>
            </PolyStyle>
        </Style>

        <Polygon>
            <tessellate>1</tessellate>

            <outerBoundaryIs>
                <LinearRing>
                    <coordinates>

                        86.94557769910831,19.78918529104181,0
                        86.98197335703456,19.864304194743454,0
                        87.6113599762988,19.55791802747877,0
                        87.57608896755836,19.485120264513746,0
                        86.94557769910831,19.78918529104181,0

                    </coordinates>
                </LinearRing>
            </outerBoundaryIs>

        </Polygon>

    </Placemark>
    
    <Placemark>

        <Style>
            <LineStyle>
                <width>0</width>
            </LineStyle>

            <PolyStyle>
                <color>b3ffdd00</color>
                <outline>0</outline>
            </PolyStyle>
        </Style>

        <Polygon>
            <tessellate>1</tessellate>

            <outerBoundaryIs>
                <LinearRing>
                    <coordinates>

                        86.98197335703456,19.864304194743454,0
                        87.01838202981455,19.938744364857673,0
                        87.64661797018547,19.63000563514233,0
                        87.6113599762988,19.55791802747877,0
                        86.98197335703456,19.864304194743454,0

                    </coordinates>
                </LinearRing>
            </outerBoundaryIs>

        </Polygon>

    </Placemark>
    
    <Placemark>

        <Style>
            <LineStyle>
                <width>0</width>
            </LineStyle>

            <PolyStyle>
                <color>b3ffdf00</color>
                <outline>0</outline>
            </PolyStyle>
        </Style>

        <Polygon>
            <tessellate>1</tessellate>

            <outerBoundaryIs>
                <LinearRing>
                    <coordinates>

                        87.01838202981455,19.938744364857673,0
                        87.05480409728469,20.01250606613421,0
                        87.68186256938199,19.701382822754677,0
                        87.64661797018547,19.63000563514233,0
                        87.01838202981455,19.938744364857673,0

                    </coordinates>
                </LinearRing>
            </outerBoundaryIs>

        </Polygon>

    </Placemark>
    
    <Placemark>

        <Style>
            <LineStyle>
                <width>0</width>
            </LineStyle>

            <PolyStyle>
                <color>b3ffe200</color>
                <outline>0</outline>
            </PolyStyle>
        </Style>

        <Polygon>
            <tessellate>1</tessellate>

            <outerBoundaryIs>
                <LinearRing>
                    <coordinates>

                        87.05480409728469,20.01250606613421,0
                        87.09123995219296,20.08558956713588,0
                        87.71709338114037,19.772049321753006,0
                        87.68186256938199,19.701382822754677,0
                        87.05480409728469,20.01250606613421,0

                    </coordinates>
                </LinearRing>
            </outerBoundaryIs>

        </Polygon>

    </Placemark>
    
    <Placemark>

        <Style>
            <LineStyle>
                <width>0</width>
            </LineStyle>

            <PolyStyle>
                <color>b3ffe400</color>
                <outline>0</outline>
            </PolyStyle>
        </Style>

        <Polygon>
            <tessellate>1</tessellate>

            <outerBoundaryIs>
                <LinearRing>
                    <coordinates>

                        87.09123995219296,20.08558956713588,0
                        87.12769000067544,20.157995140184436,0
                        87.75230999932455,19.842004859815564,0
                        87.71709338114037,19.772049321753006,0
                        87.09123995219296,20.08558956713588,0

                    </coordinates>
                </LinearRing>
            </outerBoundaryIs>

        </Polygon>

    </Placemark>
    
    <Placemark>

        <Style>
            <LineStyle>
                <width>0</width>
            </LineStyle>

            <PolyStyle>
                <color>b3ffe600</color>
                <outline>0</outline>
            </PolyStyle>
        </Style>

        <Polygon>
            <tessellate>1</tessellate>

            <outerBoundaryIs>
                <LinearRing>
                    <coordinates>

                        87.12769000067544,20.157995140184436,0
                        87.16415466275035,20.229723061294248,0
                        87.7875120039163,19.91124916092797,0
                        87.75230999932455,19.842004859815564,0
                        87.12769000067544,20.157995140184436,0

                    </coordinates>
                </LinearRing>
            </outerBoundaryIs>

        </Polygon>

    </Placemark>
    
    <Placemark>

        <Style>
            <LineStyle>
                <width>0</width>
            </LineStyle>

            <PolyStyle>
                <color>b3ffe900</color>
                <outline>0</outline>
            </PolyStyle>
        </Style>

        <Polygon>
            <tessellate>1</tessellate>

            <outerBoundaryIs>
                <LinearRing>
                    <coordinates>

                        87.16415466275035,20.229723061294248,0
                        87.20063437282965,20.300773610092765,0
                        87.82269896050369,19.979781945462786,0
                        87.7875120039163,19.91124916092797,0
                        87.16415466275035,20.229723061294248,0

                    </coordinates>
                </LinearRing>
            </outerBoundaryIs>

        </Polygon>

    </Placemark>
    
    <Placemark>

        <Style>
            <LineStyle>
                <width>0</width>
            </LineStyle>

            <PolyStyle>
                <color>b3ffeb00</color>
                <outline>0</outline>
            </PolyStyle>
        </Style>

        <Polygon>
            <tessellate>1</tessellate>

            <outerBoundaryIs>
                <LinearRing>
                    <coordinates>

                        87.20063437282965,20.300773610092765,0
                        87.23712958024919,20.371147069726845,0
                        87.85787041975081,20.04760293027315,0
                        87.82269896050369,19.979781945462786,0
                        87.20063437282965,20.300773610092765,0

                    </coordinates>
                </LinearRing>
            </outerBoundaryIs>

        </Polygon>

    </Placemark>
    
    <Placemark>

        <Style>
            <LineStyle>
                <width>0</width>
            </LineStyle>

            <PolyStyle>
                <color>b3ffee00</color>
                <outline>0</outline>
            </PolyStyle>
        </Style>

        <Polygon>
            <tessellate>1</tessellate>

            <outerBoundaryIs>
                <LinearRing>
                    <coordinates>

                        87.23712958024919,20.371147069726845,0
                        87.27364074981747,20.44084372675324,0
                        87.89302591684921,20.114711828802317,0
                        87.85787041975081,20.04760293027315,0
                        87.23712958024919,20.371147069726845,0

                    </coordinates>
                </LinearRing>
            </outerBoundaryIs>

        </Polygon>

    </Placemark>
    
    <Placemark>

        <Style>
            <LineStyle>
                <width>0</width>
            </LineStyle>

            <PolyStyle>
                <color>b3fff000</color>
                <outline>0</outline>
            </PolyStyle>
        </Style>

        <Polygon>
            <tessellate>1</tessellate>

            <outerBoundaryIs>
                <LinearRing>
                    <coordinates>

                        87.27364074981747,20.44084372675324,0
                        87.31016836238344,20.50986387101215,0
                        87.92816497094991,20.18110835121007,0
                        87.89302591684921,20.114711828802317,0
                        87.27364074981747,20.44084372675324,0

                    </coordinates>
                </LinearRing>
            </outerBoundaryIs>

        </Polygon>

    </Placemark>
    
    <Placemark>

        <Style>
            <LineStyle>
                <width>0</width>
            </LineStyle>

            <PolyStyle>
                <color>b3fff200</color>
                <outline>0</outline>
            </PolyStyle>
        </Style>

        <Polygon>
            <tessellate>1</tessellate>

            <outerBoundaryIs>
                <LinearRing>
                    <coordinates>

                        87.31016836238344,20.50986387101215,0
                        87.34671291542415,20.57820779548268,0
                        87.96328708457582,20.246792204517316,0
                        87.92816497094991,20.18110835121007,0
                        87.31016836238344,20.50986387101215,0

                    </coordinates>
                </LinearRing>
            </outerBoundaryIs>

        </Polygon>

    </Placemark>
    
    <Placemark>

        <Style>
            <LineStyle>
                <width>0</width>
            </LineStyle>

            <PolyStyle>
                <color>b3fff500</color>
                <outline>0</outline>
            </PolyStyle>
        </Style>

        <Polygon>
            <tessellate>1</tessellate>

            <outerBoundaryIs>
                <LinearRing>
                    <coordinates>

                        87.34671291542415,20.57820779548268,0
                        87.38327492365214,20.64587579611768,0
                        87.99839174301452,20.31176309277121,0
                        87.96328708457582,20.246792204517316,0
                        87.34671291542415,20.57820779548268,0

                    </coordinates>
                </LinearRing>
            </outerBoundaryIs>

        </Polygon>

    </Placemark>
    
    <Placemark>

        <Style>
            <LineStyle>
                <width>0</width>
            </LineStyle>

            <PolyStyle>
                <color>b3fff700</color>
                <outline>0</outline>
            </PolyStyle>
        </Style>

        <Polygon>
            <tessellate>1</tessellate>

            <outerBoundaryIs>
                <LinearRing>
                    <coordinates>

                        87.38327492365214,20.64587579611768,0
                        87.41985491964303,20.712868171657373,0
                        88.03347841369032,20.376020717231516,0
                        87.99839174301452,20.31176309277121,0
                        87.38327492365214,20.64587579611768,0

                    </coordinates>
                </LinearRing>
            </outerBoundaryIs>

        </Polygon>

    </Placemark>
    
    <Placemark>

        <Style>
            <LineStyle>
                <width>0</width>
            </LineStyle>

            <PolyStyle>
                <color>b3fffa00</color>
                <outline>0</outline>
            </PolyStyle>
        </Style>

        <Polygon>
            <tessellate>1</tessellate>

            <outerBoundaryIs>
                <LinearRing>
                    <coordinates>

                        87.41985491964303,20.712868171657373,0
                        87.45645345448428,20.779185223419823,0
                        88.06854654551573,20.439564776580177,0
                        88.03347841369032,20.376020717231516,0
                        87.41985491964303,20.712868171657373,0

                    </coordinates>
                </LinearRing>
            </outerBoundaryIs>

        </Polygon>

    </Placemark>
    
    <Placemark>

        <Style>
            <LineStyle>
                <width>0</width>
            </LineStyle>

            <PolyStyle>
                <color>b3fffc00</color>
                <outline>0</outline>
            </PolyStyle>
        </Style>

        <Polygon>
            <tessellate>1</tessellate>

            <outerBoundaryIs>
                <LinearRing>
                    <coordinates>

                        87.45645345448428,20.779185223419823,0
                        87.45746493148937,20.78100030199447,0
                        88.06878179510713,20.43998462455931,0
                        88.06854654551573,20.439564776580177,0
                        87.45645345448428,20.779185223419823,0

                    </coordinates>
                </LinearRing>
            </outerBoundaryIs>

        </Polygon>

    </Placemark>
    
    <Placemark>

        <Style>
            <LineStyle>
                <width>0</width>
            </LineStyle>

            <PolyStyle>
                <color>b3ffff00</color>
                <outline>0</outline>
            </PolyStyle>
        </Style>

        <Polygon>

            <outerBoundaryIs>
                <LinearRing>
                    <coordinates>

                        88.3,21.5,0
                        87.24930332854385,20.920313442806403,0
                        87.45746493148937,20.78100030199447,0
                        88.06878179510713,20.43998462455931,0
                        88.27667494903392,20.300226712250424,0
                        88.3,21.5,0

                    </coordinates>
                </LinearRing>
            </outerBoundaryIs>

        </Polygon>

    </Placemark>
    
    <Placemark>

        <Style>
            <LineStyle>
                <width>0</width>
            </LineStyle>

            <PolyStyle>
                <color>b3ff0000</color>
                <outline>0</outline>
            </PolyStyle>
        </Style>

        <Polygon>
            <tessellate>1</tessellate>

            <outerBoundaryIs>
                <LinearRing>
                    <coordinates>

                        80.65919480928028,7.079698318542477,0
                        80.68840104177423,7.204589542771121,0
                        81.36993229155911,7.0448549016733235,0
                        81.34080519071972,6.920301681457523,0
                        80.65919480928028,7.079698318542477,0

                    </coordinates>
                </LinearRing>
            </outerBoundaryIs>

        </Polygon>

    </Placemark>
    
    <Placemark>

        <Style>
            <LineStyle>
                <width>0</width>
            </LineStyle>

            <PolyStyle>
                <color>b3ff0200</color>
                <outline>0</outline>
            </PolyStyle>
        </Style>

        <Polygon>
            <tessellate>1</tessellate>

            <outerBoundaryIs>
                <LinearRing>
                    <coordinates>

                        80.68840104177423,7.204589542771121,0
                        80.71764743026314,7.329095593404501,0
                        81.3990192364035,7.168682184373274,0
                        81.36993229155911,7.0448549016733235,0
                        80.68840104177423,7.204589542771121,0

                    </coordinates>
                </LinearRing>
            </outerBoundaryIs>

        </Polygon>

    </Placemark>
    
    <Placemark>

        <Style>
            <LineStyle>
                <width>0</width>
            </LineStyle>

            <PolyStyle>
                <color>b3ff0400</color>
                <outline>0</outline>
            </PolyStyle>
        </Style>

        <Polygon>
            <tessellate>1</tessellate>

            <outerBoundaryIs>
                <LinearRing>
                    <coordinates>

                        80.71764743026314,7.329095593404501,0
                        80.74689484144358,7.453048904180919,0
                        81.42810515855643,7.291951095819082,0
                        81.3990192364035,7.168682184373274,0
                        80.71764743026314,7.329095593404501,0

                    </coordinates>
                </LinearRing>
            </outerBoundaryIs>

        </Polygon>

    </Placemark>
    
    <Placemark>

        <Style>
            <LineStyle>
                <width>0</width>
            </LineStyle>

            <PolyStyle>
                <color>b3ff0700</color>
                <outline>0</outline>
            </PolyStyle>
        </Style>

        <Polygon>
            <tessellate>1</tessellate>

            <outerBoundaryIs>
                <LinearRing>
                    <coordinates>

                        80.74689484144358,7.453048904180919,0
                        80.77614329263439,7.576449509208918,0
                        81.45719004069893,7.414661601902192,0
                        81.42810515855643,7.291951095819082,0
                        80.74689484144358,7.453048904180919,0

                    </coordinates>
                </LinearRing>
            </outerBoundaryIs>

        </Polygon>

    </Placemark>
    
    <Placemark>

        <Style>
            <LineStyle>
                <width>0</width>
            </LineStyle>

            <PolyStyle>
                <color>b3ff0900</color>
                <outline>0</outline>
            </PolyStyle>
        </Style>

        <Polygon>
            <tessellate>1</tessellate>

            <outerBoundaryIs>
                <LinearRing>
                    <coordinates>

                        80.77614329263439,7.576449509208918,0
                        80.80539280151723,7.699297443130645,0
                        81.48627386514946,7.536813667980468,0
                        81.45719004069893,7.414661601902192,0
                        80.77614329263439,7.576449509208918,0

                    </coordinates>
                </LinearRing>
            </outerBoundaryIs>

        </Polygon>

    </Placemark>
    
    <Placemark>

        <Style>
            <LineStyle>
                <width>0</width>
            </LineStyle>

            <PolyStyle>
                <color>b3ff0c00</color>
                <outline>0</outline>
            </PolyStyle>
        </Style>

        <Polygon>
            <tessellate>1</tessellate>

            <outerBoundaryIs>
                <LinearRing>
                    <coordinates>

                        80.80539280151723,7.699297443130645,0
                        80.83464338614537,7.8215927411318615,0
                        81.51535661385462,7.658407258868139,0
                        81.48627386514946,7.536813667980468,0
                        80.80539280151723,7.699297443130645,0

                    </coordinates>
                </LinearRing>
            </outerBoundaryIs>

        </Polygon>

    </Placemark>
    
    <Placemark>

        <Style>
            <LineStyle>
                <width>0</width>
            </LineStyle>

            <PolyStyle>
                <color>b3ff0e00</color>
                <outline>0</outline>
            </PolyStyle>
        </Style>

        <Polygon>
            <tessellate>1</tessellate>

            <outerBoundaryIs>
                <LinearRing>
                    <coordinates>

                        80.83464338614537,7.8215927411318615,0
                        80.86389506495311,7.9433354389522846,0
                        81.54443826838022,7.7794423388254925,0
                        81.51535661385462,7.658407258868139,0
                        80.83464338614537,7.8215927411318615,0

                    </coordinates>
                </LinearRing>
            </outerBoundaryIs>

        </Polygon>

    </Placemark>
    
    <Placemark>

        <Style>
            <LineStyle>
                <width>0</width>
            </LineStyle>

            <PolyStyle>
                <color>b3ff1100</color>
                <outline>0</outline>
            </PolyStyle>
        </Style>

        <Polygon>
            <tessellate>1</tessellate>

            <outerBoundaryIs>
                <LinearRing>
                    <coordinates>

                        80.86389506495311,7.9433354389522846,0
                        80.8931478567652,8.064525572895853,0
                        81.57351880990147,7.899918871548591,0
                        81.54443826838022,7.7794423388254925,0
                        80.86389506495311,7.9433354389522846,0

                    </coordinates>
                </LinearRing>
            </outerBoundaryIs>

        </Polygon>

    </Placemark>
    
    <Placemark>

        <Style>
            <LineStyle>
                <width>0</width>
            </LineStyle>

            <PolyStyle>
                <color>b3ff1300</color>
                <outline>0</outline>
            </PolyStyle>
        </Style>

        <Polygon>
            <tessellate>1</tessellate>

            <outerBoundaryIs>
                <LinearRing>
                    <coordinates>

                        80.8931478567652,8.064525572895853,0
                        80.92240178080667,8.18516317984158,0
                        81.60259821919334,8.019836820158423,0
                        81.57351880990147,7.899918871548591,0
                        80.8931478567652,8.064525572895853,0

                    </coordinates>
                </LinearRing>
            </outerBoundaryIs>

        </Polygon>

    </Placemark>
    
    <Placemark>

        <Style>
            <LineStyle>
                <width>0</width>
            </LineStyle>

            <PolyStyle>
                <color>b3ff1500</color>
                <outline>0</outline>
            </PolyStyle>
        </Style>

        <Polygon>
            <tessellate>1</tessellate>

            <outerBoundaryIs>
                <LinearRing>
                    <coordinates>

                        80.92240178080667,8.18516317984158,0
                        80.95165685671296,8.305248297254426,0
                        81.63167647662036,8.139196147190017,0
                        81.60259821919334,8.019836820158423,0
                        80.92240178080667,8.18516317984158,0

                    </coordinates>
                </LinearRing>
            </outerBoundaryIs>

        </Polygon>

    </Placemark>
    
    <Placemark>

        <Style>
            <LineStyle>
                <width>0</width>
            </LineStyle>

            <PolyStyle>
                <color>b3ff1800</color>
                <outline>0</outline>
            </PolyStyle>
        </Style>

        <Polygon>
            <tessellate>1</tessellate>

            <outerBoundaryIs>
                <LinearRing>
                    <coordinates>

                        80.95165685671296,8.305248297254426,0
                        80.98091310454032,8.4247809631964,0
                        81.66075356212633,8.257996814581377,0
                        81.63167647662036,8.139196147190017,0
                        80.95165685671296,8.305248297254426,0

                    </coordinates>
                </LinearRing>
            </outerBoundaryIs>

        </Polygon>

    </Placemark>
    
    <Placemark>

        <Style>
            <LineStyle>
                <width>0</width>
            </LineStyle>

            <PolyStyle>
                <color>b3ff1a00</color>
                <outline>0</outline>
            </PolyStyle>
        </Style>

        <Polygon>
            <tessellate>1</tessellate>

            <outerBoundaryIs>
                <LinearRing>
                    <coordinates>

                        80.98091310454032,8.4247809631964,0
                        81.01017054477636,8.543761216337893,0
                        81.68982945522363,8.376238783662108,0
                        81.66075356212633,8.257996814581377,0
                        80.98091310454032,8.4247809631964,0

                    </coordinates>
                </LinearRing>
            </outerBoundaryIs>

        </Polygon>

    </Placemark>
    
    <Placemark>

        <Style>
            <LineStyle>
                <width>0</width>
            </LineStyle>

            <PolyStyle>
                <color>b3ff1d00</color>
                <outline>0</outline>
            </PolyStyle>
        </Style>

        <Polygon>
            <tessellate>1</tessellate>

            <outerBoundaryIs>
                <LinearRing>
                    <coordinates>

                        81.01017054477636,8.543761216337893,0
                        81.03942919835117,8.662189095969506,0
                        81.71890413498213,8.493922015141603,0
                        81.68982945522363,8.376238783662108,0
                        81.01017054477636,8.543761216337893,0

                    </coordinates>
                </LinearRing>
            </outerBoundaryIs>

        </Polygon>

    </Placemark>
    
    <Placemark>

        <Style>
            <LineStyle>
                <width>0</width>
            </LineStyle>

            <PolyStyle>
                <color>b3ff1f00</color>
                <outline>0</outline>
            </PolyStyle>
        </Style>

        <Polygon>
            <tessellate>1</tessellate>

            <outerBoundaryIs>
                <LinearRing>
                    <coordinates>

                        81.03942919835117,8.662189095969506,0
                        81.06868908664863,8.780064642013686,0
                        81.74797758001803,8.611046469097422,0
                        81.71890413498213,8.493922015141603,0
                        81.03942919835117,8.662189095969506,0

                    </coordinates>
                </LinearRing>
            </outerBoundaryIs>

        </Polygon>

    </Placemark>
    
    <Placemark>

        <Style>
            <LineStyle>
                <width>0</width>
            </LineStyle>

            <PolyStyle>
                <color>b3ff2200</color>
                <outline>0</outline>
            </PolyStyle>
        </Style>

        <Polygon>
            <tessellate>1</tessellate>

            <outerBoundaryIs>
                <LinearRing>
                    <coordinates>

                        81.06868908664863,8.780064642013686,0
                        81.09795023151798,8.897387895036974,0
                        81.77704976848202,8.727612104963026,0
                        81.74797758001803,8.611046469097422,0
                        81.06868908664863,8.780064642013686,0

                    </coordinates>
                </LinearRing>
            </outerBoundaryIs>

        </Polygon>

    </Placemark>
    
    <Placemark>

        <Style>
            <LineStyle>
                <width>0</width>
            </LineStyle>

            <PolyStyle>
                <color>b3ff2400</color>
                <outline>0</outline>
            </PolyStyle>
        </Style>

        <Polygon>
            <tessellate>1</tessellate>

            <outerBoundaryIs>
                <LinearRing>
                    <coordinates>

                        81.09795023151798,8.897387895036974,0
                        81.12721265528589,9.014158896262488,0
                        81.80612067804745,8.843618881515292,0
                        81.77704976848202,8.727612104963026,0
                        81.09795023151798,8.897387895036974,0

                    </coordinates>
                </LinearRing>
            </outerBoundaryIs>

        </Polygon>

    </Placemark>
    
    <Placemark>

        <Style>
            <LineStyle>
                <width>0</width>
            </LineStyle>

            <PolyStyle>
                <color>b3ff2600</color>
                <outline>0</outline>
            </PolyStyle>
        </Style>

        <Polygon>
            <tessellate>1</tessellate>

            <outerBoundaryIs>
                <LinearRing>
                    <coordinates>

                        81.12721265528589,9.014158896262488,0
                        81.15647638076874,9.130377687582426,0
                        81.83519028589794,8.959066756862024,0
                        81.80612067804745,8.843618881515292,0
                        81.12721265528589,9.014158896262488,0

                    </coordinates>
                </LinearRing>
            </outerBoundaryIs>

        </Polygon>

    </Placemark>
    
    <Placemark>

        <Style>
            <LineStyle>
                <width>0</width>
            </LineStyle>

            <PolyStyle>
                <color>b3ff2900</color>
                <outline>0</outline>
            </PolyStyle>
        </Style>

        <Polygon>
            <tessellate>1</tessellate>

            <outerBoundaryIs>
                <LinearRing>
                    <coordinates>

                        81.15647638076874,9.130377687582426,0
                        81.18574143128544,9.246044311571064,0
                        81.86425856871458,9.073955688428933,0
                        81.83519028589794,8.959066756862024,0
                        81.15647638076874,9.130377687582426,0

                    </coordinates>
                </LinearRing>
            </outerBoundaryIs>

        </Polygon>

    </Placemark>
    
    <Placemark>

        <Style>
            <LineStyle>
                <width>0</width>
            </LineStyle>

            <PolyStyle>
                <color>b3ff2b00</color>
                <outline>0</outline>
            </PolyStyle>
        </Style>

        <Polygon>
            <tessellate>1</tessellate>

            <outerBoundaryIs>
                <LinearRing>
                    <coordinates>

                        81.18574143128544,9.246044311571064,0
                        81.21500783067037,9.36115881149809,0
                        81.89332550266295,9.188285632946354,0
                        81.86425856871458,9.073955688428933,0
                        81.18574143128544,9.246044311571064,0

                    </coordinates>
                </LinearRing>
            </outerBoundaryIs>

        </Polygon>

    </Placemark>
    
    <Placemark>

        <Style>
            <LineStyle>
                <width>0</width>
            </LineStyle>

            <PolyStyle>
                <color>b3ff2e00</color>
                <outline>0</outline>
            </PolyStyle>
        </Style>

        <Polygon>
            <tessellate>1</tessellate>

            <outerBoundaryIs>
                <LinearRing>
                    <coordinates>

                        81.21500783067037,9.36115881149809,0
                        81.24427560328708,9.475721231341872,0
                        81.9223910633796,9.302056546435907,0
                        81.89332550266295,9.188285632946354,0
                        81.21500783067037,9.36115881149809,0

                    </coordinates>
                </LinearRing>
            </outerBoundaryIs>

        </Polygon>

    </Placemark>
    
    <Placemark>

        <Style>
            <LineStyle>
                <width>0</width>
            </LineStyle>

            <PolyStyle>
                <color>b3ff3000</color>
                <outline>0</outline>
            </PolyStyle>
        </Style>

        <Polygon>
            <tessellate>1</tessellate>

            <outerBoundaryIs>
                <LinearRing>
                    <coordinates>

                        81.24427560328708,9.475721231341872,0
                        81.27354477404188,9.589731615803448,0
                        81.95145522595811,9.415268384196548,0
                        81.9223910633796,9.302056546435907,0
                        81.24427560328708,9.475721231341872,0

                    </coordinates>
                </LinearRing>
            </outerBoundaryIs>

        </Polygon>

    </Placemark>
    
    <Placemark>

        <Style>
            <LineStyle>
                <width>0</width>
            </LineStyle>

            <PolyStyle>
                <color>b3ff3300</color>
                <outline>0</outline>
            </PolyStyle>
        </Style>

        <Polygon>
            <tessellate>1</tessellate>

            <outerBoundaryIs>
                <LinearRing>
                    <coordinates>

                        81.27354477404188,9.589731615803448,0
                        81.3028153683985,9.703190010320663,0
                        81.98051796493483,9.527921100790449,0
                        81.95145522595811,9.415268384196548,0
                        81.27354477404188,9.589731615803448,0

                    </coordinates>
                </LinearRing>
            </outerBoundaryIs>

        </Polygon>

    </Placemark>
    
    <Placemark>

        <Style>
            <LineStyle>
                <width>0</width>
            </LineStyle>

            <PolyStyle>
                <color>b3ff3500</color>
                <outline>0</outline>
            </PolyStyle>
        </Style>

        <Polygon>
            <tessellate>1</tessellate>

            <outerBoundaryIs>
                <LinearRing>
                    <coordinates>

                        81.3028153683985,9.703190010320663,0
                        81.33208741239254,9.816096461082287,0
                        82.00957925427416,9.640014650028826,0
                        81.98051796493483,9.527921100790449,0
                        81.3028153683985,9.703190010320663,0

                    </coordinates>
                </LinearRing>
            </outerBoundaryIs>

        </Polygon>

    </Placemark>
    
    <Placemark>

        <Style>
            <LineStyle>
                <width>0</width>
            </LineStyle>

            <PolyStyle>
                <color>b3ff3700</color>
                <outline>0</outline>
            </PolyStyle>
        </Style>

        <Polygon>
            <tessellate>1</tessellate>

            <outerBoundaryIs>
                <LinearRing>
                    <coordinates>

                        81.33208741239254,9.816096461082287,0
                        81.36136093264679,9.928451015043002,0
                        82.03863906735324,9.751548984957001,0
                        82.00957925427416,9.640014650028826,0
                        81.33208741239254,9.816096461082287,0

                    </coordinates>
                </LinearRing>
            </outerBoundaryIs>

        </Polygon>

    </Placemark>
    
    <Placemark>

        <Style>
            <LineStyle>
                <width>0</width>
            </LineStyle>

            <PolyStyle>
                <color>b3ff3a00</color>
                <outline>0</outline>
            </PolyStyle>
        </Style>

        <Polygon>
            <tessellate>1</tessellate>

            <outerBoundaryIs>
                <LinearRing>
                    <coordinates>

                        81.36136093264679,9.928451015043002,0
                        81.39063595638689,10.040253719938505,0
                        82.06769737694643,9.862524057839273,0
                        82.03863906735324,9.751548984957001,0
                        81.36136093264679,9.928451015043002,0

                    </coordinates>
                </LinearRing>
            </outerBoundaryIs>

        </Polygon>

    </Placemark>
    
    <Placemark>

        <Style>
            <LineStyle>
                <width>0</width>
            </LineStyle>

            <PolyStyle>
                <color>b3ff3c00</color>
                <outline>0</outline>
            </PolyStyle>
        </Style>

        <Polygon>
            <tessellate>1</tessellate>

            <outerBoundaryIs>
                <LinearRing>
                    <coordinates>

                        81.39063595638689,10.040253719938505,0
                        81.4199125114575,10.151504624300612,0
                        82.09675415520915,9.972939820143834,0
                        82.06769737694643,9.862524057839273,0
                        81.39063595638689,10.040253719938505,0

                    </coordinates>
                </LinearRing>
            </outerBoundaryIs>

        </Polygon>

    </Placemark>
    
    <Placemark>

        <Style>
            <LineStyle>
                <width>0</width>
            </LineStyle>

            <PolyStyle>
                <color>b3ff3f00</color>
                <outline>0</outline>
            </PolyStyle>
        </Style>

        <Polygon>
            <tessellate>1</tessellate>

            <outerBoundaryIs>
                <LinearRing>
                    <coordinates>

                        81.4199125114575,10.151504624300612,0
                        81.44919062633873,10.262203777472928,0
                        82.12580937366128,10.082796222527074,0
                        82.09675415520915,9.972939820143834,0
                        81.4199125114575,10.151504624300612,0

                    </coordinates>
                </LinearRing>
            </outerBoundaryIs>

        </Polygon>

    </Placemark>
    
    <Placemark>

        <Style>
            <LineStyle>
                <width>0</width>
            </LineStyle>

            <PolyStyle>
                <color>b3ff4100</color>
                <outline>0</outline>
            </PolyStyle>
        </Style>

        <Polygon>
            <tessellate>1</tessellate>

            <outerBoundaryIs>
                <LinearRing>
                    <coordinates>

                        81.44919062633873,10.262203777472928,0
                        81.47847033016346,10.372351229627256,0
                        82.15486300316987,10.192093214817188,0
                        82.12580937366128,10.082796222527074,0
                        81.44919062633873,10.262203777472928,0

                    </coordinates>
                </LinearRing>
            </outerBoundaryIs>

        </Polygon>

    </Placemark>
    
    <Placemark>

        <Style>
            <LineStyle>
                <width>0</width>
            </LineStyle>

            <PolyStyle>
                <color>b3ff4400</color>
                <outline>0</outline>
            </PolyStyle>
        </Style>

        <Polygon>
            <tessellate>1</tessellate>

            <outerBoundaryIs>
                <LinearRing>
                    <coordinates>

                        81.47847033016346,10.372351229627256,0
                        81.50775165273504,10.481947031779725,0
                        82.18391501393162,10.300830745998049,0
                        82.15486300316987,10.192093214817188,0
                        81.47847033016346,10.372351229627256,0

                    </coordinates>
                </LinearRing>
            </outerBoundaryIs>

        </Polygon>

    </Placemark>
    
    <Placemark>

        <Style>
            <LineStyle>
                <width>0</width>
            </LineStyle>

            <PolyStyle>
                <color>b3ff4600</color>
                <outline>0</outline>
            </PolyStyle>
        </Style>

        <Polygon>
            <tessellate>1</tessellate>

            <outerBoundaryIs>
                <LinearRing>
                    <coordinates>

                        81.50775165273504,10.481947031779725,0
                        81.53703462454531,10.590991235807504,0
                        82.21296537545469,10.409008764192496,0
                        82.18391501393162,10.300830745998049,0
                        81.50775165273504,10.481947031779725,0

                    </coordinates>
                </LinearRing>
            </outerBoundaryIs>

        </Polygon>

    </Placemark>
    
    <Placemark>

        <Style>
            <LineStyle>
                <width>0</width>
            </LineStyle>

            <PolyStyle>
                <color>b3ff4800</color>
                <outline>0</outline>
            </PolyStyle>
        </Style>

        <Polygon>
            <tessellate>1</tessellate>

            <outerBoundaryIs>
                <LinearRing>
                    <coordinates>

                        81.53703462454531,10.590991235807504,0
                        81.56631927679356,10.699483894465976,0
                        82.2420140565398,10.516627216645139,0
                        82.21296537545469,10.409008764192496,0
                        81.53703462454531,10.590991235807504,0

                    </coordinates>
                </LinearRing>
            </outerBoundaryIs>

        </Polygon>

    </Placemark>
    
    <Placemark>

        <Style>
            <LineStyle>
                <width>0</width>
            </LineStyle>

            <PolyStyle>
                <color>b3ff4b00</color>
                <outline>0</outline>
            </PolyStyle>
        </Style>

        <Polygon>
            <tessellate>1</tessellate>

            <outerBoundaryIs>
                <LinearRing>
                    <coordinates>

                        81.56631927679356,10.699483894465976,0
                        81.59560564140574,10.807425061406313,0
                        82.27106102526093,10.623686049704798,0
                        82.2420140565398,10.516627216645139,0
                        81.56631927679356,10.699483894465976,0

                    </coordinates>
                </LinearRing>
            </outerBoundaryIs>

        </Polygon>

    </Placemark>
    
    <Placemark>

        <Style>
            <LineStyle>
                <width>0</width>
            </LineStyle>

            <PolyStyle>
                <color>b3ff4d00</color>
                <outline>0</outline>
            </PolyStyle>
        </Style>

        <Polygon>
            <tessellate>1</tessellate>

            <outerBoundaryIs>
                <LinearRing>
                    <coordinates>

                        81.59560564140574,10.807425061406313,0
                        81.62489375105466,10.914814791193251,0
                        82.30010624894535,10.730185208806748,0
                        82.27106102526093,10.623686049704798,0
                        81.59560564140574,10.807425061406313,0

                    </coordinates>
                </LinearRing>
            </outerBoundaryIs>

        </Polygon>

    </Placemark>
    
    <Placemark>

        <Style>
            <LineStyle>
                <width>0</width>
            </LineStyle>

            <PolyStyle>
                <color>b3ff5000</color>
                <outline>0</outline>
            </PolyStyle>
        </Style>

        <Polygon>
            <tessellate>1</tessellate>

            <outerBoundaryIs>
                <LinearRing>
                    <coordinates>

                        81.62489375105466,10.914814791193251,0
                        81.65418363918033,11.021653139323307,0
                        82.32914969415299,10.83612463845447,0
                        82.30010624894535,10.730185208806748,0
                        81.62489375105466,10.914814791193251,0

                    </coordinates>
                </LinearRing>
            </outerBoundaryIs>

        </Polygon>

    </Placemark>
    
    <Placemark>

        <Style>
            <LineStyle>
                <width>0</width>
            </LineStyle>

            <PolyStyle>
                <color>b3ff5200</color>
                <outline>0</outline>
            </PolyStyle>
        </Style>

        <Polygon>
            <tessellate>1</tessellate>

            <outerBoundaryIs>
                <LinearRing>
                    <coordinates>

                        81.65418363918033,11.021653139323307,0
                        81.68347534001141,11.127940162243513,0
                        82.35819132665524,10.94150428220093,0
                        82.32914969415299,10.83612463845447,0
                        81.65418363918033,11.021653139323307,0

                    </coordinates>
                </LinearRing>
            </outerBoundaryIs>

        </Polygon>

    </Placemark>
    
    <Placemark>

        <Style>
            <LineStyle>
                <width>0</width>
            </LineStyle>

            <PolyStyle>
                <color>b3ff5500</color>
                <outline>0</outline>
            </PolyStyle>
        </Style>

        <Polygon>
            <tessellate>1</tessellate>

            <outerBoundaryIs>
                <LinearRing>
                    <coordinates>

                        81.68347534001141,11.127940162243513,0
                        81.71276888858704,11.233675917370375,0
                        82.38723111141296,11.046324082629623,0
                        82.35819132665524,10.94150428220093,0
                        81.68347534001141,11.127940162243513,0

                    </coordinates>
                </LinearRing>
            </outerBoundaryIs>

        </Polygon>

    </Placemark>
    
    <Placemark>

        <Style>
            <LineStyle>
                <width>0</width>
            </LineStyle>

            <PolyStyle>
                <color>b3ff5700</color>
                <outline>0</outline>
            </PolyStyle>
        </Style>

        <Polygon>
            <tessellate>1</tessellate>

            <outerBoundaryIs>
                <LinearRing>
                    <coordinates>

                        81.71276888858704,11.233675917370375,0
                        81.74206432077946,11.33886046310946,0
                        82.41626901255387,11.150583981334984,0
                        82.38723111141296,11.046324082629623,0
                        81.71276888858704,11.233675917370375,0

                    </coordinates>
                </LinearRing>
            </outerBoundaryIs>

        </Polygon>

    </Placemark>
    
    <Placemark>

        <Style>
            <LineStyle>
                <width>0</width>
            </LineStyle>

            <PolyStyle>
                <color>b3ff5900</color>
                <outline>0</outline>
            </PolyStyle>
        </Style>

        <Polygon>
            <tessellate>1</tessellate>

            <outerBoundaryIs>
                <LinearRing>
                    <coordinates>

                        81.74206432077946,11.33886046310946,0
                        81.77136167331741,11.443493858875227,0
                        82.44530499334925,11.25428391890255,0
                        82.41626901255387,11.150583981334984,0
                        81.74206432077946,11.33886046310946,0

                    </coordinates>
                </LinearRing>
            </outerBoundaryIs>

        </Polygon>

    </Placemark>
    
    <Placemark>

        <Style>
            <LineStyle>
                <width>0</width>
            </LineStyle>

            <PolyStyle>
                <color>b3ff5c00</color>
                <outline>0</outline>
            </PolyStyle>
        </Style>

        <Polygon>
            <tessellate>1</tessellate>

            <outerBoundaryIs>
                <LinearRing>
                    <coordinates>

                        81.77136167331741,11.443493858875227,0
                        81.80066098381019,11.547576165111265,0
                        82.47433901618984,11.357423834888737,0
                        82.44530499334925,11.25428391890255,0
                        81.77136167331741,11.443493858875227,0

                    </coordinates>
                </LinearRing>
            </outerBoundaryIs>

        </Polygon>

    </Placemark>
    
    <Placemark>

        <Style>
            <LineStyle>
                <width>0</width>
            </LineStyle>

            <PolyStyle>
                <color>b3ff5e00</color>
                <outline>0</outline>
            </PolyStyle>
        </Style>

        <Polygon>
            <tessellate>1</tessellate>

            <outerBoundaryIs>
                <LinearRing>
                    <coordinates>

                        81.80066098381019,11.547576165111265,0
                        81.82996229077243,11.651107443311219,0
                        82.50337104256091,11.460003667799896,0
                        82.47433901618984,11.357423834888737,0
                        81.80066098381019,11.547576165111265,0

                    </coordinates>
                </LinearRing>
            </outerBoundaryIs>

        </Polygon>

    </Placemark>
    
    <Placemark>

        <Style>
            <LineStyle>
                <width>0</width>
            </LineStyle>

            <PolyStyle>
                <color>b3ff6100</color>
                <outline>0</outline>
            </PolyStyle>
        </Style>

        <Polygon>
            <tessellate>1</tessellate>

            <outerBoundaryIs>
                <LinearRing>
                    <coordinates>

                        81.82996229077243,11.651107443311219,0
                        81.85926563365001,11.75408775603998,0
                        82.53240103301664,11.562023355071133,0
                        82.50337104256091,11.460003667799896,0
                        81.82996229077243,11.651107443311219,0

                    </coordinates>
                </LinearRing>
            </outerBoundaryIs>

        </Polygon>

    </Placemark>
    
    <Placemark>

        <Style>
            <LineStyle>
                <width>0</width>
            </LineStyle>

            <PolyStyle>
                <color>b3ff6300</color>
                <outline>0</outline>
            </PolyStyle>
        </Style>

        <Polygon>
            <tessellate>1</tessellate>

            <outerBoundaryIs>
                <LinearRing>
                    <coordinates>

                        81.85926563365001,11.75408775603998,0
                        81.88857105284627,11.856517166955124,0
                        82.56142894715371,11.663482833044876,0
                        82.53240103301664,11.562023355071133,0
                        81.85926563365001,11.75408775603998,0

                    </coordinates>
                </LinearRing>
            </outerBoundaryIs>

        </Polygon>

    </Placemark>
    
    <Placemark>

        <Style>
            <LineStyle>
                <width>0</width>
            </LineStyle>

            <PolyStyle>
                <color>b3ff6600</color>
                <outline>0</outline>
            </PolyStyle>
        </Style>

        <Polygon>
            <tessellate>1</tessellate>

            <outerBoundaryIs>
                <LinearRing>
                    <coordinates>

                        81.88857105284627,11.856517166955124,0
                        81.91787858974953,11.958395740829316,0
                        82.59045474358376,11.764382036948463,0
                        82.56142894715371,11.663482833044876,0
                        81.88857105284627,11.856517166955124,0

                    </coordinates>
                </LinearRing>
            </outerBoundaryIs>

        </Polygon>

    </Placemark>
    
    <Placemark>

        <Style>
            <LineStyle>
                <width>0</width>
            </LineStyle>

            <PolyStyle>
                <color>b3ff6800</color>
                <outline>0</outline>
            </PolyStyle>
        </Style>

        <Polygon>
            <tessellate>1</tessellate>

            <outerBoundaryIs>
                <LinearRing>
                    <coordinates>

                        81.91787858974953,11.958395740829316,0
                        81.94718828676133,12.059723543572831,0
                        82.6194783799053,11.864720900871612,0
                        82.59045474358376,11.764382036948463,0
                        81.91787858974953,11.958395740829316,0

                    </coordinates>
                </LinearRing>
            </outerBoundaryIs>

        </Polygon>

    </Placemark>
    
    <Placemark>

        <Style>
            <LineStyle>
                <width>0</width>
            </LineStyle>

            <PolyStyle>
                <color>b3ff6a00</color>
                <outline>0</outline>
            </PolyStyle>
        </Style>

        <Polygon>
            <tessellate>1</tessellate>

            <outerBoundaryIs>
                <LinearRing>
                    <coordinates>

                        81.94718828676133,12.059723543572831,0
                        81.97650018732548,12.16050064225652,0
                        82.64849981267452,11.96449935774348,0
                        82.6194783799053,11.864720900871612,0
                        81.94718828676133,12.059723543572831,0

                    </coordinates>
                </LinearRing>
            </outerBoundaryIs>

        </Polygon>

    </Placemark>
    
    <Placemark>

        <Style>
            <LineStyle>
                <width>0</width>
            </LineStyle>

            <PolyStyle>
                <color>b3ff6d00</color>
                <outline>0</outline>
            </PolyStyle>
        </Style>

        <Polygon>
            <tessellate>1</tessellate>

            <outerBoundaryIs>
                <LinearRing>
                    <coordinates>

                        81.97650018732548,12.16050064225652,0
                        82.00581433595832,12.26072710513553,0
                        82.67751899737505,12.063717339308916,0
                        82.64849981267452,11.96449935774348,0
                        81.97650018732548,12.16050064225652,0

                    </coordinates>
                </LinearRing>
            </outerBoundaryIs>

        </Polygon>

    </Placemark>
    
    <Placemark>

        <Style>
            <LineStyle>
                <width>0</width>
            </LineStyle>

            <PolyStyle>
                <color>b3ff6f00</color>
                <outline>0</outline>
            </PolyStyle>
        </Style>

        <Polygon>
            <tessellate>1</tessellate>

            <outerBoundaryIs>
                <LinearRing>
                    <coordinates>

                        82.00581433595832,12.26072710513553,0
                        82.0351307782798,12.36040300167349,0
                        82.70653588838688,12.162374776104294,0
                        82.67751899737505,12.063717339308916,0
                        82.00581433595832,12.26072710513553,0

                    </coordinates>
                </LinearRing>
            </outerBoundaryIs>

        </Polygon>

    </Placemark>
    
    <Placemark>

        <Style>
            <LineStyle>
                <width>0</width>
            </LineStyle>

            <PolyStyle>
                <color>b3ff7200</color>
                <outline>0</outline>
            </PolyStyle>
        </Style>

        <Polygon>
            <tessellate>1</tessellate>

            <outerBoundaryIs>
                <LinearRing>
                    <coordinates>

                        82.0351307782798,12.36040300167349,0
                        82.06444956104562,12.459528402566923,0
                        82.73555043895439,12.26047159743308,0
                        82.70653588838688,12.162374776104294,0
                        82.0351307782798,12.36040300167349,0

                    </coordinates>
                </LinearRing>
            </outerBoundaryIs>

        </Polygon>

    </Placemark>
    
    <Placemark>

        <Style>
            <LineStyle>
                <width>0</width>
            </LineStyle>

            <PolyStyle>
                <color>b3ff7400</color>
                <outline>0</outline>
            </PolyStyle>
        </Style>

        <Polygon>
            <tessellate>1</tessellate>

            <outerBoundaryIs>
                <LinearRing>
                    <coordinates>

                        82.06444956104562,12.459528402566923,0
                        82.09377073218043,12.558103379770296,0
                        82.76456260115292,12.358007731340814,0
                        82.73555043895439,12.26047159743308,0
                        82.06444956104562,12.459528402566923,0

                    </coordinates>
                </LinearRing>
            </outerBoundaryIs>

        </Polygon>

    </Placemark>
    
    <Placemark>

        <Style>
            <LineStyle>
                <width>0</width>
            </LineStyle>

            <PolyStyle>
                <color>b3ff7700</color>
                <outline>0</outline>
            </PolyStyle>
        </Style>

        <Polygon>
            <tessellate>1</tessellate>

            <outerBoundaryIs>
                <LinearRing>
                    <coordinates>

                        82.09377073218043,12.558103379770296,0
                        82.12309434081216,12.656128006522032,0
                        82.79357232585447,12.454983104589076,0
                        82.76456260115292,12.358007731340814,0
                        82.09377073218043,12.558103379770296,0

                    </coordinates>
                </LinearRing>
            </outerBoundaryIs>

        </Polygon>

    </Placemark>
    
    <Placemark>

        <Style>
            <LineStyle>
                <width>0</width>
            </LineStyle>

            <PolyStyle>
                <color>b3ff7900</color>
                <outline>0</outline>
            </PolyStyle>
        </Style>

        <Polygon>
            <tessellate>1</tessellate>

            <outerBoundaryIs>
                <LinearRing>
                    <coordinates>

                        82.12309434081216,12.656128006522032,0
                        82.15242043730755,12.753602357370388,0
                        82.82257956269241,12.551397642629611,0
                        82.79357232585447,12.454983104589076,0
                        82.12309434081216,12.656128006522032,0

                    </coordinates>
                </LinearRing>
            </outerBoundaryIs>

        </Polygon>

    </Placemark>
    
    <Placemark>

        <Style>
            <LineStyle>
                <width>0</width>
            </LineStyle>

            <PolyStyle>
                <color>b3ff7b00</color>
                <outline>0</outline>
            </PolyStyle>
        </Style>

        <Polygon>
            <tessellate>1</tessellate>

            <outerBoundaryIs>
                <LinearRing>
                    <coordinates>

                        82.15242043730755,12.753602357370388,0
                        82.18174907330862,12.850526508200115,0
                        82.85158426002471,12.647251269577666,0
                        82.82257956269241,12.551397642629611,0
                        82.15242043730755,12.753602357370388,0

                    </coordinates>
                </LinearRing>
            </outerBoundaryIs>

        </Polygon>

    </Placemark>
    
    <Placemark>

        <Style>
            <LineStyle>
                <width>0</width>
            </LineStyle>

            <PolyStyle>
                <color>b3ff7e00</color>
                <outline>0</outline>
            </PolyStyle>
        </Style>

        <Polygon>
            <tessellate>1</tessellate>

            <outerBoundaryIs>
                <LinearRing>
                    <coordinates>

                        82.18174907330862,12.850526508200115,0
                        82.21108030177069,12.946900536260083,0
                        82.88058636489598,12.742543908184361,0
                        82.85158426002471,12.647251269577666,0
                        82.18174907330862,12.850526508200115,0

                    </coordinates>
                </LinearRing>
            </outerBoundaryIs>

        </Polygon>

    </Placemark>
    
    <Placemark>

        <Style>
            <LineStyle>
                <width>0</width>
            </LineStyle>

            <PolyStyle>
                <color>b3ff8000</color>
                <outline>0</outline>
            </PolyStyle>
        </Style>

        <Polygon>
            <tessellate>1</tessellate>

            <outerBoundaryIs>
                <LinearRing>
                    <coordinates>

                        82.21108030177069,12.946900536260083,0
                        82.24041417700158,13.04272452019099,0
                        82.90958582299842,12.837275479809012,0
                        82.88058636489598,12.742543908184361,0
                        82.21108030177069,12.946900536260083,0

                    </coordinates>
                </LinearRing>
            </outerBoundaryIs>

        </Polygon>

    </Placemark>
    
    <Placemark>

        <Style>
            <LineStyle>
                <width>0</width>
            </LineStyle>

            <PolyStyle>
                <color>b3ff8300</color>
                <outline>0</outline>
            </PolyStyle>
        </Style>

        <Polygon>
            <tessellate>1</tessellate>

            <outerBoundaryIs>
                <LinearRing>
                    <coordinates>

                        82.24041417700158,13.04272452019099,0
                        82.26975075470199,13.137998540053701,0
                        82.93858257863135,12.931445904390745,0
                        82.90958582299842,12.837275479809012,0
                        82.24041417700158,13.04272452019099,0

                    </coordinates>
                </LinearRing>
            </outerBoundaryIs>

        </Polygon>

    </Placemark>
    
    <Placemark>

        <Style>
            <LineStyle>
                <width>0</width>
            </LineStyle>

            <PolyStyle>
                <color>b3ff8500</color>
                <outline>0</outline>
            </PolyStyle>
        </Style>

        <Polygon>
            <tessellate>1</tessellate>

            <outerBoundaryIs>
                <LinearRing>
                    <coordinates>

                        82.26975075470199,13.137998540053701,0
                        82.29909009200739,13.232722677358339,0
                        82.96757657465929,13.025055100419436,0
                        82.93858257863135,12.931445904390745,0
                        82.26975075470199,13.137998540053701,0

                    </coordinates>
                </LinearRing>
            </outerBoundaryIs>

        </Polygon>

    </Placemark>
    
    <Placemark>

        <Style>
            <LineStyle>
                <width>0</width>
            </LineStyle>

            <PolyStyle>
                <color>b3ff8800</color>
                <outline>0</outline>
            </PolyStyle>
        </Style>

        <Polygon>
            <tessellate>1</tessellate>

            <outerBoundaryIs>
                <LinearRing>
                    <coordinates>

                        82.29909009200739,13.232722677358339,0
                        82.32843224753132,13.32689701509397,0
                        82.99656775246866,13.11810298490603,0
                        82.96757657465929,13.025055100419436,0
                        82.29909009200739,13.232722677358339,0

                    </coordinates>
                </LinearRing>
            </outerBoundaryIs>

        </Polygon>

    </Placemark>
    
    <Placemark>

        <Style>
            <LineStyle>
                <width>0</width>
            </LineStyle>

            <PolyStyle>
                <color>b3ff8a00</color>
                <outline>0</outline>
            </PolyStyle>
        </Style>

        <Polygon>
            <tessellate>1</tessellate>

            <outerBoundaryIs>
                <LinearRing>
                    <coordinates>

                        82.32843224753132,13.32689701509397,0
                        82.35777728141022,13.420521637758679,0
                        83.0255560519231,13.210589473352432,0
                        82.99656775246866,13.11810298490603,0
                        82.32843224753132,13.32689701509397,0

                    </coordinates>
                </LinearRing>
            </outerBoundaryIs>

        </Polygon>

    </Placemark>
    
    <Placemark>

        <Style>
            <LineStyle>
                <width>0</width>
            </LineStyle>

            <PolyStyle>
                <color>b3ff8c00</color>
                <outline>0</outline>
            </PolyStyle>
        </Style>

        <Polygon>
            <tessellate>1</tessellate>

            <outerBoundaryIs>
                <LinearRing>
                    <coordinates>

                        82.35777728141022,13.420521637758679,0
                        82.38712525534956,13.513596631390383,0
                        83.0545414113171,13.302514479720722,0
                        83.0255560519231,13.210589473352432,0
                        82.35777728141022,13.420521637758679,0

                    </coordinates>
                </LinearRing>
            </outerBoundaryIs>

        </Polygon>

    </Placemark>
    
    <Placemark>

        <Style>
            <LineStyle>
                <width>0</width>
            </LineStyle>

            <PolyStyle>
                <color>b3ff8f00</color>
                <outline>0</outline>
            </PolyStyle>
        </Style>

        <Polygon>
            <tessellate>1</tessellate>

            <outerBoundaryIs>
                <LinearRing>
                    <coordinates>

                        82.38712525534956,13.513596631390383,0
                        82.4164762326719,13.606122083598397,0
                        83.0835237673281,13.393877916401603,0
                        83.0545414113171,13.302514479720722,0
                        82.38712525534956,13.513596631390383,0

                    </coordinates>
                </LinearRing>
            </outerBoundaryIs>

        </Polygon>

    </Placemark>
    
    <Placemark>

        <Style>
            <LineStyle>
                <width>0</width>
            </LineStyle>

            <PolyStyle>
                <color>b3ff9100</color>
                <outline>0</outline>
            </PolyStyle>
        </Style>

        <Polygon>
            <tessellate>1</tessellate>

            <outerBoundaryIs>
                <LinearRing>
                    <coordinates>

                        82.4164762326719,13.606122083598397,0
                        82.44583027836634,13.69809808359534,0
                        83.112503054967,13.484679694182436,0
                        83.0835237673281,13.393877916401603,0
                        82.4164762326719,13.606122083598397,0

                    </coordinates>
                </LinearRing>
            </outerBoundaryIs>

        </Polygon>

    </Placemark>
    
    <Placemark>

        <Style>
            <LineStyle>
                <width>0</width>
            </LineStyle>

            <PolyStyle>
                <color>b3ff9400</color>
                <outline>0</outline>
            </PolyStyle>
        </Style>

        <Polygon>
            <tessellate>1</tessellate>

            <outerBoundaryIs>
                <LinearRing>
                    <coordinates>

                        82.44583027836634,13.69809808359534,0
                        82.47518745913989,13.789524722229848,0
                        83.14147920752679,13.574919722214597,0
                        83.112503054967,13.484679694182436,0
                        82.44583027836634,13.69809808359534,0

                    </coordinates>
                </LinearRing>
            </outerBoundaryIs>

        </Polygon>

    </Placemark>
    
    <Placemark>

        <Style>
            <LineStyle>
                <width>0</width>
            </LineStyle>

            <PolyStyle>
                <color>b3ff9600</color>
                <outline>0</outline>
            </PolyStyle>
        </Style>

        <Polygon>
            <tessellate>1</tessellate>

            <outerBoundaryIs>
                <LinearRing>
                    <coordinates>

                        82.47518745913989,13.789524722229848,0
                        82.50454784347039,13.88040209201997,0
                        83.17045215652959,13.664597907980028,0
                        83.14147920752679,13.574919722214597,0
                        82.47518745913989,13.789524722229848,0

                    </coordinates>
                </LinearRing>
            </outerBoundaryIs>

        </Polygon>

    </Placemark>
    
    <Placemark>

        <Style>
            <LineStyle>
                <width>0</width>
            </LineStyle>

            <PolyStyle>
                <color>b3ff9900</color>
                <outline>0</outline>
            </PolyStyle>
        </Style>

        <Polygon>
            <tessellate>1</tessellate>

            <outerBoundaryIs>
                <LinearRing>
                    <coordinates>

                        82.50454784347039,13.88040209201997,0
                        82.53391150166149,13.970730287186898,0
                        83.19942183167186,13.753714157257546,0
                        83.17045215652959,13.664597907980028,0
                        82.50454784347039,13.88040209201997,0

                    </coordinates>
                </LinearRing>
            </outerBoundaryIs>

        </Polygon>

    </Placemark>
    
    <Placemark>

        <Style>
            <LineStyle>
                <width>0</width>
            </LineStyle>

            <PolyStyle>
                <color>b3ff9b00</color>
                <outline>0</outline>
            </PolyStyle>
        </Style>

        <Polygon>
            <tessellate>1</tessellate>

            <outerBoundaryIs>
                <LinearRing>
                    <coordinates>

                        82.53391150166149,13.970730287186898,0
                        82.56327850589942,14.06050940368974,0
                        83.22838816076724,13.84226837408804,0
                        83.19942183167186,13.753714157257546,0
                        82.53391150166149,13.970730287186898,0

                    </coordinates>
                </LinearRing>
            </outerBoundaryIs>

        </Polygon>

    </Placemark>
    
    <Placemark>

        <Style>
            <LineStyle>
                <width>0</width>
            </LineStyle>

            <PolyStyle>
                <color>b3ff9d00</color>
                <outline>0</outline>
            </PolyStyle>
        </Style>

        <Polygon>
            <tessellate>1</tessellate>

            <outerBoundaryIs>
                <LinearRing>
                    <coordinates>

                        82.56327850589942,14.06050940368974,0
                        82.59264893031188,14.149739539260768,0
                        83.25735106968811,13.930260460739238,0
                        83.22838816076724,13.84226837408804,0
                        82.56327850589942,14.06050940368974,0

                    </coordinates>
                </LinearRing>
            </outerBoundaryIs>

        </Polygon>

    </Placemark>
    
    <Placemark>

        <Style>
            <LineStyle>
                <width>0</width>
            </LineStyle>

            <PolyStyle>
                <color>b3ffa000</color>
                <outline>0</outline>
            </PolyStyle>
        </Style>

        <Polygon>
            <tessellate>1</tessellate>

            <outerBoundaryIs>
                <LinearRing>
                    <coordinates>

                        82.59264893031188,14.149739539260768,0
                        82.62202285102882,14.238420793441074,0
                        83.28631048230451,14.017690317670036,0
                        83.25735106968811,13.930260460739238,0
                        82.59264893031188,14.149739539260768,0

                    </coordinates>
                </LinearRing>
            </outerBoundaryIs>

        </Polygon>

    </Placemark>
    
    <Placemark>

        <Style>
            <LineStyle>
                <width>0</width>
            </LineStyle>

            <PolyStyle>
                <color>b3ffa200</color>
                <outline>0</outline>
            </PolyStyle>
        </Style>

        <Polygon>
            <tessellate>1</tessellate>

            <outerBoundaryIs>
                <LinearRing>
                    <coordinates>

                        82.62202285102882,14.238420793441074,0
                        82.65140034624551,14.32655326761736,0
                        83.31526632042116,14.104557843493751,0
                        83.28631048230451,14.017690317670036,0
                        82.62202285102882,14.238420793441074,0

                    </coordinates>
                </LinearRing>
            </outerBoundaryIs>

        </Polygon>

    </Placemark>
    
    <Placemark>

        <Style>
            <LineStyle>
                <width>0</width>
            </LineStyle>

            <PolyStyle>
                <color>b3ffa500</color>
                <outline>0</outline>
            </PolyStyle>
        </Style>

        <Polygon>
            <tessellate>1</tessellate>

            <outerBoundaryIs>
                <LinearRing>
                    <coordinates>

                        82.65140034624551,14.32655326761736,0
                        82.68078149628788,14.414137065058986,0
                        83.34421850371213,14.190862934941011,0
                        83.31526632042116,14.104557843493751,0
                        82.65140034624551,14.32655326761736,0

                    </coordinates>
                </LinearRing>
            </outerBoundaryIs>

        </Polygon>

    </Placemark>
    
    <Placemark>

        <Style>
            <LineStyle>
                <width>0</width>
            </LineStyle>

            <PolyStyle>
                <color>b3ffa700</color>
                <outline>0</outline>
            </PolyStyle>
        </Style>

        <Polygon>
            <tessellate>1</tessellate>

            <outerBoundaryIs>
                <LinearRing>
                    <coordinates>

                        82.68078149628788,14.414137065058986,0
                        82.71016638367995,14.501172290955829,0
                        83.3731669496534,14.27660548682195,0
                        83.34421850371213,14.190862934941011,0
                        82.68078149628788,14.414137065058986,0

                    </coordinates>
                </LinearRing>
            </outerBoundaryIs>

        </Polygon>

    </Placemark>
    
    <Placemark>

        <Style>
            <LineStyle>
                <width>0</width>
            </LineStyle>

            <PolyStyle>
                <color>b3ffaa00</color>
                <outline>0</outline>
            </PolyStyle>
        </Style>

        <Polygon>
            <tessellate>1</tessellate>

            <outerBoundaryIs>
                <LinearRing>
                    <coordinates>

                        82.71016638367995,14.501172290955829,0
                        82.73955509321401,14.587659052456857,0
                        83.40211157345264,14.361785391987585,0
                        83.3731669496534,14.27660548682195,0
                        82.71016638367995,14.501172290955829,0

                    </coordinates>
                </LinearRing>
            </outerBoundaryIs>

        </Polygon>

    </Placemark>
    
    <Placemark>

        <Style>
            <LineStyle>
                <width>0</width>
            </LineStyle>

            <PolyStyle>
                <color>b3ffac00</color>
                <outline>0</outline>
            </PolyStyle>
        </Style>

        <Polygon>
            <tessellate>1</tessellate>

            <outerBoundaryIs>
                <LinearRing>
                    <coordinates>

                        82.73955509321401,14.587659052456857,0
                        82.76894771202298,14.673597458709162,0
                        83.43105228797701,14.446402541290835,0
                        83.40211157345264,14.361785391987585,0
                        82.73955509321401,14.587659052456857,0

                    </coordinates>
                </LinearRing>
            </outerBoundaryIs>

        </Polygon>

    </Placemark>
    
    <Placemark>

        <Style>
            <LineStyle>
                <width>0</width>
            </LineStyle>

            <PolyStyle>
                <color>b3ffae00</color>
                <outline>0</outline>
            </PolyStyle>
        </Style>

        <Polygon>
            <tessellate>1</tessellate>

            <outerBoundaryIs>
                <LinearRing>
                    <coordinates>

                        82.76894771202298,14.673597458709162,0
                        82.7983443296555,14.758987620897761,0
                        83.45998900367782,14.530456823546684,0
                        83.43105228797701,14.446402541290835,0
                        82.76894771202298,14.673597458709162,0

                    </coordinates>
                </LinearRing>
            </outerBoundaryIs>

        </Polygon>

    </Placemark>
    
    <Placemark>

        <Style>
            <LineStyle>
                <width>0</width>
            </LineStyle>

            <PolyStyle>
                <color>b3ffb100</color>
                <outline>0</outline>
            </PolyStyle>
        </Style>

        <Polygon>
            <tessellate>1</tessellate>

            <outerBoundaryIs>
                <LinearRing>
                    <coordinates>

                        82.7983443296555,14.758987620897761,0
                        82.82774503815388,14.843829652286132,0
                        83.48892162851278,14.613948125491646,0
                        83.45998900367782,14.530456823546684,0
                        82.7983443296555,14.758987620897761,0

                    </coordinates>
                </LinearRing>
            </outerBoundaryIs>

        </Polygon>

    </Placemark>
    
    <Placemark>

        <Style>
            <LineStyle>
                <width>0</width>
            </LineStyle>

            <PolyStyle>
                <color>b3ffb300</color>
                <outline>0</outline>
            </PolyStyle>
        </Style>

        <Polygon>
            <tessellate>1</tessellate>

            <outerBoundaryIs>
                <LinearRing>
                    <coordinates>

                        82.82774503815388,14.843829652286132,0
                        82.85714993213449,14.9281236682572,0
                        83.51785006786551,14.6968763317428,0
                        83.48892162851278,14.613948125491646,0
                        82.82774503815388,14.843829652286132,0

                    </coordinates>
                </LinearRing>
            </outerBoundaryIs>

        </Polygon>

    </Placemark>
    
    <Placemark>

        <Style>
            <LineStyle>
                <width>0</width>
            </LineStyle>

            <PolyStyle>
                <color>b3ffb600</color>
                <outline>0</outline>
            </PolyStyle>
        </Style>

        <Polygon>
            <tessellate>1</tessellate>

            <outerBoundaryIs>
                <LinearRing>
                    <coordinates>

                        82.85714993213449,14.9281236682572,0
                        82.88655910887145,15.011869786355062,0
                        83.54677422446188,14.779241324756052,0
                        83.51785006786551,14.6968763317428,0
                        82.85714993213449,14.9281236682572,0

                    </coordinates>
                </LinearRing>
            </outerBoundaryIs>

        </Polygon>

    </Placemark>
    
    <Placemark>

        <Style>
            <LineStyle>
                <width>0</width>
            </LineStyle>

            <PolyStyle>
                <color>b3ffb800</color>
                <outline>0</outline>
            </PolyStyle>
        </Style>

        <Polygon>
            <tessellate>1</tessellate>

            <outerBoundaryIs>
                <LinearRing>
                    <coordinates>

                        82.88655910887145,15.011869786355062,0
                        82.91597266838313,15.095068126327279,0
                        83.57569399828354,14.861042984783834,0
                        83.54677422446188,14.779241324756052,0
                        82.88655910887145,15.011869786355062,0

                    </coordinates>
                </LinearRing>
            </outerBoundaryIs>

        </Polygon>

    </Placemark>
    
    <Placemark>

        <Style>
            <LineStyle>
                <width>0</width>
            </LineStyle>

            <PolyStyle>
                <color>b3ffbb00</color>
                <outline>0</outline>
            </PolyStyle>
        </Style>

        <Polygon>
            <tessellate>1</tessellate>

            <outerBoundaryIs>
                <LinearRing>
                    <coordinates>

                        82.91597266838313,15.095068126327279,0
                        82.94539071352179,15.177718810167782,0
                        83.60460928647822,14.942281189832215,0
                        83.57569399828354,14.861042984783834,0
                        82.91597266838313,15.095068126327279,0

                    </coordinates>
                </LinearRing>
            </outerBoundaryIs>

        </Polygon>

    </Placemark>
    
    <Placemark>

        <Style>
            <LineStyle>
                <width>0</width>
            </LineStyle>

            <PolyStyle>
                <color>b3ffbd00</color>
                <outline>0</outline>
            </PolyStyle>
        </Style>

        <Polygon>
            <tessellate>1</tessellate>

            <outerBoundaryIs>
                <LinearRing>
                    <coordinates>

                        82.94539071352179,15.177718810167782,0
                        82.97481335006661,15.259821962160473,0
                        83.63351998326671,15.022955815617301,0
                        83.60460928647822,14.942281189832215,0
                        82.94539071352179,15.177718810167782,0

                    </coordinates>
                </LinearRing>
            </outerBoundaryIs>

        </Polygon>

    </Placemark>
    
    <Placemark>

        <Style>
            <LineStyle>
                <width>0</width>
            </LineStyle>

            <PolyStyle>
                <color>b3ffbf00</color>
                <outline>0</outline>
            </PolyStyle>
        </Style>

        <Polygon>
            <tessellate>1</tessellate>

            <outerBoundaryIs>
                <LinearRing>
                    <coordinates>

                        82.97481335006661,15.259821962160473,0
                        83.00424068682014,15.341377708923188,0
                        83.66242597984652,15.103066735521255,0
                        83.63351998326671,15.022955815617301,0
                        82.97481335006661,15.259821962160473,0

                    </coordinates>
                </LinearRing>
            </outerBoundaryIs>

        </Polygon>

    </Placemark>
    
    <Placemark>

        <Style>
            <LineStyle>
                <width>0</width>
            </LineStyle>

            <PolyStyle>
                <color>b3ffc200</color>
                <outline>0</outline>
            </PolyStyle>
        </Style>

        <Polygon>
            <tessellate>1</tessellate>

            <outerBoundaryIs>
                <LinearRing>
                    <coordinates>

                        83.00424068682014,15.341377708923188,0
                        83.03367283570795,15.42238617945217,0
                        83.69132716429208,15.182613820547834,0
                        83.66242597984652,15.103066735521255,0
                        83.00424068682014,15.341377708923188,0

                    </coordinates>
                </LinearRing>
            </outerBoundaryIs>

        </Polygon>

    </Placemark>
    
    <Placemark>

        <Style>
            <LineStyle>
                <width>0</width>
            </LineStyle>

            <PolyStyle>
                <color>b3ffc400</color>
                <outline>0</outline>
            </PolyStyle>
        </Style>

        <Polygon>
            <tessellate>1</tessellate>

            <outerBoundaryIs>
                <LinearRing>
                    <coordinates>

                        83.03367283570795,15.42238617945217,0
                        83.06310991188245,15.502847505167669,0
                        83.72022342145085,15.261596939276775,0
                        83.69132716429208,15.182613820547834,0
                        83.03367283570795,15.42238617945217,0

                    </coordinates>
                </LinearRing>
            </outerBoundaryIs>

        </Polygon>

    </Placemark>
    
    <Placemark>

        <Style>
            <LineStyle>
                <width>0</width>
            </LineStyle>

            <PolyStyle>
                <color>b3ffc700</color>
                <outline>0</outline>
            </PolyStyle>
        </Style>

        <Polygon>
            <tessellate>1</tessellate>

            <outerBoundaryIs>
                <LinearRing>
                    <coordinates>

                        83.06310991188245,15.502847505167669,0
                        83.09255203383027,15.582761819959131,0
                        83.7491146328364,15.340015957818643,0
                        83.72022342145085,15.261596939276775,0
                        83.06310991188245,15.502847505167669,0

                    </coordinates>
                </LinearRing>
            </outerBoundaryIs>

        </Polygon>

    </Placemark>
    
    <Placemark>

        <Style>
            <LineStyle>
                <width>0</width>
            </LineStyle>

            <PolyStyle>
                <color>b3ffc900</color>
                <outline>0</outline>
            </PolyStyle>
        </Style>

        <Polygon>
            <tessellate>1</tessellate>

            <outerBoundaryIs>
                <LinearRing>
                    <coordinates>

                        83.09255203383027,15.582761819959131,0
                        83.12199932348344,15.662129260231444,0
                        83.77800067651654,15.417870739768555,0
                        83.7491146328364,15.340015957818643,0
                        83.09255203383027,15.582761819959131,0

                    </coordinates>
                </LinearRing>
            </outerBoundaryIs>

        </Polygon>

    </Placemark>
    
    <Placemark>

        <Style>
            <LineStyle>
                <width>0</width>
            </LineStyle>

            <PolyStyle>
                <color>b3ffcc00</color>
                <outline>0</outline>
            </PolyStyle>
        </Style>

        <Polygon>
            <tessellate>1</tessellate>

            <outerBoundaryIs>
                <LinearRing>
                    <coordinates>

                        83.12199932348344,15.662129260231444,0
                        83.15145190633505,15.740949964951541,0
                        83.80688142699829,15.495161146159566,0
                        83.77800067651654,15.417870739768555,0
                        83.12199932348344,15.662129260231444,0

                    </coordinates>
                </LinearRing>
            </outerBoundaryIs>

        </Polygon>

    </Placemark>
    
    <Placemark>

        <Style>
            <LineStyle>
                <width>0</width>
            </LineStyle>

            <PolyStyle>
                <color>b3ffce00</color>
                <outline>0</outline>
            </PolyStyle>
        </Style>

        <Polygon>
            <tessellate>1</tessellate>

            <outerBoundaryIs>
                <LinearRing>
                    <coordinates>

                        83.15145190633505,15.740949964951541,0
                        83.18090991155893,15.819224075695244,0
                        83.83575675510772,15.571887035415868,0
                        83.80688142699829,15.495161146159566,0
                        83.15145190633505,15.740949964951541,0

                    </coordinates>
                </LinearRing>
            </outerBoundaryIs>

        </Polygon>

    </Placemark>
    
    <Placemark>

        <Style>
            <LineStyle>
                <width>0</width>
            </LineStyle>

            <PolyStyle>
                <color>b3ffd000</color>
                <outline>0</outline>
            </PolyStyle>
        </Style>

        <Polygon>
            <tessellate>1</tessellate>

            <outerBoundaryIs>
                <LinearRing>
                    <coordinates>

                        83.18090991155893,15.819224075695244,0
                        83.21037347213397,15.896951736694641,0
                        83.86462652786602,15.64804826330536,0
                        83.83575675510772,15.571887035415868,0
                        83.18090991155893,15.819224075695244,0

                    </coordinates>
                </LinearRing>
            </outerBoundaryIs>

        </Polygon>

    </Placemark>
    
    <Placemark>

        <Style>
            <LineStyle>
                <width>0</width>
            </LineStyle>

            <PolyStyle>
                <color>b3ffd300</color>
                <outline>0</outline>
            </PolyStyle>
        </Style>

        <Polygon>
            <tessellate>1</tessellate>

            <outerBoundaryIs>
                <LinearRing>
                    <coordinates>

                        83.21037347213397,15.896951736694641,0
                        83.23984272497282,15.974133094885406,0
                        83.89349060836051,15.72364468289237,0
                        83.86462652786602,15.64804826330536,0
                        83.21037347213397,15.896951736694641,0

                    </coordinates>
                </LinearRing>
            </outerBoundaryIs>

        </Polygon>

    </Placemark>
    
    <Placemark>

        <Style>
            <LineStyle>
                <width>0</width>
            </LineStyle>

            <PolyStyle>
                <color>b3ffd500</color>
                <outline>0</outline>
            </PolyStyle>
        </Style>

        <Polygon>
            <tessellate>1</tessellate>

            <outerBoundaryIs>
                <LinearRing>
                    <coordinates>

                        83.23984272497282,15.974133094885406,0
                        83.26931781105573,16.05076829995487,0
                        83.92234885561093,15.798676144489573,0
                        83.89349060836051,15.72364468289237,0
                        83.23984272497282,15.974133094885406,0

                    </coordinates>
                </LinearRing>
            </outerBoundaryIs>

        </Polygon>

    </Placemark>
    
    <Placemark>

        <Style>
            <LineStyle>
                <width>0</width>
            </LineStyle>

            <PolyStyle>
                <color>b3ffd800</color>
                <outline>0</outline>
            </PolyStyle>
        </Style>

        <Polygon>
            <tessellate>1</tessellate>

            <outerBoundaryIs>
                <LinearRing>
                    <coordinates>

                        83.26931781105573,16.05076829995487,0
                        83.29879887556912,16.126857504389868,0
                        83.95120112443088,15.873142495610132,0
                        83.92234885561093,15.798676144489573,0
                        83.26931781105573,16.05076829995487,0

                    </coordinates>
                </LinearRing>
            </outerBoundaryIs>

        </Polygon>

    </Placemark>
    
    <Placemark>

        <Style>
            <LineStyle>
                <width>0</width>
            </LineStyle>

            <PolyStyle>
                <color>b3ffda00</color>
                <outline>0</outline>
            </PolyStyle>
        </Style>

        <Polygon>
            <tessellate>1</tessellate>

            <outerBoundaryIs>
                <LinearRing>
                    <coordinates>

                        83.29879887556912,16.126857504389868,0
                        83.32828606804945,16.202400863524833,0
                        83.98004726528389,15.947043580919608,0
                        83.95120112443088,15.873142495610132,0
                        83.29879887556912,16.126857504389868,0

                    </coordinates>
                </LinearRing>
            </outerBoundaryIs>

        </Polygon>

    </Placemark>
    
    <Placemark>

        <Style>
            <LineStyle>
                <width>0</width>
            </LineStyle>

            <PolyStyle>
                <color>b3ffdd00</color>
                <outline>0</outline>
            </PolyStyle>
        </Style>

        <Polygon>
            <tessellate>1</tessellate>

            <outerBoundaryIs>
                <LinearRing>
                    <coordinates>

                        83.32828606804945,16.202400863524833,0
                        83.35777954253255,16.277398535589974,0
                        84.00888712413412,16.020379242187808,0
                        83.98004726528389,15.947043580919608,0
                        83.32828606804945,16.202400863524833,0

                    </coordinates>
                </LinearRing>
            </outerBoundaryIs>

        </Polygon>

    </Placemark>
    
    <Placemark>

        <Style>
            <LineStyle>
                <width>0</width>
            </LineStyle>

            <PolyStyle>
                <color>b3ffdf00</color>
                <outline>0</outline>
            </PolyStyle>
        </Style>

        <Polygon>
            <tessellate>1</tessellate>

            <outerBoundaryIs>
                <LinearRing>
                    <coordinates>

                        83.35777954253255,16.277398535589974,0
                        83.38727945770846,16.351850681759288,0
                        84.03772054229155,16.093149318240712,0
                        84.00888712413412,16.020379242187808,0
                        83.35777954253255,16.277398535589974,0

                    </coordinates>
                </LinearRing>
            </outerBoundaryIs>

        </Polygon>

    </Placemark>
    
    <Placemark>

        <Style>
            <LineStyle>
                <width>0</width>
            </LineStyle>

            <PolyStyle>
                <color>b3ffe100</color>
                <outline>0</outline>
            </PolyStyle>
        </Style>

        <Polygon>
            <tessellate>1</tessellate>

            <outerBoundaryIs>
                <LinearRing>
                    <coordinates>

                        83.38727945770846,16.351850681759288,0
                        83.41678597708218,16.425757466198657,0
                        84.06654735625114,16.165353644912454,0
                        84.03772054229155,16.093149318240712,0
                        83.38727945770846,16.351850681759288,0

                    </coordinates>
                </LinearRing>
            </outerBoundaryIs>

        </Polygon>

    </Placemark>
    
    <Placemark>

        <Style>
            <LineStyle>
                <width>0</width>
            </LineStyle>

            <PolyStyle>
                <color>b3ffe400</color>
                <outline>0</outline>
            </PolyStyle>
        </Style>

        <Polygon>
            <tessellate>1</tessellate>

            <outerBoundaryIs>
                <LinearRing>
                    <coordinates>

                        83.41678597708218,16.425757466198657,0
                        83.44629926914047,16.49911905611333,0
                        84.09536739752622,16.236992054997778,0
                        84.06654735625114,16.165353644912454,0
                        83.41678597708218,16.425757466198657,0

                    </coordinates>
                </LinearRing>
            </outerBoundaryIs>

        </Polygon>

    </Placemark>
    
    <Placemark>

        <Style>
            <LineStyle>
                <width>0</width>
            </LineStyle>

            <PolyStyle>
                <color>b3ffe600</color>
                <outline>0</outline>
            </PolyStyle>
        </Style>

        <Polygon>
            <tessellate>1</tessellate>

            <outerBoundaryIs>
                <LinearRing>
                    <coordinates>

                        83.44629926914047,16.49911905611333,0
                        83.47581950752482,16.571935621795404,0
                        84.1241804924752,16.308064378204605,0
                        84.09536739752622,16.236992054997778,0
                        83.44629926914047,16.49911905611333,0

                    </coordinates>
                </LinearRing>
            </outerBoundaryIs>

        </Polygon>

    </Placemark>
    
    <Placemark>

        <Style>
            <LineStyle>
                <width>0</width>
            </LineStyle>

            <PolyStyle>
                <color>b3ffe900</color>
                <outline>0</outline>
            </PolyStyle>
        </Style>

        <Polygon>
            <tessellate>1</tessellate>

            <outerBoundaryIs>
                <LinearRing>
                    <coordinates>

                        83.47581950752482,16.571935621795404,0
                        83.50534687121127,16.644207336670906,0
                        84.15298646212206,16.37857044110687,0
                        84.1241804924752,16.308064378204605,0
                        83.47581950752482,16.571935621795404,0

                    </coordinates>
                </LinearRing>
            </outerBoundaryIs>

        </Polygon>

    </Placemark>
    
    <Placemark>

        <Style>
            <LineStyle>
                <width>0</width>
            </LineStyle>

            <PolyStyle>
                <color>b3ffeb00</color>
                <outline>0</outline>
            </PolyStyle>
        </Style>

        <Polygon>
            <tessellate>1</tessellate>

            <outerBoundaryIs>
                <LinearRing>
                    <coordinates>

                        83.50534687121127,16.644207336670906,0
                        83.53488154469674,16.715934377345814,0
                        84.18178512196992,16.448510067098635,0
                        84.15298646212206,16.37857044110687,0
                        83.50534687121127,16.644207336670906,0

                    </coordinates>
                </LinearRing>
            </outerBoundaryIs>

        </Polygon>

    </Placemark>
    
    <Placemark>

        <Style>
            <LineStyle>
                <width>0</width>
            </LineStyle>

            <PolyStyle>
                <color>b3ffee00</color>
                <outline>0</outline>
            </PolyStyle>
        </Style>

        <Polygon>
            <tessellate>1</tessellate>

            <outerBoundaryIs>
                <LinearRing>
                    <coordinates>

                        83.53488154469674,16.715934377345814,0
                        83.56442371819251,16.78711692365169,0
                        84.21057628180749,16.51788307634831,0
                        84.18178512196992,16.448510067098635,0
                        83.53488154469674,16.715934377345814,0

                    </coordinates>
                </LinearRing>
            </outerBoundaryIs>

        </Polygon>

    </Placemark>
    
    <Placemark>

        <Style>
            <LineStyle>
                <width>0</width>
            </LineStyle>

            <PolyStyle>
                <color>b3fff000</color>
                <outline>0</outline>
            </PolyStyle>
        </Style>

        <Polygon>
            <tessellate>1</tessellate>

            <outerBoundaryIs>
                <LinearRing>
                    <coordinates>

                        83.56442371819251,16.78711692365169,0
                        83.59397358782503,16.857755158690463,0
                        84.23935974550831,16.58668928575398,0
                        84.21057628180749,16.51788307634831,0
                        83.56442371819251,16.78711692365169,0

                    </coordinates>
                </LinearRing>
            </outerBoundaryIs>

        </Polygon>

    </Placemark>
    
    <Placemark>

        <Style>
            <LineStyle>
                <width>0</width>
            </LineStyle>

            <PolyStyle>
                <color>b3fff200</color>
                <outline>0</outline>
            </PolyStyle>
        </Style>

        <Polygon>
            <tessellate>1</tessellate>

            <outerBoundaryIs>
                <LinearRing>
                    <coordinates>

                        83.59397358782503,16.857755158690463,0
                        83.62353135584449,16.927849268878052,0
                        84.26813531082216,16.654928508899726,0
                        84.23935974550831,16.58668928575398,0
                        83.59397358782503,16.857755158690463,0

                    </coordinates>
                </LinearRing>
            </outerBoundaryIs>

        </Polygon>

    </Placemark>
    
    <Placemark>

        <Style>
            <LineStyle>
                <width>0</width>
            </LineStyle>

            <PolyStyle>
                <color>b3fff500</color>
                <outline>0</outline>
            </PolyStyle>
        </Style>

        <Polygon>
            <tessellate>1</tessellate>

            <outerBoundaryIs>
                <LinearRing>
                    <coordinates>

                        83.62353135584449,16.927849268878052,0
                        83.65309723084108,16.9973994439866,0
                        84.2969027691589,16.7226005560134,0
                        84.26813531082216,16.654928508899726,0
                        83.62353135584449,16.927849268878052,0

                    </coordinates>
                </LinearRing>
            </outerBoundaryIs>

        </Polygon>

    </Placemark>
    
    <Placemark>

        <Style>
            <LineStyle>
                <width>0</width>
            </LineStyle>

            <PolyStyle>
                <color>b3fff700</color>
                <outline>0</outline>
            </PolyStyle>
        </Style>

        <Polygon>
            <tessellate>1</tessellate>

            <outerBoundaryIs>
                <LinearRing>
                    <coordinates>

                        83.65309723084108,16.9973994439866,0
                        83.68267142796952,17.066405877185375,0
                        84.3256619053638,16.789705233925737,0
                        84.2969027691589,16.7226005560134,0
                        83.65309723084108,16.9973994439866,0

                    </coordinates>
                </LinearRing>
            </outerBoundaryIs>

        </Polygon>

    </Placemark>
    
    <Placemark>

        <Style>
            <LineStyle>
                <width>0</width>
            </LineStyle>

            <PolyStyle>
                <color>b3fffa00</color>
                <outline>0</outline>
            </PolyStyle>
        </Style>

        <Polygon>
            <tessellate>1</tessellate>

            <outerBoundaryIs>
                <LinearRing>
                    <coordinates>

                        83.68267142796952,17.066405877185375,0
                        83.71225416918227,17.134868765080192,0
                        84.35441249748439,16.856242346030918,0
                        84.3256619053638,16.789705233925737,0
                        83.68267142796952,17.066405877185375,0

                    </coordinates>
                </LinearRing>
            </outerBoundaryIs>

        </Polygon>

    </Placemark>
    
    <Placemark>

        <Style>
            <LineStyle>
                <width>0</width>
            </LineStyle>

            <PolyStyle>
                <color>b3fffc00</color>
                <outline>0</outline>
            </PolyStyle>
        </Style>

        <Polygon>
            <tessellate>1</tessellate>

            <outerBoundaryIs>
                <LinearRing>
                    <coordinates>

                        83.71225416918227,17.134868765080192,0
                        83.73981037596862,17.198117818158508,0
                        84.3815475606376,16.918522779194795,0
                        84.35441249748439,16.856242346030918,0
                        83.71225416918227,17.134868765080192,0

                    </coordinates>
                </LinearRing>
            </outerBoundaryIs>

        </Polygon>

    </Placemark>
    
    <Placemark>

        <Style>
            <LineStyle>
                <width>0</width>
            </LineStyle>

            <PolyStyle>
                <color>b3ffff00</color>
                <outline>0</outline>
            </PolyStyle>
        </Style>

        <Polygon>

            <outerBoundaryIs>
                <LinearRing>
                    <coordinates>

                        84.5,18.0,0
                        83.5168923507931,17.311887109500997,0
                        83.73981037596862,17.198117818158508,0
                        84.3815475606376,16.918522779194795,0
                        84.60436941924023,16.804547355882526,0
                        84.5,18.0,0

                    </coordinates>
                </LinearRing>
            </outerBoundaryIs>

        </Polygon>

    </Placemark>
    
    <Placemark>

        <Style>
            <LineStyle>
                <width>0</width>
            </LineStyle>

            <PolyStyle>
                <color>b3ff0000</color>
                <outline>0</outline>
            </PolyStyle>
        </Style>

        <Polygon>
            <tessellate>1</tessellate>

            <outerBoundaryIs>
                <LinearRing>
                    <coordinates>

                        86.99870371259453,22.650002400524,0
                        86.92240751409017,22.65028737931404,0
                        86.92759248590983,23.350268176241517,0
                        87.00129628740547,23.349997599476,0
                        86.99870371259453,22.650002400524,0

                    </coordinates>
                </LinearRing>
            </outerBoundaryIs>

        </Polygon>

    </Placemark>
    
    <Placemark>

        <Style>
            <LineStyle>
                <width>0</width>
            </LineStyle>

            <PolyStyle>
                <color>b3ff0200</color>
                <outline>0</outline>
            </PolyStyle>
        </Style>

        <Polygon>
            <tessellate>1</tessellate>

            <outerBoundaryIs>
                <LinearRing>
                    <coordinates>

                        86.92240751409017,22.65028737931404,0
                        86.8448154548275,22.65114951251584,0
                        86.85518454517249,23.351072709706376,0
                        86.92759248590983,23.350268176241517,0
                        86.92240751409017,22.65028737931404,0

                    </coordinates>
                </LinearRing>
            </outerBoundaryIs>

        </Polygon>

    </Placemark>
    
    <Placemark>

        <Style>
            <LineStyle>
                <width>0</width>
            </LineStyle>

            <PolyStyle>
                <color>b3ff0400</color>
                <outline>0</outline>
            </PolyStyle>
        </Style>

        <Polygon>
            <tessellate>1</tessellate>

            <outerBoundaryIs>
                <LinearRing>
                    <coordinates>

                        86.8448154548275,22.65114951251584,0
                        86.76722424850817,22.652586385390997,0
                        86.78277575149181,23.352413614609,0
                        86.85518454517249,23.351072709706376,0
                        86.8448154548275,22.65114951251584,0

                    </coordinates>
                </LinearRing>
            </outerBoundaryIs>

        </Polygon>

    </Placemark>
    
    <Placemark>

        <Style>
            <LineStyle>
                <width>0</width>
            </LineStyle>

            <PolyStyle>
                <color>b3ff0600</color>
                <outline>0</outline>
            </PolyStyle>
        </Style>

        <Polygon>
            <tessellate>1</tessellate>

            <outerBoundaryIs>
                <LinearRing>
                    <coordinates>

                        86.76722424850817,22.652586385390997,0
                        86.68963432072717,22.654597974270438,0
                        86.71036567927284,23.354290914618453,0
                        86.78277575149181,23.352413614609,0
                        86.76722424850817,22.652586385390997,0

                    </coordinates>
                </LinearRing>
            </outerBoundaryIs>

        </Polygon>

    </Placemark>
    
    <Placemark>

        <Style>
            <LineStyle>
                <width>0</width>
            </LineStyle>

            <PolyStyle>
                <color>b3ff0900</color>
                <outline>0</outline>
            </PolyStyle>
        </Style>

        <Polygon>
            <tessellate>1</tessellate>

            <outerBoundaryIs>
                <LinearRing>
                    <coordinates>

                        86.68963432072717,22.654597974270438,0
                        86.61204609602922,22.65718424606288,0
                        86.63795390397081,23.35670464282602,0
                        86.71036567927284,23.354290914618453,0
                        86.68963432072717,22.654597974270438,0

                    </coordinates>
                </LinearRing>
            </outerBoundaryIs>

        </Polygon>

    </Placemark>
    
    <Placemark>

        <Style>
            <LineStyle>
                <width>0</width>
            </LineStyle>

            <PolyStyle>
                <color>b3ff0b00</color>
                <outline>0</outline>
            </PolyStyle>
        </Style>

        <Polygon>
            <tessellate>1</tessellate>

            <outerBoundaryIs>
                <LinearRing>
                    <coordinates>

                        86.61204609602922,22.65718424606288,0
                        86.53445999756187,22.66034515830004,0
                        86.56554000243813,23.359654841699957,0
                        86.63795390397081,23.35670464282602,0
                        86.61204609602922,22.65718424606288,0

                    </coordinates>
                </LinearRing>
            </outerBoundaryIs>

        </Polygon>

    </Placemark>
    
    <Placemark>

        <Style>
            <LineStyle>
                <width>0</width>
            </LineStyle>

            <PolyStyle>
                <color>b3ff0d00</color>
                <outline>0</outline>
            </PolyStyle>
        </Style>

        <Polygon>
            <tessellate>1</tessellate>

            <outerBoundaryIs>
                <LinearRing>
                    <coordinates>

                        86.53445999756187,22.66034515830004,0
                        86.4568764467313,22.664080659194664,0
                        86.49312355326869,23.363141563027558,0
                        86.56554000243813,23.359654841699957,0
                        86.53445999756187,22.66034515830004,0

                    </coordinates>
                </LinearRing>
            </outerBoundaryIs>

        </Polygon>

    </Placemark>
    
    <Placemark>

        <Style>
            <LineStyle>
                <width>0</width>
            </LineStyle>

            <PolyStyle>
                <color>b3ff1000</color>
                <outline>0</outline>
            </PolyStyle>
        </Style>

        <Polygon>
            <tessellate>1</tessellate>

            <outerBoundaryIs>
                <LinearRing>
                    <coordinates>

                        86.4568764467313,22.664080659194664,0
                        86.37929586286143,22.66839068771098,0
                        86.42070413713859,23.367164867844583,0
                        86.49312355326869,23.363141563027558,0
                        86.4568764467313,22.664080659194664,0

                    </coordinates>
                </LinearRing>
            </outerBoundaryIs>

        </Polygon>

    </Placemark>
    
    <Placemark>

        <Style>
            <LineStyle>
                <width>0</width>
            </LineStyle>

            <PolyStyle>
                <color>b3ff1200</color>
                <outline>0</outline>
            </PolyStyle>
        </Style>

        <Polygon>
            <tessellate>1</tessellate>

            <outerBoundaryIs>
                <LinearRing>
                    <coordinates>

                        86.37929586286143,22.66839068771098,0
                        86.3017186628567,22.673275173647664,0
                        86.34828133714333,23.371724826352338,0
                        86.42070413713859,23.367164867844583,0
                        86.37929586286143,22.66839068771098,0

                    </coordinates>
                </LinearRing>
            </outerBoundaryIs>

        </Polygon>

    </Placemark>
    
    <Placemark>

        <Style>
            <LineStyle>
                <width>0</width>
            </LineStyle>

            <PolyStyle>
                <color>b3ff1400</color>
                <outline>0</outline>
            </PolyStyle>
        </Style>

        <Polygon>
            <tessellate>1</tessellate>

            <outerBoundaryIs>
                <LinearRing>
                    <coordinates>

                        86.3017186628567,22.673275173647664,0
                        86.22414526086982,22.678734037732905,0
                        86.27585473913018,23.376821517822645,0
                        86.34828133714333,23.371724826352338,0
                        86.3017186628567,22.673275173647664,0

                    </coordinates>
                </LinearRing>
            </outerBoundaryIs>

        </Polygon>

    </Placemark>
    
    <Placemark>

        <Style>
            <LineStyle>
                <width>0</width>
            </LineStyle>

            <PolyStyle>
                <color>b3ff1700</color>
                <outline>0</outline>
            </PolyStyle>
        </Style>

        <Polygon>
            <tessellate>1</tessellate>

            <outerBoundaryIs>
                <LinearRing>
                    <coordinates>

                        86.22414526086982,22.678734037732905,0
                        86.14657606797462,22.684767191731375,0
                        86.20342393202537,23.382455030490846,0
                        86.27585473913018,23.376821517822645,0
                        86.22414526086982,22.678734037732905,0

                    </coordinates>
                </LinearRing>
            </outerBoundaryIs>

        </Polygon>

    </Placemark>
    
    <Placemark>

        <Style>
            <LineStyle>
                <width>0</width>
            </LineStyle>

            <PolyStyle>
                <color>b3ff1900</color>
                <outline>0</outline>
            </PolyStyle>
        </Style>

        <Polygon>
            <tessellate>1</tessellate>

            <outerBoundaryIs>
                <LinearRing>
                    <coordinates>

                        86.14657606797462,22.684767191731375,0
                        86.06901149184458,22.6913745385628,0
                        86.13098850815541,23.388625461437204,0
                        86.20342393202537,23.382455030490846,0
                        86.14657606797462,22.684767191731375,0

                    </coordinates>
                </LinearRing>
            </outerBoundaryIs>

        </Polygon>

    </Placemark>
    
    <Placemark>

        <Style>
            <LineStyle>
                <width>0</width>
            </LineStyle>

            <PolyStyle>
                <color>b3ff1b00</color>
                <outline>0</outline>
            </PolyStyle>
        </Style>

        <Polygon>
            <tessellate>1</tessellate>

            <outerBoundaryIs>
                <LinearRing>
                    <coordinates>

                        86.06901149184458,22.6913745385628,0
                        85.99145193643771,22.69855597243192,0
                        86.0585480635623,23.395332916456965,0
                        86.13098850815541,23.388625461437204,0
                        86.06901149184458,22.6913745385628,0

                    </coordinates>
                </LinearRing>
            </outerBoundaryIs>

        </Polygon>

    </Placemark>
    
    <Placemark>

        <Style>
            <LineStyle>
                <width>0</width>
            </LineStyle>

            <PolyStyle>
                <color>b3ff1e00</color>
                <outline>0</outline>
            </PolyStyle>
        </Style>

        <Polygon>
            <tessellate>1</tessellate>

            <outerBoundaryIs>
                <LinearRing>
                    <coordinates>

                        85.99145193643771,22.69855597243192,0
                        85.91389780168838,22.706311378969374,0
                        85.9861021983116,23.40257750991951,0
                        86.0585480635623,23.395332916456965,0
                        85.99145193643771,22.69855597243192,0

                    </coordinates>
                </LinearRing>
            </outerBoundaryIs>

        </Polygon>

    </Placemark>
    
    <Placemark>

        <Style>
            <LineStyle>
                <width>0</width>
            </LineStyle>

            <PolyStyle>
                <color>b3ff2000</color>
                <outline>0</outline>
            </PolyStyle>
        </Style>

        <Polygon>
            <tessellate>1</tessellate>

            <outerBoundaryIs>
                <LinearRing>
                    <coordinates>

                        85.91389780168838,22.706311378969374,0
                        85.83634948320683,22.714640635383176,0
                        85.91365051679317,23.410359364616824,0
                        85.9861021983116,23.40257750991951,0
                        85.91389780168838,22.706311378969374,0

                    </coordinates>
                </LinearRing>
            </outerBoundaryIs>

        </Polygon>

    </Placemark>
    
    <Placemark>

        <Style>
            <LineStyle>
                <width>0</width>
            </LineStyle>

            <PolyStyle>
                <color>b3ff2200</color>
                <outline>0</outline>
            </PolyStyle>
        </Style>

        <Polygon>
            <tessellate>1</tessellate>

            <outerBoundaryIs>
                <LinearRing>
                    <coordinates>

                        85.83634948320683,22.714640635383176,0
                        85.7588073719862,22.723543610620467,0
                        85.84119262801383,23.418678611601756,0
                        85.91365051679317,23.410359364616824,0
                        85.83634948320683,22.714640635383176,0

                    </coordinates>
                </LinearRing>
            </outerBoundaryIs>

        </Polygon>

    </Placemark>
    
    <Placemark>

        <Style>
            <LineStyle>
                <width>0</width>
            </LineStyle>

            <PolyStyle>
                <color>b3ff2500</color>
                <outline>0</outline>
            </PolyStyle>
        </Style>

        <Polygon>
            <tessellate>1</tessellate>

            <outerBoundaryIs>
                <LinearRing>
                    <coordinates>

                        85.7588073719862,22.723543610620467,0
                        85.6812718541182,22.733020165539063,0
                        85.76872814588182,23.427535390016505,0
                        85.84119262801383,23.418678611601756,0
                        85.7588073719862,22.723543610620467,0

                    </coordinates>
                </LinearRing>
            </outerBoundaryIs>

        </Polygon>

    </Placemark>
    
    <Placemark>

        <Style>
            <LineStyle>
                <width>0</width>
            </LineStyle>

            <PolyStyle>
                <color>b3ff2700</color>
                <outline>0</outline>
            </PolyStyle>
        </Style>

        <Polygon>
            <tessellate>1</tessellate>

            <outerBoundaryIs>
                <LinearRing>
                    <coordinates>

                        85.6812718541182,22.733020165539063,0
                        85.60374331051773,22.743070153088354,0
                        85.69625668948225,23.436929846911653,0
                        85.76872814588182,23.427535390016505,0
                        85.6812718541182,22.733020165539063,0

                    </coordinates>
                </LinearRing>
            </outerBoundaryIs>

        </Polygon>

    </Placemark>
    
    <Placemark>

        <Style>
            <LineStyle>
                <width>0</width>
            </LineStyle>

            <PolyStyle>
                <color>b3ff2900</color>
                <outline>0</outline>
            </PolyStyle>
        </Style>

        <Polygon>
            <tessellate>1</tessellate>

            <outerBoundaryIs>
                <LinearRing>
                    <coordinates>

                        85.60374331051773,22.743070153088354,0
                        85.5262221166567,22.753693418499196,0
                        85.62377788334331,23.446862137056364,0
                        85.69625668948225,23.436929846911653,0
                        85.60374331051773,22.743070153088354,0

                    </coordinates>
                </LinearRing>
            </outerBoundaryIs>

        </Polygon>

    </Placemark>
    
    <Placemark>

        <Style>
            <LineStyle>
                <width>0</width>
            </LineStyle>

            <PolyStyle>
                <color>b3ff2c00</color>
                <outline>0</outline>
            </PolyStyle>
        </Style>

        <Polygon>
            <tessellate>1</tessellate>

            <outerBoundaryIs>
                <LinearRing>
                    <coordinates>

                        85.5262221166567,22.753693418499196,0
                        85.44870864230757,22.76488979948217,0
                        85.55129135769246,23.45733242274006,0
                        85.62377788334331,23.446862137056364,0
                        85.5262221166567,22.753693418499196,0

                    </coordinates>
                </LinearRing>
            </outerBoundaryIs>

        </Polygon>

    </Placemark>
    
    <Placemark>

        <Style>
            <LineStyle>
                <width>0</width>
            </LineStyle>

            <PolyStyle>
                <color>b3ff2e00</color>
                <outline>0</outline>
            </PolyStyle>
        </Style>

        <Polygon>
            <tessellate>1</tessellate>

            <outerBoundaryIs>
                <LinearRing>
                    <coordinates>

                        85.44870864230757,22.76488979948217,0
                        85.37120325129675,22.776659126433902,0
                        85.47879674870325,23.468340873566095,0
                        85.55129135769246,23.45733242274006,0
                        85.44870864230757,22.76488979948217,0

                    </coordinates>
                </LinearRing>
            </outerBoundaryIs>

        </Polygon>

    </Placemark>
    
    <Placemark>

        <Style>
            <LineStyle>
                <width>0</width>
            </LineStyle>

            <PolyStyle>
                <color>b3ff3000</color>
                <outline>0</outline>
            </PolyStyle>
        </Style>

        <Polygon>
            <tessellate>1</tessellate>

            <outerBoundaryIs>
                <LinearRing>
                    <coordinates>

                        85.37120325129675,22.776659126433902,0
                        85.29370630126881,22.789001222650814,0
                        85.40629369873118,23.479887666238074,0
                        85.47879674870325,23.468340873566095,0
                        85.37120325129675,22.776659126433902,0

                    </coordinates>
                </LinearRing>
            </outerBoundaryIs>

        </Polygon>

    </Placemark>
    
    <Placemark>

        <Style>
            <LineStyle>
                <width>0</width>
            </LineStyle>

            <PolyStyle>
                <color>b3ff3300</color>
                <outline>0</outline>
            </PolyStyle>
        </Style>

        <Polygon>
            <tessellate>1</tessellate>

            <outerBoundaryIs>
                <LinearRing>
                    <coordinates>

                        85.29370630126881,22.789001222650814,0
                        85.21621814346098,22.8019159045498,0
                        85.333781856539,23.491972984339085,0
                        85.40629369873118,23.479887666238074,0
                        85.29370630126881,22.789001222650814,0

                    </coordinates>
                </LinearRing>
            </outerBoundaryIs>

        </Polygon>

    </Placemark>
    
    <Placemark>

        <Style>
            <LineStyle>
                <width>0</width>
            </LineStyle>

            <PolyStyle>
                <color>b3ff3500</color>
                <outline>0</outline>
            </PolyStyle>
        </Style>

        <Polygon>
            <tessellate>1</tessellate>

            <outerBoundaryIs>
                <LinearRing>
                    <coordinates>

                        85.21621814346098,22.8019159045498,0
                        85.13873912248887,22.81540298189543,0
                        85.26126087751116,23.504597018104583,0
                        85.333781856539,23.491972984339085,0
                        85.21621814346098,22.8019159045498,0

                    </coordinates>
                </LinearRing>
            </outerBoundaryIs>

        </Polygon>

    </Placemark>
    
    <Placemark>

        <Style>
            <LineStyle>
                <width>0</width>
            </LineStyle>

            <PolyStyle>
                <color>b3ff3700</color>
                <outline>0</outline>
            </PolyStyle>
        </Style>

        <Polygon>
            <tessellate>1</tessellate>

            <outerBoundaryIs>
                <LinearRing>
                    <coordinates>

                        85.13873912248887,22.81540298189543,0
                        85.06126957614295,22.829462258032965,0
                        85.18873042385705,23.51775996418925,0
                        85.26126087751116,23.504597018104583,0
                        85.13873912248887,22.81540298189543,0

                    </coordinates>
                </LinearRing>
            </outerBoundaryIs>

        </Polygon>

    </Placemark>
    
    <Placemark>

        <Style>
            <LineStyle>
                <width>0</width>
            </LineStyle>

            <PolyStyle>
                <color>b3ff3900</color>
                <outline>0</outline>
            </PolyStyle>
        </Style>

        <Polygon>
            <tessellate>1</tessellate>

            <outerBoundaryIs>
                <LinearRing>
                    <coordinates>

                        85.06126957614295,22.829462258032965,0
                        84.98380983519704,22.844093530126887,0
                        85.11619016480296,23.531462025428663,0
                        85.18873042385705,23.51775996418925,0
                        85.06126957614295,22.829462258032965,0

                    </coordinates>
                </LinearRing>
            </outerBoundaryIs>

        </Polygon>

    </Placemark>
    
    <Placemark>

        <Style>
            <LineStyle>
                <width>0</width>
            </LineStyle>

            <PolyStyle>
                <color>b3ff3c00</color>
                <outline>0</outline>
            </PolyStyle>
        </Style>

        <Polygon>
            <tessellate>1</tessellate>

            <outerBoundaryIs>
                <LinearRing>
                    <coordinates>

                        84.98380983519704,22.844093530126887,0
                        84.90636022322812,22.859296589404032,0
                        85.0436397767719,23.54570341059597,0
                        85.11619016480296,23.531462025428663,0
                        84.98380983519704,22.844093530126887,0

                    </coordinates>
                </LinearRing>
            </outerBoundaryIs>

        </Polygon>

    </Placemark>
    
    <Placemark>

        <Style>
            <LineStyle>
                <width>0</width>
            </LineStyle>

            <PolyStyle>
                <color>b3ff3e00</color>
                <outline>0</outline>
            </PolyStyle>
        </Style>

        <Polygon>
            <tessellate>1</tessellate>

            <outerBoundaryIs>
                <LinearRing>
                    <coordinates>

                        84.90636022322812,22.859296589404032,0
                        84.8289210564474,22.875071221401267,0
                        84.97107894355261,23.560484334154285,0
                        85.0436397767719,23.54570341059597,0
                        84.90636022322812,22.859296589404032,0

                    </coordinates>
                </LinearRing>
            </outerBoundaryIs>

        </Polygon>

    </Placemark>
    
    <Placemark>

        <Style>
            <LineStyle>
                <width>0</width>
            </LineStyle>

            <PolyStyle>
                <color>b3ff4000</color>
                <outline>0</outline>
            </PolyStyle>
        </Style>

        <Polygon>
            <tessellate>1</tessellate>

            <outerBoundaryIs>
                <LinearRing>
                    <coordinates>

                        84.8289210564474,22.875071221401267,0
                        84.75149264354386,22.89141720621678,0
                        84.89850735645615,23.57580501600544,0
                        84.97107894355261,23.560484334154285,0
                        84.8289210564474,22.875071221401267,0

                    </coordinates>
                </LinearRing>
            </outerBoundaryIs>

        </Polygon>

    </Placemark>
    
    <Placemark>

        <Style>
            <LineStyle>
                <width>0</width>
            </LineStyle>

            <PolyStyle>
                <color>b3ff4300</color>
                <outline>0</outline>
            </PolyStyle>
        </Style>

        <Polygon>
            <tessellate>1</tessellate>

            <outerBoundaryIs>
                <LinearRing>
                    <coordinates>

                        84.75149264354386,22.89141720621678,0
                        84.67407528553933,22.908334318764577,0
                        84.82592471446067,23.591665681235423,0
                        84.89850735645615,23.57580501600544,0
                        84.75149264354386,22.89141720621678,0

                    </coordinates>
                </LinearRing>
            </outerBoundaryIs>

        </Polygon>

    </Placemark>
    
    <Placemark>

        <Style>
            <LineStyle>
                <width>0</width>
            </LineStyle>

            <PolyStyle>
                <color>b3ff4500</color>
                <outline>0</outline>
            </PolyStyle>
        </Style>

        <Polygon>
            <tessellate>1</tessellate>

            <outerBoundaryIs>
                <LinearRing>
                    <coordinates>

                        84.67407528553933,22.908334318764577,0
                        84.5966692756555,22.9258223290317,0
                        84.7533307243445,23.60806655985719,0
                        84.82592471446067,23.591665681235423,0
                        84.67407528553933,22.908334318764577,0

                    </coordinates>
                </LinearRing>
            </outerBoundaryIs>

        </Polygon>

    </Placemark>
    
    <Placemark>

        <Style>
            <LineStyle>
                <width>0</width>
            </LineStyle>

            <PolyStyle>
                <color>b3ff4700</color>
                <outline>0</outline>
            </PolyStyle>
        </Style>

        <Polygon>
            <tessellate>1</tessellate>

            <outerBoundaryIs>
                <LinearRing>
                    <coordinates>

                        84.5966692756555,22.9258223290317,0
                        84.51927489919296,22.943881002337555,0
                        84.68072510080705,23.625007886551337,0
                        84.7533307243445,23.60806655985719,0
                        84.5966692756555,22.9258223290317,0

                    </coordinates>
                </LinearRing>
            </outerBoundaryIs>

        </Polygon>

    </Placemark>
    
    <Placemark>

        <Style>
            <LineStyle>
                <width>0</width>
            </LineStyle>

            <PolyStyle>
                <color>b3ff4a00</color>
                <outline>0</outline>
            </PolyStyle>
        </Style>

        <Polygon>
            <tessellate>1</tessellate>

            <outerBoundaryIs>
                <LinearRing>
                    <coordinates>

                        84.51927489919296,22.943881002337555,0
                        84.4418924334221,22.962510099594862,0
                        84.60810756657791,23.642489900405142,0
                        84.68072510080705,23.625007886551337,0
                        84.51927489919296,22.943881002337555,0

                    </coordinates>
                </LinearRing>
            </outerBoundaryIs>

        </Polygon>

    </Placemark>
    
    <Placemark>

        <Style>
            <LineStyle>
                <width>0</width>
            </LineStyle>

            <PolyStyle>
                <color>b3ff4c00</color>
                <outline>0</outline>
            </PolyStyle>
        </Style>

        <Polygon>
            <tessellate>1</tessellate>

            <outerBoundaryIs>
                <LinearRing>
                    <coordinates>

                        84.4418924334221,22.962510099594862,0
                        84.36452214748581,22.981709377571693,0
                        84.53547785251419,23.66051284465053,0
                        84.60810756657791,23.642489900405142,0
                        84.4418924334221,22.962510099594862,0

                    </coordinates>
                </LinearRing>
            </outerBoundaryIs>

        </Polygon>

    </Placemark>
    
    <Placemark>

        <Style>
            <LineStyle>
                <width>0</width>
            </LineStyle>

            <PolyStyle>
                <color>b3ff4e00</color>
                <outline>0</outline>
            </PolyStyle>
        </Style>

        <Polygon>
            <tessellate>1</tessellate>

            <outerBoundaryIs>
                <LinearRing>
                    <coordinates>

                        84.36452214748581,22.981709377571693,0
                        84.28716430231425,23.001478589154104,0
                        84.46283569768575,23.679076966401446,0
                        84.53547785251419,23.66051284465053,0
                        84.36452214748581,22.981709377571693,0

                    </coordinates>
                </LinearRing>
            </outerBoundaryIs>

        </Polygon>

    </Placemark>
    
    <Placemark>

        <Style>
            <LineStyle>
                <width>0</width>
            </LineStyle>

            <PolyStyle>
                <color>b3ff5100</color>
                <outline>0</outline>
            </PolyStyle>
        </Style>

        <Polygon>
            <tessellate>1</tessellate>

            <outerBoundaryIs>
                <LinearRing>
                    <coordinates>

                        84.28716430231425,23.001478589154104,0
                        84.20981915055097,23.021817483608846,0
                        84.39018084944902,23.698182516391153,0
                        84.46283569768575,23.679076966401446,0
                        84.28716430231425,23.001478589154104,0

                    </coordinates>
                </LinearRing>
            </outerBoundaryIs>

        </Polygon>

    </Placemark>
    
    <Placemark>

        <Style>
            <LineStyle>
                <width>0</width>
            </LineStyle>

            <PolyStyle>
                <color>b3ff5300</color>
                <outline>0</outline>
            </PolyStyle>
        </Style>

        <Polygon>
            <tessellate>1</tessellate>

            <outerBoundaryIs>
                <LinearRing>
                    <coordinates>

                        84.20981915055097,23.021817483608846,0
                        84.13248693649086,23.042725806845667,0
                        84.31751306350915,23.71782974870989,0
                        84.39018084944902,23.698182516391153,0
                        84.20981915055097,23.021817483608846,0

                    </coordinates>
                </LinearRing>
            </outerBoundaryIs>

        </Polygon>

    </Placemark>
    
    <Placemark>

        <Style>
            <LineStyle>
                <width>0</width>
            </LineStyle>

            <PolyStyle>
                <color>b3ff5500</color>
                <outline>0</outline>
            </PolyStyle>
        </Style>

        <Polygon>
            <tessellate>1</tessellate>

            <outerBoundaryIs>
                <LinearRing>
                    <coordinates>

                        84.13248693649086,23.042725806845667,0
                        84.05516789602929,23.064203301678788,0
                        84.24483210397072,23.738018920543432,0
                        84.31751306350915,23.71782974870989,0
                        84.13248693649086,23.042725806845667,0

                    </coordinates>
                </LinearRing>
            </outerBoundaryIs>

        </Polygon>

    </Placemark>
    
    <Placemark>

        <Style>
            <LineStyle>
                <width>0</width>
            </LineStyle>

            <PolyStyle>
                <color>b3ff5800</color>
                <outline>0</outline>
            </PolyStyle>
        </Style>

        <Polygon>
            <tessellate>1</tessellate>

            <outerBoundaryIs>
                <LinearRing>
                    <coordinates>

                        84.05516789602929,23.064203301678788,0
                        83.97786225662264,23.08624970808703,0
                        84.17213774337736,23.758750291912968,0
                        84.24483210397072,23.738018920543432,0
                        84.05516789602929,23.064203301678788,0

                    </coordinates>
                </LinearRing>
            </outerBoundaryIs>

        </Polygon>

    </Placemark>
    
    <Placemark>

        <Style>
            <LineStyle>
                <width>0</width>
            </LineStyle>

            <PolyStyle>
                <color>b3ff5a00</color>
                <outline>0</outline>
            </PolyStyle>
        </Style>

        <Polygon>
            <tessellate>1</tessellate>

            <outerBoundaryIs>
                <LinearRing>
                    <coordinates>

                        83.97786225662264,23.08624970808703,0
                        83.90057023726007,23.108864763472138,0
                        84.09942976273996,23.780024125416762,0
                        84.17213774337736,23.758750291912968,0
                        83.97786225662264,23.08624970808703,0

                    </coordinates>
                </LinearRing>
            </outerBoundaryIs>

        </Polygon>

    </Placemark>
    
    <Placemark>

        <Style>
            <LineStyle>
                <width>0</width>
            </LineStyle>

            <PolyStyle>
                <color>b3ff5c00</color>
                <outline>0</outline>
            </PolyStyle>
        </Style>

        <Polygon>
            <tessellate>1</tessellate>

            <outerBoundaryIs>
                <LinearRing>
                    <coordinates>

                        83.90057023726007,23.108864763472138,0
                        83.82329204844538,23.132048202914973,0
                        84.02670795155461,23.801840685973914,0
                        84.09942976273996,23.780024125416762,0
                        83.90057023726007,23.108864763472138,0

                    </coordinates>
                </LinearRing>
            </outerBoundaryIs>

        </Polygon>

    </Placemark>
    
    <Placemark>

        <Style>
            <LineStyle>
                <width>0</width>
            </LineStyle>

            <PolyStyle>
                <color>b3ff5f00</color>
                <outline>0</outline>
            </PolyStyle>
        </Style>

        <Polygon>
            <tessellate>1</tessellate>

            <outerBoundaryIs>
                <LinearRing>
                    <coordinates>

                        83.82329204844538,23.132048202914973,0
                        83.74602789219037,23.155799759429133,0
                        83.95397210780959,23.82420024057087,0
                        84.02670795155461,23.801840685973914,0
                        83.82329204844538,23.132048202914973,0

                    </coordinates>
                </LinearRing>
            </outerBoundaryIs>

        </Polygon>

    </Placemark>
    
    <Placemark>

        <Style>
            <LineStyle>
                <width>0</width>
            </LineStyle>

            <PolyStyle>
                <color>b3ff6100</color>
                <outline>0</outline>
            </PolyStyle>
        </Style>

        <Polygon>
            <tessellate>1</tessellate>

            <outerBoundaryIs>
                <LinearRing>
                    <coordinates>

                        83.74602789219037,23.155799759429133,0
                        83.66877796201798,23.180119164211415,0
                        83.881222037982,23.847103058010806,0
                        83.95397210780959,23.82420024057087,0
                        83.74602789219037,23.155799759429133,0

                    </coordinates>
                </LinearRing>
            </outerBoundaryIs>

        </Polygon>

    </Placemark>
    
    <Placemark>

        <Style>
            <LineStyle>
                <width>0</width>
            </LineStyle>

            <PolyStyle>
                <color>b3ff6300</color>
                <outline>0</outline>
            </PolyStyle>
        </Style>

        <Polygon>
            <tessellate>1</tessellate>

            <outerBoundaryIs>
                <LinearRing>
                    <coordinates>

                        83.66877796201798,23.180119164211415,0
                        83.59154244297541,23.205006146889172,0
                        83.80845755702457,23.870549408666374,0
                        83.881222037982,23.847103058010806,0
                        83.66877796201798,23.180119164211415,0

                    </coordinates>
                </LinearRing>
            </outerBoundaryIs>

        </Polygon>

    </Placemark>
    
    <Placemark>

        <Style>
            <LineStyle>
                <width>0</width>
            </LineStyle>

            <PolyStyle>
                <color>b3ff6600</color>
                <outline>0</outline>
            </PolyStyle>
        </Style>

        <Polygon>
            <tessellate>1</tessellate>

            <outerBoundaryIs>
                <LinearRing>
                    <coordinates>

                        83.59154244297541,23.205006146889172,0
                        83.51432151165733,23.230460435763774,0
                        83.73567848834267,23.894539564236226,0
                        83.80845755702457,23.870549408666374,0
                        83.59154244297541,23.205006146889172,0

                    </coordinates>
                </LinearRing>
            </outerBoundaryIs>

        </Polygon>

    </Placemark>
    
    <Placemark>

        <Style>
            <LineStyle>
                <width>0</width>
            </LineStyle>

            <PolyStyle>
                <color>b3ff6800</color>
                <outline>0</outline>
            </PolyStyle>
        </Style>

        <Polygon>
            <tessellate>1</tessellate>

            <outerBoundaryIs>
                <LinearRing>
                    <coordinates>

                        83.51432151165733,23.230460435763774,0
                        83.43711533623836,23.256481758050075,0
                        83.66288466376166,23.919073797505487,0
                        83.73567848834267,23.894539564236226,0
                        83.51432151165733,23.230460435763774,0

                    </coordinates>
                </LinearRing>
            </outerBoundaryIs>

        </Polygon>

    </Placemark>
    
    <Placemark>

        <Style>
            <LineStyle>
                <width>0</width>
            </LineStyle>

            <PolyStyle>
                <color>b3ff6a00</color>
                <outline>0</outline>
            </PolyStyle>
        </Style>

        <Polygon>
            <tessellate>1</tessellate>

            <outerBoundaryIs>
                <LinearRing>
                    <coordinates>

                        83.43711533623836,23.256481758050075,0
                        83.35992407651455,23.28306984011161,0
                        83.5900759234855,23.944152382110612,0
                        83.66288466376166,23.919073797505487,0
                        83.43711533623836,23.256481758050075,0

                    </coordinates>
                </LinearRing>
            </outerBoundaryIs>

        </Polygon>

    </Placemark>
    
    <Placemark>

        <Style>
            <LineStyle>
                <width>0</width>
            </LineStyle>

            <PolyStyle>
                <color>b3ff6c00</color>
                <outline>0</outline>
            </PolyStyle>
        </Style>

        <Polygon>
            <tessellate>1</tessellate>

            <outerBoundaryIs>
                <LinearRing>
                    <coordinates>

                        83.35992407651455,23.28306984011161,0
                        83.28274788395385,23.310224407691084,0
                        83.51725211604617,23.969775592308917,0
                        83.5900759234855,23.944152382110612,0
                        83.35992407651455,23.28306984011161,0

                    </coordinates>
                </LinearRing>
            </outerBoundaryIs>

        </Polygon>

    </Placemark>
    
    <Placemark>

        <Style>
            <LineStyle>
                <width>0</width>
            </LineStyle>

            <PolyStyle>
                <color>b3ff6f00</color>
                <outline>0</outline>
            </PolyStyle>
        </Style>

        <Polygon>
            <tessellate>1</tessellate>

            <outerBoundaryIs>
                <LinearRing>
                    <coordinates>

                        83.28274788395385,23.310224407691084,0
                        83.2055869017551,23.337945186135926,0
                        83.44441309824488,23.995943702752967,0
                        83.51725211604617,23.969775592308917,0
                        83.28274788395385,23.310224407691084,0

                    </coordinates>
                </LinearRing>
            </outerBoundaryIs>

        </Polygon>

    </Placemark>
    
    <Placemark>

        <Style>
            <LineStyle>
                <width>0</width>
            </LineStyle>

            <PolyStyle>
                <color>b3ff7100</color>
                <outline>0</outline>
            </PolyStyle>
        </Style>

        <Polygon>
            <tessellate>1</tessellate>

            <outerBoundaryIs>
                <LinearRing>
                    <coordinates>

                        83.2055869017551,23.337945186135926,0
                        83.12844126491494,23.36623190061876,0
                        83.37155873508503,24.022656988270118,0
                        83.44441309824488,23.995943702752967,0
                        83.2055869017551,23.337945186135926,0

                    </coordinates>
                </LinearRing>
            </outerBoundaryIs>

        </Polygon>

    </Placemark>
    
    <Placemark>

        <Style>
            <LineStyle>
                <width>0</width>
            </LineStyle>

            <PolyStyle>
                <color>b3ff7300</color>
                <outline>0</outline>
            </PolyStyle>
        </Style>

        <Polygon>
            <tessellate>1</tessellate>

            <outerBoundaryIs>
                <LinearRing>
                    <coordinates>

                        83.12844126491494,23.36623190061876,0
                        83.05131110030257,23.395084276352456,0
                        83.29868889969742,24.049915723647537,0
                        83.37155873508503,24.022656988270118,0
                        83.12844126491494,23.36623190061876,0

                    </coordinates>
                </LinearRing>
            </outerBoundaryIs>

        </Polygon>

    </Placemark>
    
    <Placemark>

        <Style>
            <LineStyle>
                <width>0</width>
            </LineStyle>

            <PolyStyle>
                <color>b3ff7600</color>
                <outline>0</outline>
            </PolyStyle>
        </Style>

        <Polygon>
            <tessellate>1</tessellate>

            <outerBoundaryIs>
                <LinearRing>
                    <coordinates>

                        83.05131110030257,23.395084276352456,0
                        82.9741965267419,23.424502038799574,0
                        83.22580347325808,24.07772018342265,0
                        83.29868889969742,24.049915723647537,0
                        83.05131110030257,23.395084276352456,0

                    </coordinates>
                </LinearRing>
            </outerBoundaryIs>

        </Polygon>

    </Placemark>
    
    <Placemark>

        <Style>
            <LineStyle>
                <width>0</width>
            </LineStyle>

            <PolyStyle>
                <color>b3ff7800</color>
                <outline>0</outline>
            </PolyStyle>
        </Style>

        <Polygon>
            <tessellate>1</tessellate>

            <outerBoundaryIs>
                <LinearRing>
                    <coordinates>

                        82.9741965267419,23.424502038799574,0
                        82.89709765510078,23.454484913876065,0
                        83.15290234489923,24.106070641679487,0
                        83.22580347325808,24.07772018342265,0
                        82.9741965267419,23.424502038799574,0

                    </coordinates>
                </LinearRing>
            </outerBoundaryIs>

        </Polygon>

    </Placemark>
    
    <Placemark>

        <Style>
            <LineStyle>
                <width>0</width>
            </LineStyle>

            <PolyStyle>
                <color>b3ff7a00</color>
                <outline>0</outline>
            </PolyStyle>
        </Style>

        <Polygon>
            <tessellate>1</tessellate>

            <outerBoundaryIs>
                <LinearRing>
                    <coordinates>

                        82.89709765510078,23.454484913876065,0
                        82.82001458838678,23.485032628149007,0
                        83.07998541161322,24.134967371850998,0
                        83.15290234489923,24.106070641679487,0
                        82.89709765510078,23.454484913876065,0

                    </coordinates>
                </LinearRing>
            </outerBoundaryIs>

        </Polygon>

    </Placemark>
    
    <Placemark>

        <Style>
            <LineStyle>
                <width>0</width>
            </LineStyle>

            <PolyStyle>
                <color>b3ff7d00</color>
                <outline>0</outline>
            </PolyStyle>
        </Style>

        <Polygon>
            <tessellate>1</tessellate>

            <outerBoundaryIs>
                <LinearRing>
                    <coordinates>

                        82.82001458838678,23.485032628149007,0
                        82.74294742184956,23.516144909028217,0
                        83.00705257815044,24.164410646527347,0
                        83.07998541161322,24.134967371850998,0
                        82.82001458838678,23.485032628149007,0

                    </coordinates>
                </LinearRing>
            </outerBoundaryIs>

        </Polygon>

    </Placemark>
    
    <Placemark>

        <Style>
            <LineStyle>
                <width>0</width>
            </LineStyle>

            <PolyStyle>
                <color>b3ff7f00</color>
                <outline>0</outline>
            </PolyStyle>
        </Style>

        <Polygon>
            <tessellate>1</tessellate>

            <outerBoundaryIs>
                <LinearRing>
                    <coordinates>

                        82.74294742184956,23.516144909028217,0
                        82.6658962430888,23.547821484951687,0
                        82.9341037569112,24.194400737270538,0
                        83.00705257815044,24.164410646527347,0
                        82.74294742184956,23.516144909028217,0

                    </coordinates>
                </LinearRing>
            </outerBoundaryIs>

        </Polygon>

    </Placemark>
    
    <Placemark>

        <Style>
            <LineStyle>
                <width>0</width>
            </LineStyle>

            <PolyStyle>
                <color>b3ff8100</color>
                <outline>0</outline>
            </PolyStyle>
        </Style>

        <Polygon>
            <tessellate>1</tessellate>

            <outerBoundaryIs>
                <LinearRing>
                    <coordinates>

                        82.6658962430888,23.547821484951687,0
                        82.58886113216795,23.580062085564666,0
                        82.86113886783204,24.22493791443534,0
                        82.9341037569112,24.194400737270538,0
                        82.6658962430888,23.547821484951687,0

                    </coordinates>
                </LinearRing>
            </outerBoundaryIs>

        </Polygon>

    </Placemark>
    
    <Placemark>

        <Style>
            <LineStyle>
                <width>0</width>
            </LineStyle>

            <PolyStyle>
                <color>b3ff8400</color>
                <outline>0</outline>
            </PolyStyle>
        </Style>

        <Polygon>
            <tessellate>1</tessellate>

            <outerBoundaryIs>
                <LinearRing>
                    <coordinates>

                        82.58886113216795,23.580062085564666,0
                        82.51184216173316,23.612866441892287,0
                        82.78815783826683,24.256022446996603,0
                        82.86113886783204,24.22493791443534,0
                        82.58886113216795,23.580062085564666,0

                    </coordinates>
                </LinearRing>
            </outerBoundaryIs>

        </Polygon>

    </Placemark>
    
    <Placemark>

        <Style>
            <LineStyle>
                <width>0</width>
            </LineStyle>

            <PolyStyle>
                <color>b3ff8600</color>
                <outline>0</outline>
            </PolyStyle>
        </Style>

        <Polygon>
            <tessellate>1</tessellate>

            <outerBoundaryIs>
                <LinearRing>
                    <coordinates>

                        82.51184216173316,23.612866441892287,0
                        82.43483939713691,23.64623428650576,0
                        82.7151606028631,24.287654602383128,0
                        82.78815783826683,24.256022446996603,0
                        82.51184216173316,23.612866441892287,0

                    </coordinates>
                </LinearRing>
            </outerBoundaryIs>

        </Polygon>

    </Placemark>
    
    <Placemark>

        <Style>
            <LineStyle>
                <width>0</width>
            </LineStyle>

            <PolyStyle>
                <color>b3ff8800</color>
                <outline>0</outline>
            </PolyStyle>
        </Style>

        <Polygon>
            <tessellate>1</tessellate>

            <outerBoundaryIs>
                <LinearRing>
                    <coordinates>

                        82.43483939713691,23.64623428650576,0
                        82.35785289656623,23.680165353681957,0
                        82.64214710343377,24.319834646318043,0
                        82.7151606028631,24.287654602383128,0
                        82.43483939713691,23.64623428650576,0

                    </coordinates>
                </LinearRing>
            </outerBoundaryIs>

        </Polygon>

    </Placemark>
    
    <Placemark>

        <Style>
            <LineStyle>
                <width>0</width>
            </LineStyle>

            <PolyStyle>
                <color>b3ff8b00</color>
                <outline>0</outline>
            </PolyStyle>
        </Style>

        <Polygon>
            <tessellate>1</tessellate>

            <outerBoundaryIs>
                <LinearRing>
                    <coordinates>

                        82.35785289656623,23.680165353681957,0
                        82.280882711175,23.714659379556434,0
                        82.569117288825,24.352562842665794,0
                        82.64214710343377,24.319834646318043,0
                        82.35785289656623,23.680165353681957,0

                    </coordinates>
                </LinearRing>
            </outerBoundaryIs>

        </Polygon>

    </Placemark>
    
    <Placemark>

        <Style>
            <LineStyle>
                <width>0</width>
            </LineStyle>

            <PolyStyle>
                <color>b3ff8d00</color>
                <outline>0</outline>
            </PolyStyle>
        </Style>

        <Polygon>
            <tessellate>1</tessellate>

            <outerBoundaryIs>
                <LinearRing>
                    <coordinates>

                        82.280882711175,23.714659379556434,0
                        82.20392888522,23.749716102269822,0
                        82.49607111478,24.385839453285733,0
                        82.569117288825,24.352562842665794,0
                        82.280882711175,23.714659379556434,0

                    </coordinates>
                </LinearRing>
            </outerBoundaryIs>

        </Polygon>

    </Placemark>
    
    <Placemark>

        <Style>
            <LineStyle>
                <width>0</width>
            </LineStyle>

            <PolyStyle>
                <color>b3ff8f00</color>
                <outline>0</outline>
            </PolyStyle>
        </Style>

        <Polygon>
            <tessellate>1</tessellate>

            <outerBoundaryIs>
                <LinearRing>
                    <coordinates>

                        82.20392888522,23.749716102269822,0
                        82.12699145620039,23.78533526210765,0
                        82.4230085437996,24.419664737892347,0
                        82.49607111478,24.385839453285733,0
                        82.20392888522,23.749716102269822,0

                    </coordinates>
                </LinearRing>
            </outerBoundaryIs>

        </Polygon>

    </Placemark>
    
    <Placemark>

        <Style>
            <LineStyle>
                <width>0</width>
            </LineStyle>

            <PolyStyle>
                <color>b3ff9200</color>
                <outline>0</outline>
            </PolyStyle>
        </Style>

        <Polygon>
            <tessellate>1</tessellate>

            <outerBoundaryIs>
                <LinearRing>
                    <coordinates>

                        82.12699145620039,23.78533526210765,0
                        82.05007045500038,23.821516601633434,0
                        82.34992954499963,24.454038953922122,0
                        82.4230085437996,24.419664737892347,0
                        82.12699145620039,23.78533526210765,0

                    </coordinates>
                </LinearRing>
            </outerBoundaryIs>

        </Polygon>

    </Placemark>
    
    <Placemark>

        <Style>
            <LineStyle>
                <width>0</width>
            </LineStyle>

            <PolyStyle>
                <color>b3ff9400</color>
                <outline>0</outline>
            </PolyStyle>
        </Style>

        <Polygon>
            <tessellate>1</tessellate>

            <outerBoundaryIs>
                <LinearRing>
                    <coordinates>

                        82.05007045500038,23.821516601633434,0
                        81.97316590603432,23.8582598658153,0
                        82.27683409396568,24.48896235640693,0
                        82.34992954499963,24.454038953922122,0
                        82.05007045500038,23.821516601633434,0

                    </coordinates>
                </LinearRing>
            </outerBoundaryIs>

        </Polygon>

    </Placemark>
    
    <Placemark>

        <Style>
            <LineStyle>
                <width>0</width>
            </LineStyle>

            <PolyStyle>
                <color>b3ff9600</color>
                <outline>0</outline>
            </PolyStyle>
        </Style>

        <Polygon>
            <tessellate>1</tessellate>

            <outerBoundaryIs>
                <LinearRing>
                    <coordinates>

                        81.97316590603432,23.8582598658153,0
                        81.89627782739457,23.895564802146026,0
                        82.20372217260542,24.52443519785397,0
                        82.27683409396568,24.48896235640693,0
                        81.97316590603432,23.8582598658153,0

                    </coordinates>
                </LinearRing>
            </outerBoundaryIs>

        </Polygon>

    </Placemark>
    
    <Placemark>

        <Style>
            <LineStyle>
                <width>0</width>
            </LineStyle>

            <PolyStyle>
                <color>b3ff9900</color>
                <outline>0</outline>
            </PolyStyle>
        </Style>

        <Polygon>
            <tessellate>1</tessellate>

            <outerBoundaryIs>
                <LinearRing>
                    <coordinates>

                        81.89627782739457,23.895564802146026,0
                        81.81940623100128,23.933431160756534,0
                        82.13059376899871,24.560457728132356,0
                        82.20372217260542,24.52443519785397,0
                        81.89627782739457,23.895564802146026,0

                    </coordinates>
                </LinearRing>
            </outerBoundaryIs>

        </Polygon>

    </Placemark>
    
    <Placemark>

        <Style>
            <LineStyle>
                <width>0</width>
            </LineStyle>

            <PolyStyle>
                <color>b3ff9b00</color>
                <outline>0</outline>
            </PolyStyle>
        </Style>

        <Polygon>
            <tessellate>1</tessellate>

            <outerBoundaryIs>
                <LinearRing>
                    <coordinates>

                        81.81940623100128,23.933431160756534,0
                        81.74255112275414,23.971858694522897,0
                        82.05744887724587,24.59703019436599,0
                        82.13059376899871,24.560457728132356,0
                        81.81940623100128,23.933431160756534,0

                    </coordinates>
                </LinearRing>
            </outerBoundaryIs>

        </Polygon>

    </Placemark>
    
    <Placemark>

        <Style>
            <LineStyle>
                <width>0</width>
            </LineStyle>

            <PolyStyle>
                <color>b3ff9d00</color>
                <outline>0</outline>
            </PolyStyle>
        </Style>

        <Polygon>
            <tessellate>1</tessellate>

            <outerBoundaryIs>
                <LinearRing>
                    <coordinates>

                        81.74255112275414,23.971858694522897,0
                        81.66571250268525,24.010847159167128,0
                        81.98428749731475,24.634152840832876,0
                        82.05744887724587,24.59703019436599,0
                        81.74255112275414,23.971858694522897,0

                    </coordinates>
                </LinearRing>
            </outerBoundaryIs>

        </Polygon>

    </Placemark>
    
    <Placemark>

        <Style>
            <LineStyle>
                <width>0</width>
            </LineStyle>

            <PolyStyle>
                <color>b3ff9f00</color>
                <outline>0</outline>
            </PolyStyle>
        </Style>

        <Polygon>
            <tessellate>1</tessellate>

            <outerBoundaryIs>
                <LinearRing>
                    <coordinates>

                        81.66571250268525,24.010847159167128,0
                        81.58889036511368,24.0503963133515,0
                        81.91110963488632,24.67182590887073,0
                        81.98428749731475,24.634152840832876,0
                        81.66571250268525,24.010847159167128,0

                    </coordinates>
                </LinearRing>
            </outerBoundaryIs>

        </Polygon>

    </Placemark>
    
    <Placemark>

        <Style>
            <LineStyle>
                <width>0</width>
            </LineStyle>

            <PolyStyle>
                <color>b3ffa200</color>
                <outline>0</outline>
            </PolyStyle>
        </Style>

        <Polygon>
            <tessellate>1</tessellate>

            <outerBoundaryIs>
                <LinearRing>
                    <coordinates>

                        81.58889036511368,24.0503963133515,0
                        81.51208469880066,24.090505918766773,0
                        81.83791530119933,24.71004963678878,0
                        81.91110963488632,24.67182590887073,0
                        81.58889036511368,24.0503963133515,0

                    </coordinates>
                </LinearRing>
            </outerBoundaryIs>

        </Polygon>

    </Placemark>
    
    <Placemark>

        <Style>
            <LineStyle>
                <width>0</width>
            </LineStyle>

            <PolyStyle>
                <color>b3ffa400</color>
                <outline>0</outline>
            </PolyStyle>
        </Style>

        <Polygon>
            <tessellate>1</tessellate>

            <outerBoundaryIs>
                <LinearRing>
                    <coordinates>

                        81.51208469880066,24.090505918766773,0
                        81.43529548710549,24.131175740214296,0
                        81.7647045128945,24.7488242597857,0
                        81.83791530119933,24.71004963678878,0
                        81.51208469880066,24.090505918766773,0

                    </coordinates>
                </LinearRing>
            </outerBoundaryIs>

        </Polygon>

    </Placemark>
    
    <Placemark>

        <Style>
            <LineStyle>
                <width>0</width>
            </LineStyle>

            <PolyStyle>
                <color>b3ffa600</color>
                <outline>0</outline>
            </PolyStyle>
        </Style>

        <Polygon>
            <tessellate>1</tessellate>

            <outerBoundaryIs>
                <LinearRing>
                    <coordinates>

                        81.43529548710549,24.131175740214296,0
                        81.35852270814202,24.17240554568201,0
                        81.69147729185799,24.788150009873547,0
                        81.7647045128945,24.7488242597857,0
                        81.43529548710549,24.131175740214296,0

                    </coordinates>
                </LinearRing>
            </outerBoundaryIs>

        </Polygon>

    </Placemark>
    
    <Placemark>

        <Style>
            <LineStyle>
                <width>0</width>
            </LineStyle>

            <PolyStyle>
                <color>b3ffa900</color>
                <outline>0</outline>
            </PolyStyle>
        </Style>

        <Polygon>
            <tessellate>1</tessellate>

            <outerBoundaryIs>
                <LinearRing>
                    <coordinates>

                        81.35852270814202,24.17240554568201,0
                        81.28176633493486,24.214195106414792,0
                        81.61823366506512,24.82802711580743,0
                        81.69147729185799,24.788150009873547,0
                        81.35852270814202,24.17240554568201,0

                    </coordinates>
                </LinearRing>
            </outerBoundaryIs>

        </Polygon>

    </Placemark>
    
    <Placemark>

        <Style>
            <LineStyle>
                <width>0</width>
            </LineStyle>

            <PolyStyle>
                <color>b3ffab00</color>
                <outline>0</outline>
            </PolyStyle>
        </Style>

        <Polygon>
            <tessellate>1</tessellate>

            <outerBoundaryIs>
                <LinearRing>
                    <coordinates>

                        81.28176633493486,24.214195106414792,0
                        81.20502633557612,24.256544196978847,0
                        81.54497366442388,24.868455803021153,0
                        81.61823366506512,24.82802711580743,0
                        81.28176633493486,24.214195106414792,0

                    </coordinates>
                </LinearRing>
            </outerBoundaryIs>

        </Polygon>

    </Placemark>
    
    <Placemark>

        <Style>
            <LineStyle>
                <width>0</width>
            </LineStyle>

            <PolyStyle>
                <color>b3ffad00</color>
                <outline>0</outline>
            </PolyStyle>
        </Style>

        <Polygon>
            <tessellate>1</tessellate>

            <outerBoundaryIs>
                <LinearRing>
                    <coordinates>

                        81.20502633557612,24.256544196978847,0
                        81.12830267338143,24.299452595320513,0
                        81.47169732661857,24.90943629356838,0
                        81.54497366442388,24.868455803021153,0
                        81.20502633557612,24.256544196978847,0

                    </coordinates>
                </LinearRing>
            </outerBoundaryIs>

        </Polygon>

    </Placemark>
    
    <Placemark>

        <Style>
            <LineStyle>
                <width>0</width>
            </LineStyle>

            <PolyStyle>
                <color>b3ffb000</color>
                <outline>0</outline>
            </PolyStyle>
        </Style>

        <Polygon>
            <tessellate>1</tessellate>

            <outerBoundaryIs>
                <LinearRing>
                    <coordinates>

                        81.12830267338143,24.299452595320513,0
                        81.0515953070454,24.342920082819713,0
                        81.39840469295459,24.950968806069174,0
                        81.47169732661857,24.90943629356838,0
                        81.12830267338143,24.299452595320513,0

                    </coordinates>
                </LinearRing>
            </outerBoundaryIs>

        </Polygon>

    </Placemark>
    
    <Placemark>

        <Style>
            <LineStyle>
                <width>0</width>
            </LineStyle>

            <PolyStyle>
                <color>b3ffb200</color>
                <outline>0</outline>
            </PolyStyle>
        </Style>

        <Polygon>
            <tessellate>1</tessellate>

            <outerBoundaryIs>
                <LinearRing>
                    <coordinates>

                        81.0515953070454,24.342920082819713,0
                        80.97490419079679,24.38694644433785,0
                        81.32509580920322,24.993053555662147,0
                        81.39840469295459,24.950968806069174,0
                        81.0515953070454,24.342920082819713,0

                    </coordinates>
                </LinearRing>
            </outerBoundaryIs>

        </Polygon>

    </Placemark>
    
    <Placemark>

        <Style>
            <LineStyle>
                <width>0</width>
            </LineStyle>

            <PolyStyle>
                <color>b3ffb400</color>
                <outline>0</outline>
            </PolyStyle>
        </Style>

        <Polygon>
            <tessellate>1</tessellate>

            <outerBoundaryIs>
                <LinearRing>
                    <coordinates>

                        80.97490419079679,24.38694644433785,0
                        80.89822927455218,24.43153146826066,0
                        81.2517707254478,25.03569075396156,0
                        81.32509580920322,24.993053555662147,0
                        80.97490419079679,24.38694644433785,0

                    </coordinates>
                </LinearRing>
            </outerBoundaryIs>

        </Polygon>

    </Placemark>
    
    <Placemark>

        <Style>
            <LineStyle>
                <width>0</width>
            </LineStyle>

            <PolyStyle>
                <color>b3ffb700</color>
                <outline>0</outline>
            </PolyStyle>
        </Style>

        <Polygon>
            <tessellate>1</tessellate>

            <outerBoundaryIs>
                <LinearRing>
                    <coordinates>

                        80.89822927455218,24.43153146826066,0
                        80.82157050406914,24.476674946535926,0
                        81.17842949593086,25.07888060901963,0
                        81.2517707254478,25.03569075396156,0
                        80.89822927455218,24.43153146826066,0

                    </coordinates>
                </LinearRing>
            </outerBoundaryIs>

        </Polygon>

    </Placemark>
    
    <Placemark>

        <Style>
            <LineStyle>
                <width>0</width>
            </LineStyle>

            <PolyStyle>
                <color>b3ffb900</color>
                <outline>0</outline>
            </PolyStyle>
        </Style>

        <Polygon>
            <tessellate>1</tessellate>

            <outerBoundaryIs>
                <LinearRing>
                    <coordinates>

                        80.82157050406914,24.476674946535926,0
                        80.74492782109769,24.522376674706262,0
                        81.10507217890233,25.122623325293734,0
                        81.17842949593086,25.07888060901963,0
                        80.82157050406914,24.476674946535926,0

                    </coordinates>
                </LinearRing>
            </outerBoundaryIs>

        </Polygon>

    </Placemark>
    
    <Placemark>

        <Style>
            <LineStyle>
                <width>0</width>
            </LineStyle>

            <PolyStyle>
                <color>b3ffbb00</color>
                <outline>0</outline>
            </PolyStyle>
        </Style>

        <Polygon>
            <tessellate>1</tessellate>

            <outerBoundaryIs>
                <LinearRing>
                    <coordinates>

                        80.74492782109769,24.522376674706262,0
                        80.66830116353036,24.56863645193733,0
                        81.03169883646963,25.16691910361822,0
                        81.10507217890233,25.122623325293734,0
                        80.74492782109769,24.522376674706262,0

                    </coordinates>
                </LinearRing>
            </outerBoundaryIs>

        </Polygon>

    </Placemark>
    
    <Placemark>

        <Style>
            <LineStyle>
                <width>0</width>
            </LineStyle>

            <PolyStyle>
                <color>b3ffbe00</color>
                <outline>0</outline>
            </PolyStyle>
        </Style>

        <Polygon>
            <tessellate>1</tessellate>

            <outerBoundaryIs>
                <LinearRing>
                    <coordinates>

                        80.66830116353036,24.56863645193733,0
                        80.59169046555115,24.615454081041136,0
                        80.95830953444886,25.211768141181082,0
                        81.03169883646963,25.16691910361822,0
                        80.66830116353036,24.56863645193733,0

                    </coordinates>
                </LinearRing>
            </outerBoundaryIs>

        </Polygon>

    </Placemark>
    
    <Placemark>

        <Style>
            <LineStyle>
                <width>0</width>
            </LineStyle>

            <PolyStyle>
                <color>b3ffc000</color>
                <outline>0</outline>
            </PolyStyle>
        </Style>

        <Polygon>
            <tessellate>1</tessellate>

            <outerBoundaryIs>
                <LinearRing>
                    <coordinates>

                        80.59169046555115,24.615454081041136,0
                        80.51509565778211,24.66282936849518,0
                        80.88490434221787,25.25717063150482,0
                        80.95830953444886,25.211768141181082,0
                        80.59169046555115,24.615454081041136,0

                    </coordinates>
                </LinearRing>
            </outerBoundaryIs>

        </Polygon>

    </Placemark>
    
    <Placemark>

        <Style>
            <LineStyle>
                <width>0</width>
            </LineStyle>

            <PolyStyle>
                <color>b3ffc200</color>
                <outline>0</outline>
            </PolyStyle>
        </Style>

        <Polygon>
            <tessellate>1</tessellate>

            <outerBoundaryIs>
                <LinearRing>
                    <coordinates>

                        80.51509565778211,24.66282936849518,0
                        80.43851666742853,24.71076212445718,0
                        80.81148333257147,25.303126764431706,0
                        80.88490434221787,25.25717063150482,0
                        80.51509565778211,24.66282936849518,0

                    </coordinates>
                </LinearRing>
            </outerBoundaryIs>

        </Polygon>

    </Placemark>
    
    <Placemark>

        <Style>
            <LineStyle>
                <width>0</width>
            </LineStyle>

            <PolyStyle>
                <color>b3ffc500</color>
                <outline>0</outline>
            </PolyStyle>
        </Style>

        <Polygon>
            <tessellate>1</tessellate>

            <outerBoundaryIs>
                <LinearRing>
                    <coordinates>

                        80.43851666742853,24.71076212445718,0
                        80.36195341842193,24.759252162775695,0
                        80.73804658157806,25.34963672611319,0
                        80.81148333257147,25.303126764431706,0
                        80.43851666742853,24.71076212445718,0

                    </coordinates>
                </LinearRing>
            </outerBoundaryIs>

        </Polygon>

    </Placemark>
    
    <Placemark>

        <Style>
            <LineStyle>
                <width>0</width>
            </LineStyle>

            <PolyStyle>
                <color>b3ffc700</color>
                <outline>0</outline>
            </PolyStyle>
        </Style>

        <Polygon>
            <tessellate>1</tessellate>

            <outerBoundaryIs>
                <LinearRing>
                    <coordinates>

                        80.36195341842193,24.759252162775695,0
                        80.28540583156108,24.808299300996826,0
                        80.66459416843891,25.396700699003173,0
                        80.73804658157806,25.34963672611319,0
                        80.36195341842193,24.759252162775695,0

                    </coordinates>
                </LinearRing>
            </outerBoundaryIs>

        </Polygon>

    </Placemark>
    
    <Placemark>

        <Style>
            <LineStyle>
                <width>0</width>
            </LineStyle>

            <PolyStyle>
                <color>b3ffc900</color>
                <outline>0</outline>
            </PolyStyle>
        </Style>

        <Polygon>
            <tessellate>1</tessellate>

            <outerBoundaryIs>
                <LinearRing>
                    <coordinates>

                        80.28540583156108,24.808299300996826,0
                        80.2088738246509,24.857903360366997,0
                        80.59112617534912,25.444318861855223,0
                        80.66459416843891,25.396700699003173,0
                        80.28540583156108,24.808299300996826,0

                    </coordinates>
                </LinearRing>
            </outerBoundaryIs>

        </Polygon>

    </Placemark>
    
    <Placemark>

        <Style>
            <LineStyle>
                <width>0</width>
            </LineStyle>

            <PolyStyle>
                <color>b3ffcc00</color>
                <outline>0</outline>
            </PolyStyle>
        </Style>

        <Polygon>
            <tessellate>1</tessellate>

            <outerBoundaryIs>
                <LinearRing>
                    <coordinates>

                        80.2088738246509,24.857903360366997,0
                        80.13235731263872,24.90806416583229,0
                        80.51764268736126,25.492491389723266,0
                        80.59112617534912,25.444318861855223,0
                        80.2088738246509,24.857903360366997,0

                    </coordinates>
                </LinearRing>
            </outerBoundaryIs>

        </Polygon>

    </Placemark>
    
    <Placemark>

        <Style>
            <LineStyle>
                <width>0</width>
            </LineStyle>

            <PolyStyle>
                <color>b3ffce00</color>
                <outline>0</outline>
            </PolyStyle>
        </Style>

        <Polygon>
            <tessellate>1</tessellate>

            <outerBoundaryIs>
                <LinearRing>
                    <coordinates>

                        80.13235731263872,24.90806416583229,0
                        80.05585620774879,24.958781546034047,0
                        80.44414379225121,25.541218453965953,0
                        80.51764268736126,25.492491389723266,0
                        80.13235731263872,24.90806416583229,0

                    </coordinates>
                </LinearRing>
            </outerBoundaryIs>

        </Polygon>

    </Placemark>
    
    <Placemark>

        <Style>
            <LineStyle>
                <width>0</width>
            </LineStyle>

            <PolyStyle>
                <color>b3ffd000</color>
                <outline>0</outline>
            </PolyStyle>
        </Style>

        <Polygon>
            <tessellate>1</tessellate>

            <outerBoundaryIs>
                <LinearRing>
                    <coordinates>

                        80.05585620774879,24.958781546034047,0
                        79.97937041961376,25.010055333301302,0
                        80.37062958038624,25.590500222254256,0
                        80.44414379225121,25.541218453965953,0
                        80.05585620774879,24.958781546034047,0

                    </coordinates>
                </LinearRing>
            </outerBoundaryIs>

        </Polygon>

    </Placemark>
    
    <Placemark>

        <Style>
            <LineStyle>
                <width>0</width>
            </LineStyle>

            <PolyStyle>
                <color>b3ffd200</color>
                <outline>0</outline>
            </PolyStyle>
        </Style>

        <Polygon>
            <tessellate>1</tessellate>

            <outerBoundaryIs>
                <LinearRing>
                    <coordinates>

                        79.97937041961376,25.010055333301302,0
                        79.9028998554039,25.06188536364004,0
                        80.29710014459609,25.640336858582184,0
                        80.37062958038624,25.590500222254256,0
                        79.97937041961376,25.010055333301302,0

                    </coordinates>
                </LinearRing>
            </outerBoundaryIs>

        </Polygon>

    </Placemark>
    
    <Placemark>

        <Style>
            <LineStyle>
                <width>0</width>
            </LineStyle>

            <PolyStyle>
                <color>b3ffd500</color>
                <outline>0</outline>
            </PolyStyle>
        </Style>

        <Polygon>
            <tessellate>1</tessellate>

            <outerBoundaryIs>
                <LinearRing>
                    <coordinates>

                        79.9028998554039,25.06188536364004,0
                        79.82644441995399,25.114271476719274,0
                        80.22355558004602,25.690728523280725,0
                        80.29710014459609,25.640336858582184,0
                        79.9028998554039,25.06188536364004,0

                    </coordinates>
                </LinearRing>
            </outerBoundaryIs>

        </Polygon>

    </Placemark>
    
    <Placemark>

        <Style>
            <LineStyle>
                <width>0</width>
            </LineStyle>

            <PolyStyle>
                <color>b3ffd700</color>
                <outline>0</outline>
            </PolyStyle>
        </Style>

        <Polygon>
            <tessellate>1</tessellate>

            <outerBoundaryIs>
                <LinearRing>
                    <coordinates>

                        79.82644441995399,25.114271476719274,0
                        79.75000401588697,25.167213515854453,0
                        80.149995984113,25.741675373034436,0
                        80.22355558004602,25.690728523280725,0
                        79.82644441995399,25.114271476719274,0

                    </coordinates>
                </LinearRing>
            </outerBoundaryIs>

        </Polygon>

    </Placemark>
    
    <Placemark>

        <Style>
            <LineStyle>
                <width>0</width>
            </LineStyle>

            <PolyStyle>
                <color>b3ffd900</color>
                <outline>0</outline>
            </PolyStyle>
        </Style>

        <Polygon>
            <tessellate>1</tessellate>

            <outerBoundaryIs>
                <LinearRing>
                    <coordinates>

                        79.75000401588697,25.167213515854453,0
                        79.67357854373577,25.22071132798795,0
                        80.07642145626423,25.793177560900943,0
                        80.149995984113,25.741675373034436,0
                        79.75000401588697,25.167213515854453,0

                    </coordinates>
                </LinearRing>
            </outerBoundaryIs>

        </Polygon>

    </Placemark>
    
    <Placemark>

        <Style>
            <LineStyle>
                <width>0</width>
            </LineStyle>

            <PolyStyle>
                <color>b3ffdc00</color>
                <outline>0</outline>
            </PolyStyle>
        </Style>

        <Polygon>
            <tessellate>1</tessellate>

            <outerBoundaryIs>
                <LinearRing>
                    <coordinates>

                        79.67357854373577,25.22071132798795,0
                        79.59716790206163,25.274764763667044,0
                        80.00283209793837,25.84523523633296,0
                        80.07642145626423,25.793177560900943,0
                        79.67357854373577,25.22071132798795,0

                    </coordinates>
                </LinearRing>
            </outerBoundaryIs>

        </Polygon>

    </Placemark>
    
    <Placemark>

        <Style>
            <LineStyle>
                <width>0</width>
            </LineStyle>

            <PolyStyle>
                <color>b3ffde00</color>
                <outline>0</outline>
            </PolyStyle>
        </Style>

        <Polygon>
            <tessellate>1</tessellate>

            <outerBoundaryIs>
                <LinearRing>
                    <coordinates>

                        79.59716790206163,25.274764763667044,0
                        79.5207719875701,25.329373677019586,0
                        79.92922801242989,25.89784854520264,0
                        80.00283209793837,25.84523523633296,0
                        79.59716790206163,25.274764763667044,0

                    </coordinates>
                </LinearRing>
            </outerBoundaryIs>

        </Polygon>

    </Placemark>
    
    <Placemark>

        <Style>
            <LineStyle>
                <width>0</width>
            </LineStyle>

            <PolyStyle>
                <color>b3ffe000</color>
                <outline>0</outline>
            </PolyStyle>
        </Style>

        <Polygon>
            <tessellate>1</tessellate>

            <outerBoundaryIs>
                <LinearRing>
                    <coordinates>

                        79.5207719875701,25.329373677019586,0
                        79.44439069522443,25.384537925727077,0
                        79.85560930477558,25.95101762982848,0
                        79.92922801242989,25.89784854520264,0
                        79.5207719875701,25.329373677019586,0

                    </coordinates>
                </LinearRing>
            </outerBoundaryIs>

        </Polygon>

    </Placemark>
    
    <Placemark>

        <Style>
            <LineStyle>
                <width>0</width>
            </LineStyle>

            <PolyStyle>
                <color>b3ffe300</color>
                <outline>0</outline>
            </PolyStyle>
        </Style>

        <Polygon>
            <tessellate>1</tessellate>

            <outerBoundaryIs>
                <LinearRing>
                    <coordinates>

                        79.44439069522443,25.384537925727077,0
                        79.36802391835572,25.440257370995848,0
                        79.78197608164429,26.004742629004152,0
                        79.85560930477558,25.95101762982848,0
                        79.44439069522443,25.384537925727077,0

                    </coordinates>
                </LinearRing>
            </outerBoundaryIs>

        </Polygon>

    </Placemark>
    
    <Placemark>

        <Style>
            <LineStyle>
                <width>0</width>
            </LineStyle>

            <PolyStyle>
                <color>b3ffe500</color>
                <outline>0</outline>
            </PolyStyle>
        </Style>

        <Polygon>
            <tessellate>1</tessellate>

            <outerBoundaryIs>
                <LinearRing>
                    <coordinates>

                        79.36802391835572,25.440257370995848,0
                        79.29167154877065,25.496531877526095,0
                        79.70832845122935,26.05902367802946,0
                        79.78197608164429,26.004742629004152,0
                        79.36802391835572,25.440257370995848,0

                    </coordinates>
                </LinearRing>
            </outerBoundaryIs>

        </Polygon>

    </Placemark>
    
    <Placemark>

        <Style>
            <LineStyle>
                <width>0</width>
            </LineStyle>

            <PolyStyle>
                <color>b3ffe700</color>
                <outline>0</outline>
            </PolyStyle>
        </Style>

        <Polygon>
            <tessellate>1</tessellate>

            <outerBoundaryIs>
                <LinearRing>
                    <coordinates>

                        79.29167154877065,25.496531877526095,0
                        79.21533347685633,25.553361313478984,0
                        79.63466652314366,26.113860908743238,0
                        79.70832845122935,26.05902367802946,0
                        79.29167154877065,25.496531877526095,0

                    </coordinates>
                </LinearRing>
            </outerBoundaryIs>

        </Polygon>

    </Placemark>
    
    <Placemark>

        <Style>
            <LineStyle>
                <width>0</width>
            </LineStyle>

            <PolyStyle>
                <color>b3ffea00</color>
                <outline>0</outline>
            </PolyStyle>
        </Style>

        <Polygon>
            <tessellate>1</tessellate>

            <outerBoundaryIs>
                <LinearRing>
                    <coordinates>

                        79.21533347685633,25.553361313478984,0
                        79.13900959168224,25.610745550442054,0
                        79.56099040831775,26.16925444955794,0
                        79.63466652314366,26.113860908743238,0
                        79.21533347685633,25.553361313478984,0

                    </coordinates>
                </LinearRing>
            </outerBoundaryIs>

        </Polygon>

    </Placemark>
    
    <Placemark>

        <Style>
            <LineStyle>
                <width>0</width>
            </LineStyle>

            <PolyStyle>
                <color>b3ffec00</color>
                <outline>0</outline>
            </PolyStyle>
        </Style>

        <Polygon>
            <tessellate>1</tessellate>

            <outerBoundaryIs>
                <LinearRing>
                    <coordinates>

                        79.13900959168224,25.610745550442054,0
                        79.06269978109952,25.668684463392893,0
                        79.48730021890049,26.225204425495996,0
                        79.56099040831775,26.16925444955794,0
                        79.13900959168224,25.610745550442054,0

                    </coordinates>
                </LinearRing>
            </outerBoundaryIs>

        </Polygon>

    </Placemark>
    
    <Placemark>

        <Style>
            <LineStyle>
                <width>0</width>
            </LineStyle>

            <PolyStyle>
                <color>b3ffee00</color>
                <outline>0</outline>
            </PolyStyle>
        </Style>

        <Polygon>
            <tessellate>1</tessellate>

            <outerBoundaryIs>
                <LinearRing>
                    <coordinates>

                        79.06269978109952,25.668684463392893,0
                        78.98640393183732,25.727177930661334,0
                        79.41359606816269,26.281710958227556,0
                        79.48730021890049,26.225204425495996,0
                        79.06269978109952,25.668684463392893,0

                    </coordinates>
                </LinearRing>
            </outerBoundaryIs>

        </Polygon>

    </Placemark>
    
    <Placemark>

        <Style>
            <LineStyle>
                <width>0</width>
            </LineStyle>

            <PolyStyle>
                <color>b3fff100</color>
                <outline>0</outline>
            </PolyStyle>
        </Style>

        <Polygon>
            <tessellate>1</tessellate>

            <outerBoundaryIs>
                <LinearRing>
                    <coordinates>

                        78.98640393183732,25.727177930661334,0
                        78.9101219295964,25.786225833890274,0
                        79.3398780704036,26.338774166109726,0
                        79.41359606816269,26.281710958227556,0
                        78.98640393183732,25.727177930661334,0

                    </coordinates>
                </LinearRing>
            </outerBoundaryIs>

        </Polygon>

    </Placemark>
    
    <Placemark>

        <Style>
            <LineStyle>
                <width>0</width>
            </LineStyle>

            <PolyStyle>
                <color>b3fff300</color>
                <outline>0</outline>
            </PolyStyle>
        </Style>

        <Polygon>
            <tessellate>1</tessellate>

            <outerBoundaryIs>
                <LinearRing>
                    <coordinates>

                        78.9101219295964,25.786225833890274,0
                        78.83385365914016,25.845828057995046,0
                        79.26614634085983,26.39639416422718,0
                        79.3398780704036,26.338774166109726,0
                        78.9101219295964,25.786225833890274,0

                    </coordinates>
                </LinearRing>
            </outerBoundaryIs>

        </Polygon>

    </Placemark>
    
    <Placemark>

        <Style>
            <LineStyle>
                <width>0</width>
            </LineStyle>

            <PolyStyle>
                <color>b3fff500</color>
                <outline>0</outline>
            </PolyStyle>
        </Style>

        <Polygon>
            <tessellate>1</tessellate>

            <outerBoundaryIs>
                <LinearRing>
                    <coordinates>

                        78.83385365914016,25.845828057995046,0
                        78.75759900438261,25.905984491121743,0
                        79.19240099561738,26.454571064433807,0
                        79.26614634085983,26.39639416422718,0
                        78.83385365914016,25.845828057995046,0

                    </coordinates>
                </LinearRing>
            </outerBoundaryIs>

        </Polygon>

    </Placemark>
    
    <Placemark>

        <Style>
            <LineStyle>
                <width>0</width>
            </LineStyle>

            <PolyStyle>
                <color>b3fff800</color>
                <outline>0</outline>
            </PolyStyle>
        </Style>

        <Polygon>
            <tessellate>1</tessellate>

            <outerBoundaryIs>
                <LinearRing>
                    <coordinates>

                        78.75759900438261,25.905984491121743,0
                        78.68135784847387,25.966695024604345,0
                        79.11864215152615,26.513304975395652,0
                        79.19240099561738,26.454571064433807,0
                        78.75759900438261,25.905984491121743,0

                    </coordinates>
                </LinearRing>
            </outerBoundaryIs>

        </Polygon>

    </Placemark>
    
    <Placemark>

        <Style>
            <LineStyle>
                <width>0</width>
            </LineStyle>

            <PolyStyle>
                <color>b3fffa00</color>
                <outline>0</outline>
            </PolyStyle>
        </Style>

        <Polygon>
            <tessellate>1</tessellate>

            <outerBoundaryIs>
                <LinearRing>
                    <coordinates>

                        78.68135784847387,25.966695024604345,0
                        78.60513007388275,26.027959552920912,0
                        79.04486992611726,26.572596002634647,0
                        79.11864215152615,26.513304975395652,0
                        78.68135784847387,25.966695024604345,0

                    </coordinates>
                </LinearRing>
            </outerBoundaryIs>

        </Polygon>

    </Placemark>
    
    <Placemark>

        <Style>
            <LineStyle>
                <width>0</width>
            </LineStyle>

            <PolyStyle>
                <color>b3fffc00</color>
                <outline>0</outline>
            </PolyStyle>
        </Style>

        <Polygon>
            <tessellate>1</tessellate>

            <outerBoundaryIs>
                <LinearRing>
                    <coordinates>

                        78.60513007388275,26.027959552920912,0
                        78.57140058820025,26.05531678081671,0
                        79.01236045349401,26.59896592980906,0
                        79.04486992611726,26.572596002634647,0
                        78.60513007388275,26.027959552920912,0

                    </coordinates>
                </LinearRing>
            </outerBoundaryIs>

        </Polygon>

    </Placemark>
    
    <Placemark>

        <Style>
            <LineStyle>
                <width>0</width>
            </LineStyle>

            <PolyStyle>
                <color>b3ffff00</color>
                <outline>0</outline>
            </PolyStyle>
        </Style>

        <Polygon>

            <outerBoundaryIs>
                <LinearRing>
                    <coordinates>

                        78.0,27.0,0
                        78.40344023398316,25.86985134712127,0
                        78.57140058820025,26.05531678081671,0
                        79.01236045349401,26.59896592980906,0
                        79.18045756043732,26.784315165098796,0
                        78.0,27.0,0

                    </coordinates>
                </LinearRing>
            </outerBoundaryIs>

        </Polygon>

    </Placemark>
    
    <Placemark>

        <Style>
            <IconStyle>

                <scale>5.0</scale>

                <Icon>
                    <href>https://i.imgur.com/VJIrVJN.png</href>
                </Icon>

            </IconStyle>
        </Style>

        <Point>
            <coordinates>73,27,0</coordinates>
        </Point>

    </Placemark>
    
    <Placemark>

        <Style>
            <IconStyle>

                <scale>3.5</scale>

                <Icon>
                    <href>https://i.imgur.com/qoXQjzD.png</href>
                </Icon>

            </IconStyle>
        </Style>

        <Point>
            <coordinates>76.2,10.5,0</coordinates>
        </Point>

    </Placemark>
    
    <Placemark>

        <Style>
            <IconStyle>

                <scale>3.5</scale>

                <Icon>
                    <href>https://i.imgur.com/qoXQjzD.png</href>
                </Icon>

            </IconStyle>
        </Style>

        <Point>
            <coordinates>75.5,13.5,0</coordinates>
        </Point>

    </Placemark>
    
    <Placemark>

        <Style>
            <IconStyle>

                <scale>3.5</scale>

                <Icon>
                    <href>https://i.imgur.com/qoXQjzD.png</href>
                </Icon>

            </IconStyle>
        </Style>

        <Point>
            <coordinates>73.5,19.2,0</coordinates>
        </Point>

    </Placemark>
    
    <Placemark>

        <Style>
            <IconStyle>

                <scale>3.5</scale>

                <Icon>
                    <href>https://i.imgur.com/qoXQjzD.png</href>
                </Icon>

            </IconStyle>
        </Style>

        <Point>
            <coordinates>79,21,0</coordinates>
        </Point>

    </Placemark>
    
    <Placemark>

        <Style>
            <IconStyle>

                <scale>3.5</scale>

                <Icon>
                    <href>https://i.imgur.com/qoXQjzD.png</href>
                </Icon>

            </IconStyle>
        </Style>

        <Point>
            <coordinates>85.5,18.5,0</coordinates>
        </Point>

    </Placemark>
    
    <Placemark>

        <Style>
            <IconStyle>

                <scale>3.5</scale>

                <Icon>
                    <href>https://i.imgur.com/qoXQjzD.png</href>
                </Icon>

            </IconStyle>
        </Style>

        <Point>
            <coordinates>92.5,25.2,0</coordinates>
        </Point>

    </Placemark>
    
    <Placemark>

        <Style>
            <IconStyle>

                <scale>3.5</scale>

                <Icon>
                    <href>https://i.imgur.com/qoXQjzD.png</href>
                </Icon>

            </IconStyle>
        </Style>

        <Point>
            <coordinates>85,24.5,0</coordinates>
        </Point>

    </Placemark>
    
    <Placemark>

        <Style>
            <IconStyle>

                <scale>3.5</scale>

                <Icon>
                    <href>https://i.imgur.com/qoXQjzD.png</href>
                </Icon>

            </IconStyle>
        </Style>

        <Point>
            <coordinates>77,28.5,0</coordinates>
        </Point>

    </Placemark>
    

</Document>

</kml>
