<?xml version="1.0" encoding="UTF-8"?>

<kml xmlns="http://www.opengis.net/kml/2.2">

<Document>

<name>Gulf Stream Current</name>


<Placemark>
<Style>
<LineStyle>
<width>0</width>
</LineStyle>

<PolyStyle>
<color>ff0000ff</color>
<outline>0</outline>
</PolyStyle>
</Style>

<Polygon>
<tessellate>1</tessellate>

<outerBoundaryIs>
<LinearRing>
<coordinates>

-86.28121959663902,22.35130547742127,0
-86.21866927398595,22.401376906502485,0
-85.65601822601407,21.698935593497517,0
-85.71878040336098,21.64869452257873,0
-86.28121959663902,22.35130547742127,0

</coordinates>
</LinearRing>
</outerBoundaryIs>
</Polygon>
</Placemark>

<Placemark>
<Style>
<LineStyle>
<width>0</width>
</LineStyle>

<PolyStyle>
<color>ff0001ff</color>
<outline>0</outline>
</PolyStyle>
</Style>

<Polygon>
<tessellate>1</tessellate>

<outerBoundaryIs>
<LinearRing>
<coordinates>

-86.21866927398595,22.401376906502485,0
-86.15591115561458,22.451676838168904,0
-85.59283884438543,21.749573161831098,0
-85.65601822601407,21.698935593497517,0
-86.21866927398595,22.401376906502485,0

</coordinates>
</LinearRing>
</outerBoundaryIs>
</Polygon>
</Placemark>

<Placemark>
<Style>
<LineStyle>
<width>0</width>
</LineStyle>

<PolyStyle>
<color>ff0002ff</color>
<outline>0</outline>
</PolyStyle>
</Style>

<Polygon>
<tessellate>1</tessellate>

<outerBoundaryIs>
<LinearRing>
<coordinates>

-86.15591115561458,22.451676838168904,0
-86.09283816285875,22.502290968708127,0
-85.52934933714127,21.80052153129188,0
-85.59283884438543,21.749573161831098,0
-86.15591115561458,22.451676838168904,0

</coordinates>
</LinearRing>
</outerBoundaryIs>
</Polygon>
</Placemark>

<Placemark>
<Style>
<LineStyle>
<width>0</width>
</LineStyle>

<PolyStyle>
<color>ff0003ff</color>
<outline>0</outline>
</PolyStyle>
</Style>

<Polygon>
<tessellate>1</tessellate>

<outerBoundaryIs>
<LinearRing>
<coordinates>

-86.09283816285875,22.502290968708127,0
-86.02945033535626,22.553219272912813,0
-85.46554966464375,21.85178072708719,0
-85.52934933714127,21.80052153129188,0
-86.09283816285875,22.502290968708127,0

</coordinates>
</LinearRing>
</outerBoundaryIs>
</Polygon>
</Placemark>

<Placemark>
<Style>
<LineStyle>
<width>0</width>
</LineStyle>

<PolyStyle>
<color>ff0005ff</color>
<outline>0</outline>
</PolyStyle>
</Style>

<Polygon>
<tessellate>1</tessellate>

<outerBoundaryIs>
<LinearRing>
<coordinates>

-86.02945033535626,22.553219272912813,0
-85.96574771187352,22.60446172606488,0
-85.40143978812648,21.90335077393512,0
-85.46554966464375,21.85178072708719,0
-86.02945033535626,22.553219272912813,0

</coordinates>
</LinearRing>
</outerBoundaryIs>
</Polygon>
</Placemark>

<Placemark>
<Style>
<LineStyle>
<width>0</width>
</LineStyle>

<PolyStyle>
<color>ff0006ff</color>
<outline>0</outline>
</PolyStyle>
</Style>

<Polygon>
<tessellate>1</tessellate>

<outerBoundaryIs>
<LinearRing>
<coordinates>

-85.96574771187352,22.60446172606488,0
-85.90173033032895,22.656018303924093,0
-85.33701966967107,21.955231696075913,0
-85.40143978812648,21.90335077393512,0
-85.96574771187352,22.60446172606488,0

</coordinates>
</LinearRing>
</outerBoundaryIs>
</Polygon>
</Placemark>

<Placemark>
<Style>
<LineStyle>
<width>0</width>
</LineStyle>

<PolyStyle>
<color>ff0007ff</color>
<outline>0</outline>
</PolyStyle>
</Style>

<Polygon>
<tessellate>1</tessellate>

<outerBoundaryIs>
<LinearRing>
<coordinates>

-85.90173033032895,22.656018303924093,0
-85.8373982278162,22.707888982716415,0
-85.27228927218378,22.00742351728358,0
-85.33701966967107,21.955231696075913,0
-85.90173033032895,22.656018303924093,0

</coordinates>
</LinearRing>
</outerBoundaryIs>
</Polygon>
</Placemark>

<Placemark>
<Style>
<LineStyle>
<width>0</width>
</LineStyle>

<PolyStyle>
<color>ff0009ff</color>
<outline>0</outline>
</PolyStyle>
</Style>

<Polygon>
<tessellate>1</tessellate>

<outerBoundaryIs>
<LinearRing>
<coordinates>

-85.8373982278162,22.707888982716415,0
-85.77275144062618,22.76007373912338,0
-85.20724855937384,22.05992626087662,0
-85.27228927218378,22.00742351728358,0
-85.8373982278162,22.707888982716415,0

</coordinates>
</LinearRing>
</outerBoundaryIs>
</Polygon>
</Placemark>

<Placemark>
<Style>
<LineStyle>
<width>0</width>
</LineStyle>

<PolyStyle>
<color>ff000aff</color>
<outline>0</outline>
</PolyStyle>
</Style>

<Polygon>
<tessellate>1</tessellate>

<outerBoundaryIs>
<LinearRing>
<coordinates>

-85.77275144062618,22.76007373912338,0
-85.70779000426839,22.812572550271195,0
-85.1418974957316,22.1127399497288,0
-85.20724855937384,22.05992626087662,0
-85.77275144062618,22.76007373912338,0

</coordinates>
</LinearRing>
</outerBoundaryIs>
</Polygon>
</Placemark>

<Placemark>
<Style>
<LineStyle>
<width>0</width>
</LineStyle>

<PolyStyle>
<color>ff000bff</color>
<outline>0</outline>
</PolyStyle>
</Style>

<Polygon>
<tessellate>1</tessellate>

<outerBoundaryIs>
<LinearRing>
<coordinates>

-85.70779000426839,22.812572550271195,0
-85.6425139534921,22.86538539372033,0
-85.0762360465079,22.16586460627967,0
-85.1418974957316,22.1127399497288,0
-85.70779000426839,22.812572550271195,0

</coordinates>
</LinearRing>
</outerBoundaryIs>
</Polygon>
</Placemark>

<Placemark>
<Style>
<LineStyle>
<width>0</width>
</LineStyle>

<PolyStyle>
<color>ff000dff</color>
<outline>0</outline>
</PolyStyle>
</Style>

<Polygon>
<tessellate>1</tessellate>

<outerBoundaryIs>
<LinearRing>
<coordinates>

-85.6425139534921,22.86538539372033,0
-85.57692332230584,22.9185122474557,0
-85.01026417769418,22.21930025254431,0
-85.0762360465079,22.16586460627967,0
-85.6425139534921,22.86538539372033,0

</coordinates>
</LinearRing>
</outerBoundaryIs>
</Polygon>
</Placemark>

<Placemark>
<Style>
<LineStyle>
<width>0</width>
</LineStyle>

<PolyStyle>
<color>ff000eff</color>
<outline>0</outline>
</PolyStyle>
</Style>

<Polygon>
<tessellate>1</tessellate>

<outerBoundaryIs>
<LinearRing>
<coordinates>

-85.57692332230584,22.9185122474557,0
-85.51101814399765,22.971953089876344,0
-84.94398185600234,22.273046910123647,0
-85.01026417769418,22.21930025254431,0
-85.57692332230584,22.9185122474557,0

</coordinates>
</LinearRing>
</outerBoundaryIs>
</Polygon>
</Placemark>

<Placemark>
<Style>
<LineStyle>
<width>0</width>
</LineStyle>

<PolyStyle>
<color>ff000fff</color>
<outline>0</outline>
</PolyStyle>
</Style>

<Polygon>
<tessellate>1</tessellate>

<outerBoundaryIs>
<LinearRing>
<coordinates>

-85.51101814399765,22.971953089876344,0
-85.44479845115337,23.02570789978637,0
-84.87738904884664,22.327104600213637,0
-84.94398185600234,22.273046910123647,0
-85.51101814399765,22.971953089876344,0

</coordinates>
</LinearRing>
</outerBoundaryIs>
</Polygon>
</Placemark>

<Placemark>
<Style>
<LineStyle>
<width>0</width>
</LineStyle>

<PolyStyle>
<color>ff0011ff</color>
<outline>0</outline>
</PolyStyle>
</Style>

<Polygon>
<tessellate>1</tessellate>

<outerBoundaryIs>
<LinearRing>
<coordinates>

-85.44479845115337,23.02570789978637,0
-85.37826427567514,23.079776656385356,0
-84.81048572432483,22.381473343614644,0
-84.87738904884664,22.327104600213637,0
-85.44479845115337,23.02570789978637,0

</coordinates>
</LinearRing>
</outerBoundaryIs>
</Polygon>
</Placemark>

<Placemark>
<Style>
<LineStyle>
<width>0</width>
</LineStyle>

<PolyStyle>
<color>ff0012ff</color>
<outline>0</outline>
</PolyStyle>
</Style>

<Polygon>
<tessellate>1</tessellate>

<outerBoundaryIs>
<LinearRing>
<coordinates>

-85.37826427567514,23.079776656385356,0
-85.31141564879935,23.1341593392593,0
-84.74327185120065,22.4361531607407,0
-84.81048572432483,22.381473343614644,0
-85.37826427567514,23.079776656385356,0

</coordinates>
</LinearRing>
</outerBoundaryIs>
</Polygon>
</Placemark>

<Placemark>
<Style>
<LineStyle>
<width>0</width>
</LineStyle>

<PolyStyle>
<color>ff0013ff</color>
<outline>0</outline>
</PolyStyle>
</Style>

<Polygon>
<tessellate>1</tessellate>

<outerBoundaryIs>
<LinearRing>
<coordinates>

-85.31141564879935,23.1341593392593,0
-85.24425260111322,23.18885592837214,0
-84.67574739888683,22.491144071627875,0
-84.74327185120065,22.4361531607407,0
-85.31141564879935,23.1341593392593,0

</coordinates>
</LinearRing>
</outerBoundaryIs>
</Polygon>
</Placemark>

<Placemark>
<Style>
<LineStyle>
<width>0</width>
</LineStyle>

<PolyStyle>
<color>ff0014ff</color>
<outline>0</outline>
</PolyStyle>
</Style>

<Polygon>
<tessellate>1</tessellate>

<outerBoundaryIs>
<LinearRing>
<coordinates>

-85.24425260111322,23.18885592837214,0
-85.17677516257224,23.24386640405657,0
-84.60791233742775,22.546446095943423,0
-84.67574739888683,22.491144071627875,0
-85.24425260111322,23.18885592837214,0

</coordinates>
</LinearRing>
</outerBoundaryIs>
</Polygon>
</Placemark>

<Placemark>
<Style>
<LineStyle>
<width>0</width>
</LineStyle>

<PolyStyle>
<color>ff0016ff</color>
<outline>0</outline>
</PolyStyle>
</Style>

<Polygon>
<tessellate>1</tessellate>

<outerBoundaryIs>
<LinearRing>
<coordinates>

-85.17677516257224,23.24386640405657,0
-85.10898336251589,23.299190747006257,0
-84.53976663748412,22.602059252993747,0
-84.60791233742775,22.546446095943423,0
-85.17677516257224,23.24386640405657,0

</coordinates>
</LinearRing>
</outerBoundaryIs>
</Polygon>
</Placemark>

<Placemark>
<Style>
<LineStyle>
<width>0</width>
</LineStyle>

<PolyStyle>
<color>ff0017ff</color>
<outline>0</outline>
</PolyStyle>
</Style>

<Polygon>
<tessellate>1</tessellate>

<outerBoundaryIs>
<LinearRing>
<coordinates>

-85.10898336251589,23.299190747006257,0
-85.0408772296831,23.35482893826753,0
-84.47131027031688,22.657983561732465,0
-84.53976663748412,22.602059252993747,0
-85.10898336251589,23.299190747006257,0

</coordinates>
</LinearRing>
</outerBoundaryIs>
</Polygon>
</Placemark>

<Placemark>
<Style>
<LineStyle>
<width>0</width>
</LineStyle>

<PolyStyle>
<color>ff0018ff</color>
<outline>0</outline>
</PolyStyle>
</Style>

<Polygon>
<tessellate>1</tessellate>

<outerBoundaryIs>
<LinearRing>
<coordinates>

-85.0408772296831,23.35482893826753,0
-84.97245679222803,23.410780959231353,0
-84.40254320777197,22.714219040768647,0
-84.47131027031688,22.657983561732465,0
-85.0408772296831,23.35482893826753,0

</coordinates>
</LinearRing>
</outerBoundaryIs>
</Polygon>
</Placemark>

<Placemark>
<Style>
<LineStyle>
<width>0</width>
</LineStyle>

<PolyStyle>
<color>ff001aff</color>
<outline>0</outline>
</PolyStyle>
</Style>

<Polygon>
<tessellate>1</tessellate>

<outerBoundaryIs>
<LinearRing>
<coordinates>

-84.97245679222803,23.410780959231353,0
-84.90372207773412,23.467046791625876,0
-84.33346542226592,22.77076570837412,0
-84.40254320777197,22.714219040768647,0
-84.97245679222803,23.410780959231353,0

</coordinates>
</LinearRing>
</outerBoundaryIs>
</Polygon>
</Placemark>

<Placemark>
<Style>
<LineStyle>
<width>0</width>
</LineStyle>

<PolyStyle>
<color>ff001bff</color>
<outline>0</outline>
</PolyStyle>
</Style>

<Polygon>
<tessellate>1</tessellate>

<outerBoundaryIs>
<LinearRing>
<coordinates>

-84.90372207773412,23.467046791625876,0
-84.83467311322893,23.523626417508627,0
-84.26407688677106,22.827623582491373,0
-84.33346542226592,22.77076570837412,0
-84.90372207773412,23.467046791625876,0

</coordinates>
</LinearRing>
</outerBoundaryIs>
</Polygon>
</Placemark>

<Placemark>
<Style>
<LineStyle>
<width>0</width>
</LineStyle>

<PolyStyle>
<color>ff001cff</color>
<outline>0</outline>
</PolyStyle>
</Style>

<Polygon>
<tessellate>1</tessellate>

<outerBoundaryIs>
<LinearRing>
<coordinates>

-84.83467311322893,23.523626417508627,0
-84.76530992519785,23.580519819259422,0
-84.19437757480215,22.884792680740574,0
-84.26407688677106,22.827623582491373,0
-84.83467311322893,23.523626417508627,0

</coordinates>
</LinearRing>
</outerBoundaryIs>
</Polygon>
</Placemark>

<Placemark>
<Style>
<LineStyle>
<width>0</width>
</LineStyle>

<PolyStyle>
<color>ff001eff</color>
<outline>0</outline>
</PolyStyle>
</Style>

<Polygon>
<tessellate>1</tessellate>

<outerBoundaryIs>
<LinearRing>
<coordinates>

-84.76530992519785,23.580519819259422,0
-84.69563253959737,23.63772697957328,0
-84.12436746040262,22.94227302042672,0
-84.19437757480215,22.884792680740574,0
-84.76530992519785,23.580519819259422,0

</coordinates>
</LinearRing>
</outerBoundaryIs>
</Polygon>
</Placemark>

<Placemark>
<Style>
<LineStyle>
<width>0</width>
</LineStyle>

<PolyStyle>
<color>ff001fff</color>
<outline>0</outline>
</PolyStyle>
</Style>

<Polygon>
<tessellate>1</tessellate>

<outerBoundaryIs>
<LinearRing>
<coordinates>

-84.69563253959737,23.63772697957328,0
-84.62564098186833,23.69524788145335,0
-84.05404651813167,23.00006461854665,0
-84.12436746040262,22.94227302042672,0
-84.69563253959737,23.63772697957328,0

</coordinates>
</LinearRing>
</outerBoundaryIs>
</Polygon>
</Placemark>

<Placemark>
<Style>
<LineStyle>
<width>0</width>
</LineStyle>

<PolyStyle>
<color>ff0020ff</color>
<outline>0</outline>
</PolyStyle>
</Style>

<Polygon>
<tessellate>1</tessellate>

<outerBoundaryIs>
<LinearRing>
<coordinates>

-84.62564098186833,23.69524788145335,0
-84.5553352769485,23.753082508204308,0
-83.98341472305152,23.058167491795693,0
-84.05404651813167,23.00006461854665,0
-84.62564098186833,23.69524788145335,0

</coordinates>
</LinearRing>
</outerBoundaryIs>
</Polygon>
</Placemark>

<Placemark>
<Style>
<LineStyle>
<width>0</width>
</LineStyle>

<PolyStyle>
<color>ff0022ff</color>
<outline>0</outline>
</PolyStyle>
</Style>

<Polygon>
<tessellate>1</tessellate>

<outerBoundaryIs>
<LinearRing>
<coordinates>

-84.5553352769485,23.753082508204308,0
-84.48471544928498,23.81123084342563,0
-83.91247205071502,23.116581656574372,0
-83.98341472305152,23.058167491795693,0
-84.5553352769485,23.753082508204308,0

</coordinates>
</LinearRing>
</outerBoundaryIs>
</Polygon>
</Placemark>

<Placemark>
<Style>
<LineStyle>
<width>0</width>
</LineStyle>

<PolyStyle>
<color>ff0023ff</color>
<outline>0</outline>
</PolyStyle>
</Style>

<Polygon>
<tessellate>1</tessellate>

<outerBoundaryIs>
<LinearRing>
<coordinates>

-84.48471544928498,23.81123084342563,0
-84.41378152284611,23.869692871005313,0
-83.84121847715389,23.17530712899469,0
-83.91247205071502,23.116581656574372,0
-84.48471544928498,23.81123084342563,0

</coordinates>
</LinearRing>
</outerBoundaryIs>
</Polygon>
</Placemark>

<Placemark>
<Style>
<LineStyle>
<width>0</width>
</LineStyle>

<PolyStyle>
<color>ff0024ff</color>
<outline>0</outline>
</PolyStyle>
</Style>

<Polygon>
<tessellate>1</tessellate>

<outerBoundaryIs>
<LinearRing>
<coordinates>

-84.41378152284611,23.869692871005313,0
-84.34253352113305,23.928468575113573,0
-83.76965397886693,23.23434392488642,0
-83.84121847715389,23.17530712899469,0
-84.41378152284611,23.869692871005313,0

</coordinates>
</LinearRing>
</outerBoundaryIs>
</Polygon>
</Placemark>

<Placemark>
<Style>
<LineStyle>
<width>0</width>
</LineStyle>

<PolyStyle>
<color>ff0026ff</color>
<outline>0</outline>
</PolyStyle>
</Style>

<Polygon>
<tessellate>1</tessellate>

<outerBoundaryIs>
<LinearRing>
<coordinates>

-84.34253352113305,23.928468575113573,0
-84.27097146719102,23.98755794019684,0
-83.69777853280898,23.29369205980316,0
-83.76965397886693,23.23434392488642,0
-84.34253352113305,23.928468575113573,0

</coordinates>
</LinearRing>
</outerBoundaryIs>
</Polygon>
</Placemark>

<Placemark>
<Style>
<LineStyle>
<width>0</width>
</LineStyle>

<PolyStyle>
<color>ff0027ff</color>
<outline>0</outline>
</PolyStyle>
</Style>

<Polygon>
<tessellate>1</tessellate>

<outerBoundaryIs>
<LinearRing>
<coordinates>

-84.27097146719102,23.98755794019684,0
-84.19909538362022,24.046960950971798,0
-83.62559211637979,23.353351549028208,0
-83.69777853280898,23.29369205980316,0
-84.27097146719102,23.98755794019684,0

</coordinates>
</LinearRing>
</outerBoundaryIs>
</Polygon>
</Placemark>

<Placemark>
<Style>
<LineStyle>
<width>0</width>
</LineStyle>

<PolyStyle>
<color>ff0028ff</color>
<outline>0</outline>
</PolyStyle>
</Style>

<Polygon>
<tessellate>1</tessellate>

<outerBoundaryIs>
<LinearRing>
<coordinates>

-84.19909538362022,24.046960950971798,0
-84.1269052925867,24.10667759241943,0
-83.55309470741328,23.413322407580566,0
-83.62559211637979,23.353351549028208,0
-84.19909538362022,24.046960950971798,0

</coordinates>
</LinearRing>
</outerBoundaryIs>
</Polygon>
</Placemark>

<Placemark>
<Style>
<LineStyle>
<width>0</width>
</LineStyle>

<PolyStyle>
<color>ff0029ff</color>
<outline>0</outline>
</PolyStyle>
</Style>

<Polygon>
<tessellate>1</tessellate>

<outerBoundaryIs>
<LinearRing>
<coordinates>

-84.1269052925867,24.10667759241943,0
-84.05440121583243,24.166707849779684,0
-83.48028628416756,23.473604650220317,0
-83.55309470741328,23.413322407580566,0
-84.1269052925867,24.10667759241943,0

</coordinates>
</LinearRing>
</outerBoundaryIs>
</Polygon>
</Placemark>

<Placemark>
<Style>
<LineStyle>
<width>0</width>
</LineStyle>

<PolyStyle>
<color>ff002bff</color>
<outline>0</outline>
</PolyStyle>
</Style>

<Polygon>
<tessellate>1</tessellate>

<outerBoundaryIs>
<LinearRing>
<coordinates>

-84.05440121583243,24.166707849779684,0
-83.98158317468538,24.22705170854581,0
-83.4071668253146,23.534198291454178,0
-83.48028628416756,23.473604650220317,0
-84.05440121583243,24.166707849779684,0

</coordinates>
</LinearRing>
</outerBoundaryIs>
</Polygon>
</Placemark>

<Placemark>
<Style>
<LineStyle>
<width>0</width>
</LineStyle>

<PolyStyle>
<color>ff002cff</color>
<outline>0</outline>
</PolyStyle>
</Style>

<Polygon>
<tessellate>1</tessellate>

<outerBoundaryIs>
<LinearRing>
<coordinates>

-83.98158317468538,24.22705170854581,0
-83.90845119006941,24.287709154459023,0
-83.33373630993059,23.595103345540977,0
-83.4071668253146,23.534198291454178,0
-83.98158317468538,24.22705170854581,0

</coordinates>
</LinearRing>
</outerBoundaryIs>
</Polygon>
</Placemark>

<Placemark>
<Style>
<LineStyle>
<width>0</width>
</LineStyle>

<PolyStyle>
<color>ff002dff</color>
<outline>0</outline>
</PolyStyle>
</Style>

<Polygon>
<tessellate>1</tessellate>

<outerBoundaryIs>
<LinearRing>
<coordinates>

-83.90845119006941,24.287709154459023,0
-83.83500528251352,24.348680173503386,0
-83.2599947174865,23.656319826496624,0
-83.33373630993059,23.595103345540977,0
-83.90845119006941,24.287709154459023,0

</coordinates>
</LinearRing>
</outerBoundaryIs>
</Polygon>
</Placemark>

<Placemark>
<Style>
<LineStyle>
<width>0</width>
</LineStyle>

<PolyStyle>
<color>ff002fff</color>
<outline>0</outline>
</PolyStyle>
</Style>

<Polygon>
<tessellate>1</tessellate>

<outerBoundaryIs>
<LinearRing>
<coordinates>

-83.83500528251352,24.348680173503386,0
-83.76124547216135,24.409964751900482,0
-83.18594202783864,23.717847748099523,0
-83.2599947174865,23.656319826496624,0
-83.83500528251352,24.348680173503386,0

</coordinates>
</LinearRing>
</outerBoundaryIs>
</Polygon>
</Placemark>

<Placemark>
<Style>
<LineStyle>
<width>0</width>
</LineStyle>

<PolyStyle>
<color>ff0030ff</color>
<outline>0</outline>
</PolyStyle>
</Style>

<Polygon>
<tessellate>1</tessellate>

<outerBoundaryIs>
<LinearRing>
<coordinates>

-83.76124547216135,24.409964751900482,0
-83.6871717787801,24.47156287610465,0
-83.11157822121989,23.77968712389535,0
-83.18594202783864,23.717847748099523,0
-83.76124547216135,24.409964751900482,0

</coordinates>
</LinearRing>
</outerBoundaryIs>
</Polygon>
</Placemark>

<Placemark>
<Style>
<LineStyle>
<width>0</width>
</LineStyle>

<PolyStyle>
<color>ff0031ff</color>
<outline>0</outline>
</PolyStyle>
</Style>

<Polygon>
<tessellate>1</tessellate>

<outerBoundaryIs>
<LinearRing>
<coordinates>

-83.6871717787801,24.47156287610465,0
-83.6127842217689,24.533474532798206,0
-83.0369032782311,23.841837967201787,0
-83.11157822121989,23.77968712389535,0
-83.6871717787801,24.47156287610465,0

</coordinates>
</LinearRing>
</outerBoundaryIs>
</Polygon>
</Placemark>

<Placemark>
<Style>
<LineStyle>
<width>0</width>
</LineStyle>

<PolyStyle>
<color>ff0033ff</color>
<outline>0</outline>
</PolyStyle>
</Style>

<Polygon>
<tessellate>1</tessellate>

<outerBoundaryIs>
<LinearRing>
<coordinates>

-83.6127842217689,24.533474532798206,0
-83.53808282016769,24.595699708886524,0
-82.96191717983231,23.904300291113476,0
-83.0369032782311,23.841837967201787,0
-83.6127842217689,24.533474532798206,0

</coordinates>
</LinearRing>
</outerBoundaryIs>
</Polygon>
</Placemark>

<Placemark>
<Style>
<LineStyle>
<width>0</width>
</LineStyle>

<PolyStyle>
<color>ff0034ff</color>
<outline>0</outline>
</PolyStyle>
</Style>

<Polygon>
<tessellate>1</tessellate>

<outerBoundaryIs>
<LinearRing>
<coordinates>

-83.53808282016769,24.595699708886524,0
-83.46306759266528,24.658238391493548,0
-82.88661990733473,23.967074108506452,0
-82.96191717983231,23.904300291113476,0
-83.53808282016769,24.595699708886524,0

</coordinates>
</LinearRing>
</outerBoundaryIs>
</Polygon>
</Placemark>

<Placemark>
<Style>
<LineStyle>
<width>0</width>
</LineStyle>

<PolyStyle>
<color>ff0035ff</color>
<outline>0</outline>
</PolyStyle>
</Style>

<Polygon>
<tessellate>1</tessellate>

<outerBoundaryIs>
<LinearRing>
<coordinates>

-83.46306759266528,24.658238391493548,0
-83.38773855760742,24.7210905679572,0
-82.81101144239257,24.030159432042797,0
-82.88661990733473,23.967074108506452,0
-83.46306759266528,24.658238391493548,0

</coordinates>
</LinearRing>
</outerBoundaryIs>
</Polygon>
</Placemark>

<Placemark>
<Style>
<LineStyle>
<width>0</width>
</LineStyle>

<PolyStyle>
<color>ff0037ff</color>
<outline>0</outline>
</PolyStyle>
</Style>

<Polygon>
<tessellate>1</tessellate>

<outerBoundaryIs>
<LinearRing>
<coordinates>

-83.38773855760742,24.7210905679572,0
-83.31209573300458,24.784256225825146,0
-82.73509176699542,24.09355627417486,0
-82.81101144239257,24.030159432042797,0
-83.38773855760742,24.7210905679572,0

</coordinates>
</LinearRing>
</outerBoundaryIs>
</Polygon>
</Placemark>

<Placemark>
<Style>
<LineStyle>
<width>0</width>
</LineStyle>

<PolyStyle>
<color>ff0038ff</color>
<outline>0</outline>
</PolyStyle>
</Style>

<Polygon>
<tessellate>1</tessellate>

<outerBoundaryIs>
<LinearRing>
<coordinates>

-83.31209573300458,24.784256225825146,0
-83.23613913653948,24.847735352850407,0
-82.65886086346053,24.15726464714959,0
-82.73509176699542,24.09355627417486,0
-83.31209573300458,24.784256225825146,0

</coordinates>
</LinearRing>
</outerBoundaryIs>
</Polygon>
</Placemark>

<Placemark>
<Style>
<LineStyle>
<width>0</width>
</LineStyle>

<PolyStyle>
<color>ff0039ff</color>
<outline>0</outline>
</PolyStyle>
</Style>

<Polygon>
<tessellate>1</tessellate>

<outerBoundaryIs>
<LinearRing>
<coordinates>

-83.23613913653948,24.847735352850407,0
-83.15986878557462,24.911527936987177,0
-82.58231871442538,24.221284563012823,0
-82.65886086346053,24.15726464714959,0
-83.23613913653948,24.847735352850407,0

</coordinates>
</LinearRing>
</outerBoundaryIs>
</Polygon>
</Placemark>

<Placemark>
<Style>
<LineStyle>
<width>0</width>
</LineStyle>

<PolyStyle>
<color>ff003bff</color>
<outline>0</outline>
</PolyStyle>
</Style>

<Polygon>
<tessellate>1</tessellate>

<outerBoundaryIs>
<LinearRing>
<coordinates>

-83.15986878557462,24.911527936987177,0
-83.08328469715933,24.97563396638683,0
-82.50546530284068,24.285616033613174,0
-82.58231871442538,24.221284563012823,0
-83.15986878557462,24.911527936987177,0

</coordinates>
</LinearRing>
</outerBoundaryIs>
</Polygon>
</Placemark>

<Placemark>
<Style>
<LineStyle>
<width>0</width>
</LineStyle>

<PolyStyle>
<color>ff003cff</color>
<outline>0</outline>
</PolyStyle>
</Style>

<Polygon>
<tessellate>1</tessellate>

<outerBoundaryIs>
<LinearRing>
<coordinates>

-83.08328469715933,24.97563396638683,0
-83.0063868880368,25.040053429393854,0
-82.4283006119632,24.350259070606146,0
-82.50546530284068,24.285616033613174,0
-83.08328469715933,24.97563396638683,0

</coordinates>
</LinearRing>
</outerBoundaryIs>
</Polygon>
</Placemark>

<Placemark>
<Style>
<LineStyle>
<width>0</width>
</LineStyle>

<PolyStyle>
<color>ff003dff</color>
<outline>0</outline>
</PolyStyle>
</Style>

<Polygon>
<tessellate>1</tessellate>

<outerBoundaryIs>
<LinearRing>
<coordinates>

-83.0063868880368,25.040053429393854,0
-82.929175374651,25.104786314542004,0
-82.350824625349,24.415213685457992,0
-82.4283006119632,24.350259070606146,0
-83.0063868880368,25.040053429393854,0

</coordinates>
</LinearRing>
</outerBoundaryIs>
</Polygon>
</Placemark>

<Placemark>
<Style>
<LineStyle>
<width>0</width>
</LineStyle>

<PolyStyle>
<color>ff003eff</color>
<outline>0</outline>
</PolyStyle>
</Style>

<Polygon>
<tessellate>1</tessellate>

<outerBoundaryIs>
<LinearRing>
<coordinates>

-82.929175374651,25.104786314542004,0
-82.85165017315308,25.169832610550543,0
-82.27303732684692,24.480479889449455,0
-82.350824625349,24.415213685457992,0
-82.929175374651,25.104786314542004,0

</coordinates>
</LinearRing>
</outerBoundaryIs>
</Polygon>
</Placemark>

<Placemark>
<Style>
<LineStyle>
<width>0</width>
</LineStyle>

<PolyStyle>
<color>ff0040ff</color>
<outline>0</outline>
</PolyStyle>
</Style>

<Polygon>
<tessellate>1</tessellate>

<outerBoundaryIs>
<LinearRing>
<coordinates>

-82.85165017315308,25.169832610550543,0
-82.77381129940807,25.235192306320496,0
-82.19493870059193,24.546057693679504,0
-82.27303732684692,24.480479889449455,0
-82.85165017315308,25.169832610550543,0

</coordinates>
</LinearRing>
</outerBoundaryIs>
</Polygon>
</Placemark>

<Placemark>
<Style>
<LineStyle>
<width>0</width>
</LineStyle>

<PolyStyle>
<color>ff0041ff</color>
<outline>0</outline>
</PolyStyle>
</Style>

<Polygon>
<tessellate>1</tessellate>

<outerBoundaryIs>
<LinearRing>
<coordinates>

-82.77381129940807,25.235192306320496,0
-82.695658769001,25.300865390931033,0
-82.116528730999,24.611947109068968,0
-82.19493870059193,24.546057693679504,0
-82.77381129940807,25.235192306320496,0

</coordinates>
</LinearRing>
</outerBoundaryIs>
</Polygon>
</Placemark>

<Placemark>
<Style>
<LineStyle>
<width>0</width>
</LineStyle>

<PolyStyle>
<color>ff0042ff</color>
<outline>0</outline>
</PolyStyle>
</Style>

<Polygon>
<tessellate>1</tessellate>

<outerBoundaryIs>
<LinearRing>
<coordinates>

-82.695658769001,25.300865390931033,0
-82.61719259724312,25.366851853635985,0
-82.03780740275688,24.678148146364016,0
-82.116528730999,24.611947109068968,0
-82.695658769001,25.300865390931033,0

</coordinates>
</LinearRing>
</outerBoundaryIs>
</Polygon>
</Placemark>

<Placemark>
<Style>
<LineStyle>
<width>0</width>
</LineStyle>

<PolyStyle>
<color>ff0044ff</color>
<outline>0</outline>
</PolyStyle>
</Style>

<Polygon>
<tessellate>1</tessellate>

<outerBoundaryIs>
<LinearRing>
<coordinates>

-82.61719259724312,25.366851853635985,0
-82.53841279917775,25.433151683860352,0
-81.95877470082225,24.74466081613965,0
-82.03780740275688,24.678148146364016,0
-82.61719259724312,25.366851853635985,0

</coordinates>
</LinearRing>
</outerBoundaryIs>
</Polygon>
</Placemark>

<Placemark>
<Style>
<LineStyle>
<width>0</width>
</LineStyle>

<PolyStyle>
<color>ff0045ff</color>
<outline>0</outline>
</PolyStyle>
</Style>

<Polygon>
<tessellate>1</tessellate>

<outerBoundaryIs>
<LinearRing>
<coordinates>

-82.53841279917775,25.433151683860352,0
-82.45931938958624,25.499764871196962,0
-81.87943061041376,24.81148512880304,0
-81.95877470082225,24.74466081613965,0
-82.53841279917775,25.433151683860352,0

</coordinates>
</LinearRing>
</outerBoundaryIs>
</Polygon>
</Placemark>

<Placemark>
<Style>
<LineStyle>
<width>0</width>
</LineStyle>

<PolyStyle>
<color>ff0046ff</color>
<outline>0</outline>
</PolyStyle>
</Style>

<Polygon>
<tessellate>1</tessellate>

<outerBoundaryIs>
<LinearRing>
<coordinates>

-82.45931938958624,25.499764871196962,0
-82.37991238299347,25.566691405403198,0
-81.79977511700653,24.878621094596802,0
-81.87943061041376,24.81148512880304,0
-82.45931938958624,25.499764871196962,0

</coordinates>
</LinearRing>
</outerBoundaryIs>
</Polygon>
</Placemark>

<Placemark>
<Style>
<LineStyle>
<width>0</width>
</LineStyle>

<PolyStyle>
<color>ff0048ff</color>
<outline>0</outline>
</PolyStyle>
</Style>

<Polygon>
<tessellate>1</tessellate>

<outerBoundaryIs>
<LinearRing>
<coordinates>

-82.37991238299347,25.566691405403198,0
-82.30019179367349,25.633931276397703,0
-81.71980820632649,24.946068723602295,0
-81.79977511700653,24.878621094596802,0
-82.37991238299347,25.566691405403198,0

</coordinates>
</LinearRing>
</outerBoundaryIs>
</Polygon>
</Placemark>

<Placemark>
<Style>
<LineStyle>
<width>0</width>
</LineStyle>

<PolyStyle>
<color>ff0049ff</color>
<outline>0</outline>
</PolyStyle>
</Style>

<Polygon>
<tessellate>1</tessellate>

<outerBoundaryIs>
<LinearRing>
<coordinates>

-82.30019179367349,25.633931276397703,0
-82.22015763565484,25.70148447425738,0
-81.63952986434516,25.013828025742615,0
-81.71980820632649,24.946068723602295,0
-82.30019179367349,25.633931276397703,0

</coordinates>
</LinearRing>
</outerBoundaryIs>
</Polygon>
</Placemark>

<Placemark>
<Style>
<LineStyle>
<width>0</width>
</LineStyle>

<PolyStyle>
<color>ff004aff</color>
<outline>0</outline>
</PolyStyle>
</Style>

<Polygon>
<tessellate>1</tessellate>

<outerBoundaryIs>
<LinearRing>
<coordinates>

-82.22015763565484,25.70148447425738,0
-82.13980992272569,25.76935098921427,0
-81.55894007727433,25.08189901078573,0
-81.63952986434516,25.013828025742615,0
-82.22015763565484,25.70148447425738,0

</coordinates>
</LinearRing>
</outerBoundaryIs>
</Polygon>
</Placemark>

<Placemark>
<Style>
<LineStyle>
<width>0</width>
</LineStyle>

<PolyStyle>
<color>ff004cff</color>
<outline>0</outline>
</PolyStyle>
</Style>

<Polygon>
<tessellate>1</tessellate>

<outerBoundaryIs>
<LinearRing>
<coordinates>

-82.13980992272569,25.76935098921427,0
-82.05914866843912,25.837530811652442,0
-81.47803883156087,25.15028168834756,0
-81.55894007727433,25.08189901078573,0
-82.13980992272569,25.76935098921427,0

</coordinates>
</LinearRing>
</outerBoundaryIs>
</Polygon>
</Placemark>

<Placemark>
<Style>
<LineStyle>
<width>0</width>
</LineStyle>

<PolyStyle>
<color>ff004dff</color>
<outline>0</outline>
</PolyStyle>
</Style>

<Polygon>
<tessellate>1</tessellate>

<outerBoundaryIs>
<LinearRing>
<coordinates>

-82.05914866843912,25.837530811652442,0
-81.978173886118,25.906023932105267,0
-81.396826113882,25.218976067894733,0
-81.47803883156087,25.15028168834756,0
-82.05914866843912,25.837530811652442,0

</coordinates>
</LinearRing>
</outerBoundaryIs>
</Polygon>
</Placemark>

<Placemark>
<Style>
<LineStyle>
<width>0</width>
</LineStyle>

<PolyStyle>
<color>ff004eff</color>
<outline>0</outline>
</PolyStyle>
</Style>

<Polygon>
<tessellate>1</tessellate>

<outerBoundaryIs>
<LinearRing>
<coordinates>

-81.978173886118,25.906023932105267,0
-81.96543129881023,25.916809892888764,0
-81.38396507818153,25.22986227169209,0
-81.396826113882,25.218976067894733,0
-81.978173886118,25.906023932105267,0

</coordinates>
</LinearRing>
</outerBoundaryIs>
</Polygon>
</Placemark>

<Placemark>

<Style>
<LineStyle>
<width>0</width>
</LineStyle>

<PolyStyle>
<color>ff0050ff</color>
<outline>0</outline>
</PolyStyle>
</Style>

<Polygon>
<tessellate>1</tessellate>

<outerBoundaryIs>
<LinearRing>
<coordinates>

-80.0,27.0,0
-82.42045833890012,26.44874558537018,0
-81.96543129881023,25.916809892888764,0
-81.38396507818153,25.22986227169209,0
-80.92894358929888,24.697921850175252,0
-80.0,27.0,0

</coordinates>
</LinearRing>
</outerBoundaryIs>

</Polygon>
</Placemark>

<Placemark>
<Style>
<LineStyle>
<width>0</width>
</LineStyle>

<PolyStyle>
<color>ff0050ff</color>
<outline>0</outline>
</PolyStyle>
</Style>

<Polygon>
<tessellate>1</tessellate>

<outerBoundaryIs>
<LinearRing>
<coordinates>

-78.88837594935524,28.22729743061112,0
-78.80062543467831,28.377233037934655,0
-78.02453081532171,27.921516962065343,0
-78.11162405064476,27.77270256938888,0
-78.88837594935524,28.22729743061112,0

</coordinates>
</LinearRing>
</outerBoundaryIs>
</Polygon>
</Placemark>

<Placemark>
<Style>
<LineStyle>
<width>0</width>
</LineStyle>

<PolyStyle>
<color>ff0051ff</color>
<outline>0</outline>
</PolyStyle>
</Style>

<Polygon>
<tessellate>1</tessellate>

<outerBoundaryIs>
<LinearRing>
<coordinates>

-78.80062543467831,28.377233037934655,0
-78.71269562522949,28.526485401909014,0
-77.9379293747705,28.068514598090985,0
-78.02453081532171,27.921516962065343,0
-78.80062543467831,28.377233037934655,0

</coordinates>
</LinearRing>
</outerBoundaryIs>
</Polygon>
</Placemark>

<Placemark>
<Style>
<LineStyle>
<width>0</width>
</LineStyle>

<PolyStyle>
<color>ff0053ff</color>
<outline>0</outline>
</PolyStyle>
</Style>

<Polygon>
<tessellate>1</tessellate>

<outerBoundaryIs>
<LinearRing>
<coordinates>

-78.71269562522949,28.526485401909014,0
-78.62490970366414,28.674501100253476,0
-77.85149654633585,28.214248899746526,0
-77.9379293747705,28.068514598090985,0
-78.71269562522949,28.526485401909014,0

</coordinates>
</LinearRing>
</outerBoundaryIs>
</Polygon>
</Placemark>

<Placemark>
<Style>
<LineStyle>
<width>0</width>
</LineStyle>

<PolyStyle>
<color>ff0055ff</color>
<outline>0</outline>
</PolyStyle>
</Style>

<Polygon>
<tessellate>1</tessellate>

<outerBoundaryIs>
<LinearRing>
<coordinates>

-78.62490970366414,28.674501100253476,0
-78.53726736550426,28.821280335370627,0
-77.76523263449575,28.358719664629373,0
-77.85149654633585,28.214248899746526,0
-78.62490970366414,28.674501100253476,0

</coordinates>
</LinearRing>
</outerBoundaryIs>
</Polygon>
</Placemark>

<Placemark>
<Style>
<LineStyle>
<width>0</width>
</LineStyle>

<PolyStyle>
<color>ff0056ff</color>
<outline>0</outline>
</PolyStyle>
</Style>

<Polygon>
<tessellate>1</tessellate>

<outerBoundaryIs>
<LinearRing>
<coordinates>

-78.53726736550426,28.821280335370627,0
-78.4497682972601,28.96682331259048,0
-77.6791379527399,28.50192668740952,0
-77.76523263449575,28.358719664629373,0
-78.53726736550426,28.821280335370627,0

</coordinates>
</LinearRing>
</outerBoundaryIs>
</Polygon>
</Placemark>

<Placemark>
<Style>
<LineStyle>
<width>0</width>
</LineStyle>

<PolyStyle>
<color>ff0058ff</color>
<outline>0</outline>
</PolyStyle>
</Style>

<Polygon>
<tessellate>1</tessellate>

<outerBoundaryIs>
<LinearRing>
<coordinates>

-78.4497682972601,28.96682331259048,0
-78.36241217613059,29.1111302401665,0
-77.59321282386944,28.64386975983351,0
-77.6791379527399,28.50192668740952,0
-78.4497682972601,28.96682331259048,0

</coordinates>
</LinearRing>
</outerBoundaryIs>
</Polygon>
</Placemark>

<Placemark>
<Style>
<LineStyle>
<width>0</width>
</LineStyle>

<PolyStyle>
<color>ff005aff</color>
<outline>0</outline>
</PolyStyle>
</Style>

<Polygon>
<tessellate>1</tessellate>

<outerBoundaryIs>
<LinearRing>
<coordinates>

-78.36241217613059,29.1111302401665,0
-78.27519866969331,29.254201329266678,0
-77.50745758030669,28.784548670733322,0
-77.59321282386944,28.64386975983351,0
-78.36241217613059,29.1111302401665,0

</coordinates>
</LinearRing>
</outerBoundaryIs>
</Polygon>
</Placemark>

<Placemark>
<Style>
<LineStyle>
<width>0</width>
</LineStyle>

<PolyStyle>
<color>ff005cff</color>
<outline>0</outline>
</PolyStyle>
</Style>

<Polygon>
<tessellate>1</tessellate>

<outerBoundaryIs>
<LinearRing>
<coordinates>

-78.27519866969331,29.254201329266678,0
-78.18812743558397,29.39603679395988,0
-77.42187256441605,28.92396320604012,0
-77.50745758030669,28.784548670733322,0
-78.27519866969331,29.254201329266678,0

</coordinates>
</LinearRing>
</outerBoundaryIs>
</Polygon>
</Placemark>

<Placemark>
<Style>
<LineStyle>
<width>0</width>
</LineStyle>

<PolyStyle>
<color>ff005dff</color>
<outline>0</outline>
</PolyStyle>
</Style>

<Polygon>
<tessellate>1</tessellate>

<outerBoundaryIs>
<LinearRing>
<coordinates>

-78.18812743558397,29.39603679395988,0
-78.10119812116442,29.53663685119655,0
-77.33645812883556,29.06211314880345,0
-77.42187256441605,28.92396320604012,0
-78.18812743558397,29.39603679395988,0

</coordinates>
</LinearRing>
</outerBoundaryIs>
</Polygon>
</Placemark>

<Placemark>
<Style>
<LineStyle>
<width>0</width>
</LineStyle>

<PolyStyle>
<color>ff005fff</color>
<outline>0</outline>
</PolyStyle>
</Style>

<Polygon>
<tessellate>1</tessellate>

<outerBoundaryIs>
<LinearRing>
<coordinates>

-78.10119812116442,29.53663685119655,0
-78.01441036317965,29.676001720783574,0
-77.25121463682035,29.198998279216426,0
-77.33645812883556,29.06211314880345,0
-78.10119812116442,29.53663685119655,0

</coordinates>
</LinearRing>
</outerBoundaryIs>
</Polygon>
</Placemark>

<Placemark>
<Style>
<LineStyle>
<width>0</width>
</LineStyle>

<PolyStyle>
<color>ff0061ff</color>
<outline>0</outline>
</PolyStyle>
</Style>

<Polygon>
<tessellate>1</tessellate>

<outerBoundaryIs>
<LinearRing>
<coordinates>

-78.01441036317965,29.676001720783574,0
-77.92776378740255,29.81413162535273,0
-77.16614246259745,29.334618374647278,0
-77.25121463682035,29.198998279216426,0
-78.01441036317965,29.676001720783574,0

</coordinates>
</LinearRing>
</outerBoundaryIs>
</Polygon>
</Placemark>

<Placemark>
<Style>
<LineStyle>
<width>0</width>
</LineStyle>

<PolyStyle>
<color>ff0062ff</color>
<outline>0</outline>
</PolyStyle>
</Style>

<Polygon>
<tessellate>1</tessellate>

<outerBoundaryIs>
<LinearRing>
<coordinates>

-77.92776378740255,29.81413162535273,0
-77.84125800826708,29.95102679032193,0
-77.08124199173294,29.468973209678065,0
-77.16614246259745,29.334618374647278,0
-77.92776378740255,29.81413162535273,0

</coordinates>
</LinearRing>
</outerBoundaryIs>
</Polygon>
</Placemark>

<Placemark>
<Style>
<LineStyle>
<width>0</width>
</LineStyle>

<PolyStyle>
<color>ff0064ff</color>
<outline>0</outline>
</PolyStyle>
</Style>

<Polygon>
<tessellate>1</tessellate>

<outerBoundaryIs>
<LinearRing>
<coordinates>

-77.84125800826708,29.95102679032193,0
-77.75489262848839,30.08668744384933,0
-76.99651362151164,29.602062556150678,0
-77.08124199173294,29.468973209678065,0
-77.84125800826708,29.95102679032193,0

</coordinates>
</LinearRing>
</outerBoundaryIs>
</Polygon>
</Placemark>

<Placemark>
<Style>
<LineStyle>
<width>0</width>
</LineStyle>

<PolyStyle>
<color>ff0066ff</color>
<outline>0</outline>
</PolyStyle>
</Style>

<Polygon>
<tessellate>1</tessellate>

<outerBoundaryIs>
<LinearRing>
<coordinates>

-77.75489262848839,30.08668744384933,0
-77.66866723867064,30.22111381677864,0
-76.91195776132933,29.73388618322135,0
-76.99651362151164,29.602062556150678,0
-77.75489262848839,30.08668744384933,0

</coordinates>
</LinearRing>
</outerBoundaryIs>
</Polygon>
</Placemark>

<Placemark>
<Style>
<LineStyle>
<width>0</width>
</LineStyle>

<PolyStyle>
<color>ff0068ff</color>
<outline>0</outline>
</PolyStyle>
</Style>

<Polygon>
<tessellate>1</tessellate>

<outerBoundaryIs>
<LinearRing>
<coordinates>

-77.66866723867064,30.22111381677864,0
-77.58258141690126,30.35430614257625,0
-76.82757483309874,29.86444385742375,0
-76.91195776132933,29.73388618322135,0
-77.66866723867064,30.22111381677864,0

</coordinates>
</LinearRing>
</outerBoundaryIs>
</Polygon>
</Placemark>

<Placemark>
<Style>
<LineStyle>
<width>0</width>
</LineStyle>

<PolyStyle>
<color>ff0069ff</color>
<outline>0</outline>
</PolyStyle>
</Style>

<Polygon>
<tessellate>1</tessellate>

<outerBoundaryIs>
<LinearRing>
<coordinates>

-77.58258141690126,30.35430614257625,0
-77.49663472833161,30.48626465725836,0
-76.7433652716684,29.99373534274165,0
-76.82757483309874,29.86444385742375,0
-77.58258141690126,30.35430614257625,0

</coordinates>
</LinearRing>
</outerBoundaryIs>
</Polygon>
</Placemark>

<Placemark>
<Style>
<LineStyle>
<width>0</width>
</LineStyle>

<PolyStyle>
<color>ff006bff</color>
<outline>0</outline>
</PolyStyle>
</Style>

<Polygon>
<tessellate>1</tessellate>

<outerBoundaryIs>
<LinearRing>
<coordinates>

-77.49663472833161,30.48626465725836,0
-77.41082672474424,30.616989599307562,0
-76.65932952525576,30.121760400692434,0
-76.7433652716684,29.99373534274165,0
-77.49663472833161,30.48626465725836,0

</coordinates>
</LinearRing>
</outerBoundaryIs>
</Polygon>
</Placemark>

<Placemark>
<Style>
<LineStyle>
<width>0</width>
</LineStyle>

<PolyStyle>
<color>ff006dff</color>
<outline>0</outline>
</PolyStyle>
</Style>

<Polygon>
<tessellate>1</tessellate>

<outerBoundaryIs>
<LinearRing>
<coordinates>

-77.41082672474424,30.616989599307562,0
-77.3251569441053,30.74648120957895,0
-76.57546805589472,30.248518790421063,0
-76.65932952525576,30.121760400692434,0
-77.41082672474424,30.616989599307562,0

</coordinates>
</LinearRing>
</outerBoundaryIs>
</Polygon>
</Placemark>

<Placemark>
<Style>
<LineStyle>
<width>0</width>
</LineStyle>

<PolyStyle>
<color>ff006fff</color>
<outline>0</outline>
</PolyStyle>
</Style>

<Polygon>
<tessellate>1</tessellate>

<outerBoundaryIs>
<LinearRing>
<coordinates>

-77.3251569441053,30.74648120957895,0
-77.23962491010276,30.874739731193426,0
-76.49178133989723,30.37401026880657,0
-76.57546805589472,30.248518790421063,0
-77.3251569441053,30.74648120957895,0

</coordinates>
</LinearRing>
</outerBoundaryIs>
</Polygon>
</Placemark>

<Placemark>
<Style>
<LineStyle>
<width>0</width>
</LineStyle>

<PolyStyle>
<color>ff0070ff</color>
<outline>0</outline>
</PolyStyle>
</Style>

<Polygon>
<tessellate>1</tessellate>

<outerBoundaryIs>
<LinearRing>
<coordinates>

-77.23962491010276,30.874739731193426,0
-77.15423013166965,31.001765409418546,0
-76.40826986833035,30.498234590581454,0
-76.49178133989723,30.37401026880657,0
-77.23962491010276,30.874739731193426,0

</coordinates>
</LinearRing>
</outerBoundaryIs>
</Polygon>
</Placemark>

<Placemark>
<Style>
<LineStyle>
<width>0</width>
</LineStyle>

<PolyStyle>
<color>ff0072ff</color>
<outline>0</outline>
</PolyStyle>
</Style>

<Polygon>
<tessellate>1</tessellate>

<outerBoundaryIs>
<LinearRing>
<coordinates>

-77.15423013166965,31.001765409418546,0
-77.06897210249183,31.127558491535154,0
-76.32493414750816,30.621191508464847,0
-76.40826986833035,30.498234590581454,0
-77.15423013166965,31.001765409418546,0

</coordinates>
</LinearRing>
</outerBoundaryIs>
</Polygon>
</Placemark>

<Placemark>
<Style>
<LineStyle>
<width>0</width>
</LineStyle>

<PolyStyle>
<color>ff0074ff</color>
<outline>0</outline>
</PolyStyle>
</Style>

<Polygon>
<tessellate>1</tessellate>

<outerBoundaryIs>
<LinearRing>
<coordinates>

-77.06897210249183,31.127558491535154,0
-76.9838503005006,31.252119226688944,0
-76.2417746994994,30.742880773311054,0
-76.32493414750816,30.621191508464847,0
-77.06897210249183,31.127558491535154,0

</coordinates>
</LinearRing>
</outerBoundaryIs>
</Polygon>
</Placemark>

<Placemark>
<Style>
<LineStyle>
<width>0</width>
</LineStyle>

<PolyStyle>
<color>ff0075ff</color>
<outline>0</outline>
</PolyStyle>
</Style>

<Polygon>
<tessellate>1</tessellate>

<outerBoundaryIs>
<LinearRing>
<coordinates>

-76.9838503005006,31.252119226688944,0
-76.8988641873492,31.37544786572594,0
-76.1587920626508,30.863302134274065,0
-76.2417746994994,30.742880773311054,0
-76.9838503005006,31.252119226688944,0

</coordinates>
</LinearRing>
</outerBoundaryIs>
</Polygon>
</Placemark>

<Placemark>
<Style>
<LineStyle>
<width>0</width>
</LineStyle>

<PolyStyle>
<color>ff0077ff</color>
<outline>0</outline>
</PolyStyle>
</Style>

<Polygon>
<tessellate>1</tessellate>

<outerBoundaryIs>
<LinearRing>
<coordinates>

-76.8988641873492,31.37544786572594,0
-76.81401320787344,31.497544661010394,0
-76.07598679212657,30.982455338989602,0
-76.1587920626508,30.863302134274065,0
-76.8988641873492,31.37544786572594,0

</coordinates>
</LinearRing>
</outerBoundaryIs>
</Polygon>
</Placemark>

<Placemark>
<Style>
<LineStyle>
<width>0</width>
</LineStyle>

<PolyStyle>
<color>ff0079ff</color>
<outline>0</outline>
</PolyStyle>
</Style>

<Polygon>
<tessellate>1</tessellate>

<outerBoundaryIs>
<LinearRing>
<coordinates>

-76.81401320787344,31.497544661010394,0
-76.7292967895358,31.61840986622412,0
-75.9933594604642,31.10034013377588,0
-76.07598679212657,30.982455338989602,0
-76.81401320787344,31.497544661010394,0

</coordinates>
</LinearRing>
</outerBoundaryIs>
</Polygon>
</Placemark>

<Placemark>
<Style>
<LineStyle>
<width>0</width>
</LineStyle>

<PolyStyle>
<color>ff007bff</color>
<outline>0</outline>
</PolyStyle>
</Style>

<Polygon>
<tessellate>1</tessellate>

<outerBoundaryIs>
<LinearRing>
<coordinates>

-76.7292967895358,31.61840986622412,0
-76.64471434185319,31.73804373614567,0
-75.91091065814683,31.216956263854343,0
-75.9933594604642,31.10034013377588,0
-76.7292967895358,31.61840986622412,0

</coordinates>
</LinearRing>
</outerBoundaryIs>
</Polygon>
</Placemark>

<Placemark>
<Style>
<LineStyle>
<width>0</width>
</LineStyle>

<PolyStyle>
<color>ff007cff</color>
<outline>0</outline>
</PolyStyle>
</Style>

<Polygon>
<tessellate>1</tessellate>

<outerBoundaryIs>
<LinearRing>
<coordinates>

-76.64471434185319,31.73804373614567,0
-76.56026525580799,31.856446526407822,0
-75.82864099419203,31.332303473592177,0
-75.91091065814683,31.216956263854343,0
-76.64471434185319,31.73804373614567,0

</coordinates>
</LinearRing>
</outerBoundaryIs>
</Polygon>
</Placemark>

<Placemark>
<Style>
<LineStyle>
<width>0</width>
</LineStyle>

<PolyStyle>
<color>ff007eff</color>
<outline>0</outline>
</PolyStyle>
</Style>

<Polygon>
<tessellate>1</tessellate>

<outerBoundaryIs>
<LinearRing>
<coordinates>

-76.56026525580799,31.856446526407822,0
-76.47594890324226,31.97361849323197,0
-75.74655109675774,31.44638150676803,0
-75.82864099419203,31.332303473592177,0
-76.56026525580799,31.856446526407822,0

</coordinates>
</LinearRing>
</outerBoundaryIs>
</Polygon>
</Placemark>

<Placemark>
<Style>
<LineStyle>
<width>0</width>
</LineStyle>

<PolyStyle>
<color>ff0080ff</color>
<outline>0</outline>
</PolyStyle>
</Style>

<Polygon>
<tessellate>1</tessellate>

<outerBoundaryIs>
<LinearRing>
<coordinates>

-76.47594890324226,31.97361849323197,0
-76.39176463623501,32.089559893137825,0
-75.664641613765,31.559190106862175,0
-75.74655109675774,31.44638150676803,0
-76.47594890324226,31.97361849323197,0

</coordinates>
</LinearRing>
</outerBoundaryIs>
</Polygon>
</Placemark>

<Placemark>
<Style>
<LineStyle>
<width>0</width>
</LineStyle>

<PolyStyle>
<color>ff0082ff</color>
<outline>0</outline>
</PolyStyle>
</Style>

<Polygon>
<tessellate>1</tessellate>

<outerBoundaryIs>
<LinearRing>
<coordinates>

-76.39176463623501,32.089559893137825,0
-76.30771178646265,32.20427098262623,0
-75.58291321353735,31.670729017373773,0
-75.664641613765,31.559190106862175,0
-76.39176463623501,32.089559893137825,0

</coordinates>
</LinearRing>
</outerBoundaryIs>
</Polygon>
</Placemark>

<Placemark>
<Style>
<LineStyle>
<width>0</width>
</LineStyle>

<PolyStyle>
<color>ff0083ff</color>
<outline>0</outline>
</PolyStyle>
</Style>

<Polygon>
<tessellate>1</tessellate>

<outerBoundaryIs>
<LinearRing>
<coordinates>

-76.30771178646265,32.20427098262623,0
-76.22378966454261,32.3177520178336,0
-75.50136658545739,31.780997982166408,0
-75.58291321353735,31.670729017373773,0
-76.30771178646265,32.20427098262623,0

</coordinates>
</LinearRing>
</outerBoundaryIs>
</Polygon>
</Placemark>

<Placemark>
<Style>
<LineStyle>
<width>0</width>
</LineStyle>

<PolyStyle>
<color>ff0085ff</color>
<outline>0</outline>
</PolyStyle>
</Style>

<Polygon>
<tessellate>1</tessellate>

<outerBoundaryIs>
<LinearRing>
<coordinates>

-76.22378966454261,32.3177520178336,0
-76.13999755936013,32.43000325415586,0
-75.42000244063988,31.889996745844137,0
-75.50136658545739,31.780997982166408,0
-76.22378966454261,32.3177520178336,0

</coordinates>
</LinearRing>
</outerBoundaryIs>
</Polygon>
</Placemark>

<Placemark>
<Style>
<LineStyle>
<width>0</width>
</LineStyle>

<PolyStyle>
<color>ff0087ff</color>
<outline>0</outline>
</PolyStyle>
</Style>

<Polygon>
<tessellate>1</tessellate>

<outerBoundaryIs>
<LinearRing>
<coordinates>

-76.13999755936013,32.43000325415586,0
-76.05633473737848,32.54102494583973,0
-75.33882151262154,31.997725054160277,0
-75.42000244063988,31.889996745844137,0
-76.13999755936013,32.43000325415586,0

</coordinates>
</LinearRing>
</outerBoundaryIs>
</Polygon>
</Placemark>

<Placemark>
<Style>
<LineStyle>
<width>0</width>
</LineStyle>

<PolyStyle>
<color>ff0088ff</color>
<outline>0</outline>
</PolyStyle>
</Style>

<Polygon>
<tessellate>1</tessellate>

<outerBoundaryIs>
<LinearRing>
<coordinates>

-76.05633473737848,32.54102494583973,0
-75.97280044193315,32.65081734553884,0
-75.25782455806683,32.104182654461155,0
-75.33882151262154,31.997725054160277,0
-76.05633473737848,32.54102494583973,0

</coordinates>
</LinearRing>
</outerBoundaryIs>
</Polygon>
</Placemark>

<Placemark>
<Style>
<LineStyle>
<width>0</width>
</LineStyle>

<PolyStyle>
<color>ff008aff</color>
<outline>0</outline>
</PolyStyle>
</Style>

<Polygon>
<tessellate>1</tessellate>

<outerBoundaryIs>
<LinearRing>
<coordinates>

-75.97280044193315,32.65081734553884,0
-75.88939389251,32.75938070383291,0
-75.17701235749,32.20936929616709,0
-75.25782455806683,32.104182654461155,0
-75.97280044193315,32.65081734553884,0

</coordinates>
</LinearRing>
</outerBoundaryIs>
</Polygon>
</Placemark>

<Placemark>
<Style>
<LineStyle>
<width>0</width>
</LineStyle>

<PolyStyle>
<color>ff008cff</color>
<outline>0</outline>
</PolyStyle>
</Style>

<Polygon>
<tessellate>1</tessellate>

<outerBoundaryIs>
<LinearRing>
<coordinates>

-75.88939389251,32.75938070383291,0
-75.80611428400798,32.86671526870688,0
-75.09638571599206,32.31328473129312,0
-75.17701235749,32.20936929616709,0
-75.88939389251,32.75938070383291,0

</coordinates>
</LinearRing>
</outerBoundaryIs>
</Polygon>
</Placemark>

<Placemark>
<Style>
<LineStyle>
<width>0</width>
</LineStyle>

<PolyStyle>
<color>ff008eff</color>
<outline>0</outline>
</PolyStyle>
</Style>

<Polygon>
<tessellate>1</tessellate>

<outerBoundaryIs>
<LinearRing>
<coordinates>

-75.80611428400798,32.86671526870688,0
-75.72296078598751,32.97282128498715,0
-75.0159454640125,32.41592871501285,0
-75.09638571599206,32.31328473129312,0
-75.80611428400798,32.86671526870688,0

</coordinates>
</LinearRing>
</outerBoundaryIs>
</Polygon>
</Placemark>

<Placemark>
<Style>
<LineStyle>
<width>0</width>
</LineStyle>

<PolyStyle>
<color>ff008fff</color>
<outline>0</outline>
</PolyStyle>
</Style>

<Polygon>
<tessellate>1</tessellate>

<outerBoundaryIs>
<LinearRing>
<coordinates>

-75.72296078598751,32.97282128498715,0
-75.63993254190481,33.077698993732945,0
-74.93569245809519,32.517301006267054,0
-75.0159454640125,32.41592871501285,0
-75.72296078598751,32.97282128498715,0

</coordinates>
</LinearRing>
</outerBoundaryIs>
</Polygon>
</Placemark>

<Placemark>
<Style>
<LineStyle>
<width>0</width>
</LineStyle>

<PolyStyle>
<color>ff0091ff</color>
<outline>0</outline>
</PolyStyle>
</Style>

<Polygon>
<tessellate>1</tessellate>

<outerBoundaryIs>
<LinearRing>
<coordinates>

-75.63993254190481,33.077698993732945,0
-75.55702866833312,33.181348631579,0
-74.85562758166685,32.617401368421,0
-74.93569245809519,32.517301006267054,0
-75.63993254190481,33.077698993732945,0

</coordinates>
</LinearRing>
</outerBoundaryIs>
</Polygon>
</Placemark>

<Placemark>
<Style>
<LineStyle>
<width>0</width>
</LineStyle>

<PolyStyle>
<color>ff0093ff</color>
<outline>0</outline>
</PolyStyle>
</Style>

<Polygon>
<tessellate>1</tessellate>

<outerBoundaryIs>
<LinearRing>
<coordinates>

-75.55702866833312,33.181348631579,0
-75.47424825417241,33.283770430026685,0
-74.77575174582759,32.716229569973315,0
-74.85562758166685,32.617401368421,0
-75.55702866833312,33.181348631579,0

</coordinates>
</LinearRing>
</outerBoundaryIs>
</Polygon>
</Placemark>

<Placemark>
<Style>
<LineStyle>
<width>0</width>
</LineStyle>

<PolyStyle>
<color>ff0094ff</color>
<outline>0</outline>
</PolyStyle>
</Style>

<Polygon>
<tessellate>1</tessellate>

<outerBoundaryIs>
<LinearRing>
<coordinates>

-75.47424825417241,33.283770430026685,0
-75.39159035984845,33.38496461468025,0
-74.69606589015156,32.813785385319754,0
-74.77575174582759,32.716229569973315,0
-75.47424825417241,33.283770430026685,0

</coordinates>
</LinearRing>
</outerBoundaryIs>
</Polygon>
</Placemark>

<Placemark>
<Style>
<LineStyle>
<width>0</width>
</LineStyle>

<PolyStyle>
<color>ff0096ff</color>
<outline>0</outline>
</PolyStyle>
</Style>

<Polygon>
<tessellate>1</tessellate>

<outerBoundaryIs>
<LinearRing>
<coordinates>

-75.39159035984845,33.38496461468025,0
-75.3090540165034,33.48493140442447,0
-74.6165709834966,32.910068595575524,0
-74.69606589015156,32.813785385319754,0
-75.39159035984845,33.38496461468025,0

</coordinates>
</LinearRing>
</outerBoundaryIs>
</Polygon>
</Placemark>

<Placemark>
<Style>
<LineStyle>
<width>0</width>
</LineStyle>

<PolyStyle>
<color>ff0098ff</color>
<outline>0</outline>
</PolyStyle>
</Style>

<Polygon>
<tessellate>1</tessellate>

<outerBoundaryIs>
<LinearRing>
<coordinates>

-75.3090540165034,33.48493140442447,0
-75.22663822517883,33.583671010540606,0
-74.53726802482116,33.0050789894594,0
-74.6165709834966,32.910068595575524,0
-75.3090540165034,33.48493140442447,0

</coordinates>
</LinearRing>
</outerBoundaryIs>
</Polygon>
</Placemark>

<Placemark>
<Style>
<LineStyle>
<width>0</width>
</LineStyle>

<PolyStyle>
<color>ff009aff</color>
<outline>0</outline>
</PolyStyle>
</Style>

<Polygon>
<tessellate>1</tessellate>

<outerBoundaryIs>
<LinearRing>
<coordinates>

-75.22663822517883,33.583671010540606,0
-75.14434195599418,33.68118363575601,0
-74.45815804400581,33.098816364243994,0
-74.53726802482116,33.0050789894594,0
-75.22663822517883,33.583671010540606,0

</coordinates>
</LinearRing>
</outerBoundaryIs>
</Polygon>
</Placemark>

<Placemark>
<Style>
<LineStyle>
<width>0</width>
</LineStyle>

<PolyStyle>
<color>ff009bff</color>
<outline>0</outline>
</PolyStyle>
</Style>

<Polygon>
<tessellate>1</tessellate>

<outerBoundaryIs>
<LinearRing>
<coordinates>

-75.14434195599418,33.68118363575601,0
-75.06216414732258,33.777469473223945,0
-74.37924210267742,33.191280526776055,0
-74.45815804400581,33.098816364243994,0
-75.14434195599418,33.68118363575601,0

</coordinates>
</LinearRing>
</outerBoundaryIs>
</Polygon>
</Placemark>

<Placemark>
<Style>
<LineStyle>
<width>0</width>
</LineStyle>

<PolyStyle>
<color>ff009dff</color>
<outline>0</outline>
</PolyStyle>
</Style>

<Polygon>
<tessellate>1</tessellate>

<outerBoundaryIs>
<LinearRing>
<coordinates>

-75.06216414732258,33.777469473223945,0
-74.98010370496685,33.8725287054291,0
-74.30052129503314,33.282471294570904,0
-74.37924210267742,33.191280526776055,0
-75.06216414732258,33.777469473223945,0

</coordinates>
</LinearRing>
</outerBoundaryIs>
</Polygon>
</Placemark>

<Placemark>
<Style>
<LineStyle>
<width>0</width>
</LineStyle>

<PolyStyle>
<color>ff009fff</color>
<outline>0</outline>
</PolyStyle>
</Style>

<Polygon>
<tessellate>1</tessellate>

<outerBoundaryIs>
<LinearRing>
<coordinates>

-74.98010370496685,33.8725287054291,0
-74.89815950133885,33.966361503014575,0
-74.22199674866116,33.37238849698543,0
-74.30052129503314,33.282471294570904,0
-74.98010370496685,33.8725287054291,0

</coordinates>
</LinearRing>
</outerBoundaryIs>
</Polygon>
</Placemark>

<Placemark>
<Style>
<LineStyle>
<width>0</width>
</LineStyle>

<PolyStyle>
<color>ff00a1ff</color>
<outline>0</outline>
</PolyStyle>
</Style>

<Polygon>
<tessellate>1</tessellate>

<outerBoundaryIs>
<LinearRing>
<coordinates>

-74.89815950133885,33.966361503014575,0
-74.8163303746455,34.05896802352562,0
-74.1436696253545,33.46103197647437,0
-74.22199674866116,33.37238849698543,0
-74.89815950133885,33.966361503014575,0

</coordinates>
</LinearRing>
</outerBoundaryIs>
</Polygon>
</Placemark>

<Placemark>
<Style>
<LineStyle>
<width>0</width>
</LineStyle>

<PolyStyle>
<color>ff00a2ff</color>
<outline>0</outline>
</PolyStyle>
</Style>

<Polygon>
<tessellate>1</tessellate>

<outerBoundaryIs>
<LinearRing>
<coordinates>

-74.8163303746455,34.05896802352562,0
-74.73461512808575,34.150348410065405,0
-74.06554112191424,33.5484015899346,0
-74.1436696253545,33.46103197647437,0
-74.8163303746455,34.05896802352562,0

</coordinates>
</LinearRing>
</outerBoundaryIs>
</Polygon>
</Placemark>

<Placemark>
<Style>
<LineStyle>
<width>0</width>
</LineStyle>

<PolyStyle>
<color>ff00a4ff</color>
<outline>0</outline>
</PolyStyle>
</Style>

<Polygon>
<tessellate>1</tessellate>

<outerBoundaryIs>
<LinearRing>
<coordinates>

-74.73461512808575,34.150348410065405,0
-74.6530125290625,34.240502789858134,0
-73.9876124709375,33.634497210141866,0
-74.06554112191424,33.5484015899346,0
-74.73461512808575,34.150348410065405,0

</coordinates>
</LinearRing>
</outerBoundaryIs>
</Polygon>
</Placemark>

<Placemark>
<Style>
<LineStyle>
<width>0</width>
</LineStyle>

<PolyStyle>
<color>ff00a6ff</color>
<outline>0</outline>
</PolyStyle>
</Style>

<Polygon>
<tessellate>1</tessellate>

<outerBoundaryIs>
<LinearRing>
<coordinates>

-74.6530125290625,34.240502789858134,0
-74.5715213084146,34.329431272714174,0
-73.90988494158542,33.719318727285824,0
-73.9876124709375,33.634497210141866,0
-74.6530125290625,34.240502789858134,0

</coordinates>
</LinearRing>
</outerBoundaryIs>
</Polygon>
</Placemark>

<Placemark>
<Style>
<LineStyle>
<width>0</width>
</LineStyle>

<PolyStyle>
<color>ff00a7ff</color>
<outline>0</outline>
</PolyStyle>
</Style>

<Polygon>
<tessellate>1</tessellate>

<outerBoundaryIs>
<LinearRing>
<coordinates>

-74.5715213084146,34.329431272714174,0
-74.4901401596748,34.41713394939193,0
-73.8323598403252,33.80286605060807,0
-73.90988494158542,33.719318727285824,0
-74.5715213084146,34.329431272714174,0

</coordinates>
</LinearRing>
</outerBoundaryIs>
</Polygon>
</Placemark>

<Placemark>
<Style>
<LineStyle>
<width>0</width>
</LineStyle>

<PolyStyle>
<color>ff00a9ff</color>
<outline>0</outline>
</PolyStyle>
</Style>

<Polygon>
<tessellate>1</tessellate>

<outerBoundaryIs>
<LinearRing>
<coordinates>

-74.4901401596748,34.41713394939193,0
-74.40886773835894,34.503610889851714,0
-73.75503851164109,33.88513911014829,0
-73.8323598403252,33.80286605060807,0
-74.4901401596748,34.41713394939193,0

</coordinates>
</LinearRing>
</outerBoundaryIs>
</Polygon>
</Placemark>

<Placemark>
<Style>
<LineStyle>
<width>0</width>
</LineStyle>

<PolyStyle>
<color>ff00abff</color>
<outline>0</outline>
</PolyStyle>
</Style>

<Polygon>
<tessellate>1</tessellate>

<outerBoundaryIs>
<LinearRing>
<coordinates>

-74.40886773835894,34.503610889851714,0
-74.32770266129391,34.588862141395545,0
-73.6779223387061,33.96613785860446,0
-73.75503851164109,33.88513911014829,0
-74.40886773835894,34.503610889851714,0

</coordinates>
</LinearRing>
</outerBoundaryIs>
</Polygon>
</Placemark>

<Placemark>
<Style>
<LineStyle>
<width>0</width>
</LineStyle>

<PolyStyle>
<color>ff00adff</color>
<outline>0</outline>
</PolyStyle>
</Style>

<Polygon>
<tessellate>1</tessellate>

<outerBoundaryIs>
<LinearRing>
<coordinates>

-74.32770266129391,34.588862141395545,0
-74.24664350599183,34.67288772668761,0
-73.60101274400817,34.04586227331239,0
-73.6779223387061,33.96613785860446,0
-74.32770266129391,34.588862141395545,0

</coordinates>
</LinearRing>
</outerBoundaryIs>
</Polygon>
</Placemark>

<Placemark>
<Style>
<LineStyle>
<width>0</width>
</LineStyle>

<PolyStyle>
<color>ff00aeff</color>
<outline>0</outline>
</PolyStyle>
</Style>

<Polygon>
<tessellate>1</tessellate>

<outerBoundaryIs>
<LinearRing>
<coordinates>

-74.24664350599183,34.67288772668761,0
-74.16568881007805,34.75568764165028,0
-73.52431118992195,34.12431235834971,0
-73.60101274400817,34.04586227331239,0
-74.24664350599183,34.67288772668761,0

</coordinates>
</LinearRing>
</outerBoundaryIs>
</Polygon>
</Placemark>

<Placemark>
<Style>
<LineStyle>
<width>0</width>
</LineStyle>

<PolyStyle>
<color>ff00b0ff</color>
<outline>0</outline>
</PolyStyle>
</Style>

<Polygon>
<tessellate>1</tessellate>

<outerBoundaryIs>
<LinearRing>
<coordinates>

-74.16568881007805,34.75568764165028,0
-74.08483707078307,34.837261853229506,0
-73.44781917921694,34.20148814677049,0
-73.52431118992195,34.12431235834971,0
-74.16568881007805,34.75568764165028,0

</coordinates>
</LinearRing>
</outerBoundaryIs>
</Polygon>
</Placemark>

<Placemark>
<Style>
<LineStyle>
<width>0</width>
</LineStyle>

<PolyStyle>
<color>ff00b2ff</color>
<outline>0</outline>
</PolyStyle>
</Style>

<Polygon>
<tessellate>1</tessellate>

<outerBoundaryIs>
<LinearRing>
<coordinates>

-74.08483707078307,34.837261853229506,0
-74.00678649353553,34.9149279438461,0
-73.37197938705587,34.27694680183411,0
-73.44781917921694,34.20148814677049,0
-74.08483707078307,34.837261853229506,0

</coordinates>
</LinearRing>
</outerBoundaryIs>
</Polygon>
</Placemark>

<Placemark>

<Style>
<LineStyle>
<width>0</width>
</LineStyle>

<PolyStyle>
<color>ff00b4ff</color>
<outline>0</outline>
</PolyStyle>
</Style>

<Polygon>
<tessellate>1</tessellate>

<outerBoundaryIs>
<LinearRing>
<coordinates>

-72.0,36.0,0
-74.42698641796628,35.47823671362653,0
-74.00678649353553,34.9149279438461,0
-73.37197938705587,34.27694680183411,0
-72.95688478639295,33.70939494771147,0
-72.0,36.0,0

</coordinates>
</LinearRing>
</outerBoundaryIs>

</Polygon>
</Placemark>

<Placemark>
<Style>
<LineStyle>
<width>0</width>
</LineStyle>

<PolyStyle>
<color>ff00b4ff</color>
<outline>0</outline>
</PolyStyle>
</Style>

<Polygon>
<tessellate>1</tessellate>

<outerBoundaryIs>
<LinearRing>
<coordinates>

-70.29804709204254,37.33714674983601,0
-70.07212156553771,37.53686893328385,0
-69.4778784344623,36.86094356671615,0
-69.70195290795746,36.66285325016399,0
-70.29804709204254,37.33714674983601,0

</coordinates>
</LinearRing>
</outerBoundaryIs>
</Polygon>
</Placemark>

<Placemark>
<Style>
<LineStyle>
<width>0</width>
</LineStyle>

<PolyStyle>
<color>ff00b5ff</color>
<outline>0</outline>
</PolyStyle>
</Style>

<Polygon>
<tessellate>1</tessellate>

<outerBoundaryIs>
<LinearRing>
<coordinates>

-70.07212156553771,37.53686893328385,0
-69.84525480380226,37.735219759723535,0
-69.25474519619773,37.05603024027647,0
-69.4778784344623,36.86094356671615,0
-70.07212156553771,37.53686893328385,0

</coordinates>
</LinearRing>
</outerBoundaryIs>
</Polygon>
</Placemark>

<Placemark>
<Style>
<LineStyle>
<width>0</width>
</LineStyle>

<PolyStyle>
<color>ff00b6ff</color>
<outline>0</outline>
</PolyStyle>
</Style>

<Polygon>
<tessellate>1</tessellate>

<outerBoundaryIs>
<LinearRing>
<coordinates>

-69.84525480380226,37.735219759723535,0
-69.6183608878861,37.931388413575895,0
-69.03163911211391,37.248924086424104,0
-69.25474519619773,37.05603024027647,0
-69.84525480380226,37.735219759723535,0

</coordinates>
</LinearRing>
</outerBoundaryIs>
</Polygon>
</Placemark>

<Placemark>
<Style>
<LineStyle>
<width>0</width>
</LineStyle>

<PolyStyle>
<color>ff00b7ff</color>
<outline>0</outline>
</PolyStyle>
</Style>

<Polygon>
<tessellate>1</tessellate>

<outerBoundaryIs>
<LinearRing>
<coordinates>

-69.6183608878861,37.931388413575895,0
-69.39143946788475,38.125374665962724,0
-68.80856053211524,37.439625334037274,0
-69.03163911211391,37.248924086424104,0
-69.6183608878861,37.931388413575895,0

</coordinates>
</LinearRing>
</outerBoundaryIs>
</Polygon>
</Placemark>

<Placemark>
<Style>
<LineStyle>
<width>0</width>
</LineStyle>

<PolyStyle>
<color>ff00b8ff</color>
<outline>0</outline>
</PolyStyle>
</Style>

<Polygon>
<tessellate>1</tessellate>

<outerBoundaryIs>
<LinearRing>
<coordinates>

-69.39143946788475,38.125374665962724,0
-69.16449019408464,38.31717827763951,0
-68.58550980591536,37.62813422236049,0
-68.80856053211524,37.439625334037274,0
-69.39143946788475,38.125374665962724,0

</coordinates>
</LinearRing>
</outerBoundaryIs>
</Polygon>
</Placemark>

<Placemark>
<Style>
<LineStyle>
<width>0</width>
</LineStyle>

<PolyStyle>
<color>ff00b9ff</color>
<outline>0</outline>
</PolyStyle>
</Style>

<Polygon>
<tessellate>1</tessellate>

<outerBoundaryIs>
<LinearRing>
<coordinates>

-69.16449019408464,38.31717827763951,0
-68.93751271726406,38.506798998751265,0
-68.36248728273596,37.81445100124874,0
-68.58550980591536,37.62813422236049,0
-69.16449019408464,38.31717827763951,0

</coordinates>
</LinearRing>
</outerBoundaryIs>
</Polygon>
</Placemark>

<Placemark>
<Style>
<LineStyle>
<width>0</width>
</LineStyle>

<PolyStyle>
<color>ff00baff</color>
<outline>0</outline>
</PolyStyle>
</Style>

<Polygon>
<tessellate>1</tessellate>

<outerBoundaryIs>
<LinearRing>
<coordinates>

-68.93751271726406,38.506798998751265,0
-68.71050668901012,38.69423656859007,0
-68.13949331098985,37.99857593140993,0
-68.36248728273596,37.81445100124874,0
-68.93751271726406,38.506798998751265,0

</coordinates>
</LinearRing>
</outerBoundaryIs>
</Polygon>
</Placemark>

<Placemark>
<Style>
<LineStyle>
<width>0</width>
</LineStyle>

<PolyStyle>
<color>ff00bbff</color>
<outline>0</outline>
</PolyStyle>
</Style>

<Polygon>
<tessellate>1</tessellate>

<outerBoundaryIs>
<LinearRing>
<coordinates>

-68.71050668901012,38.69423656859007,0
-68.48347176205154,38.87949071535508,0
-67.91652823794847,38.180509284644934,0
-68.13949331098985,37.99857593140993,0
-68.71050668901012,38.69423656859007,0

</coordinates>
</LinearRing>
</outerBoundaryIs>
</Polygon>
</Placemark>

<Placemark>
<Style>
<LineStyle>
<width>0</width>
</LineStyle>

<PolyStyle>
<color>ff00bcff</color>
<outline>0</outline>
</PolyStyle>
</Style>

<Polygon>
<tessellate>1</tessellate>

<outerBoundaryIs>
<LinearRing>
<coordinates>

-68.48347176205154,38.87949071535508,0
-68.25640759060768,39.0625611559153,0
-67.69359240939231,38.36025134408471,0
-67.91652823794847,38.180509284644934,0
-68.48347176205154,38.87949071535508,0

</coordinates>
</LinearRing>
</outerBoundaryIs>
</Polygon>
</Placemark>

<Placemark>
<Style>
<LineStyle>
<width>0</width>
</LineStyle>

<PolyStyle>
<color>ff00bdff</color>
<outline>0</outline>
</PolyStyle>
</Style>

<Polygon>
<tessellate>1</tessellate>

<outerBoundaryIs>
<LinearRing>
<coordinates>

-68.25640759060768,39.0625611559153,0
-68.02931383075479,39.24344759557615,0
-67.47068616924521,38.53780240442385,0
-67.69359240939231,38.36025134408471,0
-68.25640759060768,39.0625611559153,0

</coordinates>
</LinearRing>
</outerBoundaryIs>
</Polygon>
</Placemark>

<Placemark>
<Style>
<LineStyle>
<width>0</width>
</LineStyle>

<PolyStyle>
<color>ff00beff</color>
<outline>0</outline>
</PolyStyle>
</Style>

<Polygon>
<tessellate>1</tessellate>

<outerBoundaryIs>
<LinearRing>
<coordinates>

-68.02931383075479,39.24344759557615,0
-67.80219014080865,39.42214972785042,0
-67.24780985919136,38.71316277214958,0
-67.47068616924521,38.53780240442385,0
-68.02931383075479,39.24344759557615,0

</coordinates>
</LinearRing>
</outerBoundaryIs>
</Polygon>
</Placemark>

<Placemark>
<Style>
<LineStyle>
<width>0</width>
</LineStyle>

<PolyStyle>
<color>ff00bfff</color>
<outline>0</outline>
</PolyStyle>
</Style>

<Polygon>
<tessellate>1</tessellate>

<outerBoundaryIs>
<LinearRing>
<coordinates>

-67.80219014080865,39.42214972785042,0
-67.57503618172511,39.598667234234235,0
-67.02496381827488,38.88633276576575,0
-67.24780985919136,38.71316277214958,0
-67.80219014080865,39.42214972785042,0

</coordinates>
</LinearRing>
</outerBoundaryIs>
</Polygon>
</Placemark>

<Placemark>
<Style>
<LineStyle>
<width>0</width>
</LineStyle>

<PolyStyle>
<color>ff00c0ff</color>
<outline>0</outline>
</PolyStyle>
</Style>

<Polygon>
<tessellate>1</tessellate>

<outerBoundaryIs>
<LinearRing>
<coordinates>

-67.57503618172511,39.598667234234235,0
-67.34785161751792,39.77299978398916,0
-66.80214838248209,39.057312716010834,0
-67.02496381827488,38.88633276576575,0
-67.57503618172511,39.598667234234235,0

</coordinates>
</LinearRing>
</outerBoundaryIs>
</Polygon>
</Placemark>

<Placemark>
<Style>
<LineStyle>
<width>0</width>
</LineStyle>

<PolyStyle>
<color>ff00c1ff</color>
<outline>0</outline>
</PolyStyle>
</Style>

<Polygon>
<tessellate>1</tessellate>

<outerBoundaryIs>
<LinearRing>
<coordinates>

-67.34785161751792,39.77299978398916,0
-67.12063611569442,39.94514703393092,0
-66.57936388430556,39.226102966069064,0
-66.80214838248209,39.057312716010834,0
-67.34785161751792,39.77299978398916,0

</coordinates>
</LinearRing>
</outerBoundaryIs>
</Polygon>
</Placemark>

<Placemark>
<Style>
<LineStyle>
<width>0</width>
</LineStyle>

<PolyStyle>
<color>ff00c2ff</color>
<outline>0</outline>
</PolyStyle>
</Style>

<Polygon>
<tessellate>1</tessellate>

<outerBoundaryIs>
<LinearRing>
<coordinates>

-67.12063611569442,39.94514703393092,0
-66.89338934770942,40.11510862822599,0
-66.35661065229058,39.39270387177401,0
-66.57936388430556,39.226102966069064,0
-67.12063611569442,39.94514703393092,0

</coordinates>
</LinearRing>
</outerBoundaryIs>
</Polygon>
</Placemark>

<Placemark>
<Style>
<LineStyle>
<width>0</width>
</LineStyle>

<PolyStyle>
<color>ff00c3ff</color>
<outline>0</outline>
</PolyStyle>
</Style>

<Polygon>
<tessellate>1</tessellate>

<outerBoundaryIs>
<LinearRing>
<coordinates>

-66.89338934770942,40.11510862822599,0
-66.66611098943703,40.2828841981967,0
-66.13388901056301,39.55711580180332,0
-66.35661065229058,39.39270387177401,0
-66.89338934770942,40.11510862822599,0

</coordinates>
</LinearRing>
</outerBoundaryIs>
</Polygon>
</Placemark>

<Placemark>
<Style>
<LineStyle>
<width>0</width>
</LineStyle>

<PolyStyle>
<color>ff00c4ff</color>
<outline>0</outline>
</PolyStyle>
</Style>

<Polygon>
<tessellate>1</tessellate>

<outerBoundaryIs>
<LinearRing>
<coordinates>

-66.66611098943703,40.2828841981967,0
-66.43880072166111,40.44847336213586,0
-65.91119927833888,39.71933913786414,0
-66.13388901056301,39.55711580180332,0
-66.66611098943703,40.2828841981967,0

</coordinates>
</LinearRing>
</outerBoundaryIs>
</Polygon>
</Placemark>

<Placemark>
<Style>
<LineStyle>
<width>0</width>
</LineStyle>

<PolyStyle>
<color>ff00c5ff</color>
<outline>0</outline>
</PolyStyle>
</Style>

<Polygon>
<tessellate>1</tessellate>

<outerBoundaryIs>
<LinearRing>
<coordinates>

-66.43880072166111,40.44847336213586,0
-66.21145823058387,40.61187572513233,0
-65.68854176941613,39.87937427486768,0
-65.91119927833888,39.71933913786414,0
-66.43880072166111,40.44847336213586,0

</coordinates>
</LinearRing>
</outerBoundaryIs>
</Polygon>
</Placemark>

<Placemark>
<Style>
<LineStyle>
<width>0</width>
</LineStyle>

<PolyStyle>
<color>ff00c7ff</color>
<outline>0</outline>
</PolyStyle>
</Style>

<Polygon>
<tessellate>1</tessellate>

<outerBoundaryIs>
<LinearRing>
<coordinates>

-66.21145823058387,40.61187572513233,0
-65.98408320835286,40.77309087890789,0
-65.46591679164713,40.03722162109211,0
-65.68854176941613,39.87937427486768,0
-66.21145823058387,40.61187572513233,0

</coordinates>
</LinearRing>
</outerBoundaryIs>
</Polygon>
</Placemark>

<Placemark>
<Style>
<LineStyle>
<width>0</width>
</LineStyle>

<PolyStyle>
<color>ff00c8ff</color>
<outline>0</outline>
</PolyStyle>
</Style>

<Polygon>
<tessellate>1</tessellate>

<outerBoundaryIs>
<LinearRing>
<coordinates>

-65.98408320835286,40.77309087890789,0
-65.7566753536066,40.93211840166708,0
-65.2433246463934,40.19288159833292,0
-65.46591679164713,40.03722162109211,0
-65.98408320835286,40.77309087890789,0

</coordinates>
</LinearRing>
</outerBoundaryIs>
</Polygon>
</Placemark>

<Placemark>
<Style>
<LineStyle>
<width>0</width>
</LineStyle>

<PolyStyle>
<color>ff00c9ff</color>
<outline>0</outline>
</PolyStyle>
</Style>

<Polygon>
<tessellate>1</tessellate>

<outerBoundaryIs>
<LinearRing>
<coordinates>

-65.7566753536066,40.93211840166708,0
-65.52923437203809,41.08895785796097,0
-65.02076562796192,40.34635464203904,0
-65.2433246463934,40.19288159833292,0
-65.7566753536066,40.93211840166708,0

</coordinates>
</LinearRing>
</outerBoundaryIs>
</Polygon>
</Placemark>

<Placemark>
<Style>
<LineStyle>
<width>0</width>
</LineStyle>

<PolyStyle>
<color>ff00caff</color>
<outline>0</outline>
</PolyStyle>
</Style>

<Polygon>
<tessellate>1</tessellate>

<outerBoundaryIs>
<LinearRing>
<coordinates>

-65.52923437203809,41.08895785796097,0
-65.3017599769769,41.24360879856583,0
-64.79824002302313,40.49764120143416,0
-65.02076562796192,40.34635464203904,0
-65.52923437203809,41.08895785796097,0

</coordinates>
</LinearRing>
</outerBoundaryIs>
</Polygon>
</Placemark>

<Placemark>
<Style>
<LineStyle>
<width>0</width>
</LineStyle>

<PolyStyle>
<color>ff00cbff</color>
<outline>0</outline>
</PolyStyle>
</Style>

<Polygon>
<tessellate>1</tessellate>

<outerBoundaryIs>
<LinearRing>
<coordinates>

-65.3017599769769,41.24360879856583,0
-65.07425188998876,41.39607076037833,0
-64.57574811001125,40.64674173962167,0
-64.79824002302313,40.49764120143416,0
-65.3017599769769,41.24360879856583,0

</coordinates>
</LinearRing>
</outerBoundaryIs>
</Polygon>
</Placemark>

<Placemark>
<Style>
<LineStyle>
<width>0</width>
</LineStyle>

<PolyStyle>
<color>ff00ccff</color>
<outline>0</outline>
</PolyStyle>
</Style>

<Polygon>
<tessellate>1</tessellate>

<outerBoundaryIs>
<LinearRing>
<coordinates>

-65.07425188998876,41.39607076037833,0
-64.84670984149302,41.54634326632808,0
-64.35329015850697,40.793656733671924,0
-64.57574811001125,40.64674173962167,0
-65.07425188998876,41.39607076037833,0

</coordinates>
</LinearRing>
</outerBoundaryIs>
</Polygon>
</Placemark>

<Placemark>
<Style>
<LineStyle>
<width>0</width>
</LineStyle>

<PolyStyle>
<color>ff00cdff</color>
<outline>0</outline>
</PolyStyle>
</Style>

<Polygon>
<tessellate>1</tessellate>

<outerBoundaryIs>
<LinearRing>
<coordinates>

-64.84670984149302,41.54634326632808,0
-64.61913357139724,41.69442582530904,0
-64.13086642860276,40.93838667469096,0
-64.35329015850697,40.793656733671924,0
-64.84670984149302,41.54634326632808,0

</coordinates>
</LinearRing>
</outerBoundaryIs>
</Polygon>
</Placemark>

<Placemark>
<Style>
<LineStyle>
<width>0</width>
</LineStyle>

<PolyStyle>
<color>ff00ceff</color>
<outline>0</outline>
</PolyStyle>
</Style>

<Polygon>
<tessellate>1</tessellate>

<outerBoundaryIs>
<LinearRing>
<coordinates>

-64.61913357139724,41.69442582530904,0
-64.3915228297485,41.84031793213107,0
-63.908477170251516,41.08093206786894,0
-64.13086642860276,40.93838667469096,0
-64.61913357139724,41.69442582530904,0

</coordinates>
</LinearRing>
</outerBoundaryIs>
</Polygon>
</Placemark>

<Placemark>
<Style>
<LineStyle>
<width>0</width>
</LineStyle>

<PolyStyle>
<color>ff00cfff</color>
<outline>0</outline>
</PolyStyle>
</Style>

<Polygon>
<tessellate>1</tessellate>

<outerBoundaryIs>
<LinearRing>
<coordinates>

-64.3915228297485,41.84031793213107,0
-64.16387737740109,41.98401906749271,0
-63.6861226225989,41.221293432507295,0
-63.908477170251516,41.08093206786894,0
-64.3915228297485,41.84031793213107,0

</coordinates>
</LinearRing>
</outerBoundaryIs>
</Polygon>
</Placemark>

<Placemark>
<Style>
<LineStyle>
<width>0</width>
</LineStyle>

<PolyStyle>
<color>ff00d0ff</color>
<outline>0</outline>
</PolyStyle>
</Style>

<Polygon>
<tessellate>1</tessellate>

<outerBoundaryIs>
<LinearRing>
<coordinates>

-64.16387737740109,41.98401906749271,0
-63.93619698669982,42.12552869797696,0
-63.46380301330017,41.35947130202304,0
-63.6861226225989,41.221293432507295,0
-64.16387737740109,41.98401906749271,0

</coordinates>
</LinearRing>
</outerBoundaryIs>
</Polygon>
</Placemark>

<Placemark>
<Style>
<LineStyle>
<width>0</width>
</LineStyle>

<PolyStyle>
<color>ff00d1ff</color>
<outline>0</outline>
</PolyStyle>
</Style>

<Polygon>
<tessellate>1</tessellate>

<outerBoundaryIs>
<LinearRing>
<coordinates>

-63.93619698669982,42.12552869797696,0
-63.70848144217792,42.26484627607101,0
-63.24151855782208,41.495466223928986,0
-63.46380301330017,41.35947130202304,0
-63.93619698669982,42.12552869797696,0

</coordinates>
</LinearRing>
</outerBoundaryIs>
</Polygon>
</Placemark>

<Placemark>
<Style>
<LineStyle>
<width>0</width>
</LineStyle>

<PolyStyle>
<color>ff00d2ff</color>
<outline>0</outline>
</PolyStyle>
</Style>

<Polygon>
<tessellate>1</tessellate>

<outerBoundaryIs>
<LinearRing>
<coordinates>

-63.70848144217792,42.26484627607101,0
-63.48073054126938,42.40197124021147,0
-63.01926945873062,41.62927875978853,0
-63.24151855782208,41.495466223928986,0
-63.70848144217792,42.26484627607101,0

</coordinates>
</LinearRing>
</outerBoundaryIs>
</Polygon>
</Placemark>

<Placemark>
<Style>
<LineStyle>
<width>0</width>
</LineStyle>

<PolyStyle>
<color>ff00d3ff</color>
<outline>0</outline>
</PolyStyle>
</Style>

<Polygon>
<tessellate>1</tessellate>

<outerBoundaryIs>
<LinearRing>
<coordinates>

-63.48073054126938,42.40197124021147,0
-63.252944095034174,42.53690301485643,0
-62.79705590496584,41.76090948514358,0
-63.01926945873062,41.62927875978853,0
-63.48073054126938,42.40197124021147,0

</coordinates>
</LinearRing>
</outerBoundaryIs>
</Polygon>
</Placemark>

<Placemark>
<Style>
<LineStyle>
<width>0</width>
</LineStyle>

<PolyStyle>
<color>ff00d4ff</color>
<outline>0</outline>
</PolyStyle>
</Style>

<Polygon>
<tessellate>1</tessellate>

<outerBoundaryIs>
<LinearRing>
<coordinates>

-63.252944095034174,42.53690301485643,0
-63.025121928895665,42.669641010585764,0
-62.57487807110433,41.89035898941424,0
-62.79705590496584,41.76090948514358,0
-63.252944095034174,42.53690301485643,0

</coordinates>
</LinearRing>
</outerBoundaryIs>
</Polygon>
</Placemark>

<Placemark>
<Style>
<LineStyle>
<width>0</width>
</LineStyle>

<PolyStyle>
<color>ff00d5ff</color>
<outline>0</outline>
</PolyStyle>
</Style>

<Polygon>
<tessellate>1</tessellate>

<outerBoundaryIs>
<LinearRing>
<coordinates>

-63.025121928895665,42.669641010585764,0
-62.79726388338894,42.80018462423102,0
-62.35273611661106,42.017627875768994,0
-62.57487807110433,41.89035898941424,0
-63.025121928895665,42.669641010585764,0

</coordinates>
</LinearRing>
</outerBoundaryIs>
</Polygon>
</Placemark>

<Placemark>
<Style>
<LineStyle>
<width>0</width>
</LineStyle>

<PolyStyle>
<color>ff00d6ff</color>
<outline>0</outline>
</PolyStyle>
</Style>

<Polygon>
<tessellate>1</tessellate>

<outerBoundaryIs>
<LinearRing>
<coordinates>

-62.79726388338894,42.80018462423102,0
-62.5693698149188,42.92853323903615,0
-62.13063018508119,42.14271676096384,0
-62.35273611661106,42.017627875768994,0
-62.79726388338894,42.80018462423102,0

</coordinates>
</LinearRing>
</outerBoundaryIs>
</Polygon>
</Placemark>

<Placemark>
<Style>
<LineStyle>
<width>0</width>
</LineStyle>

<PolyStyle>
<color>ff00d7ff</color>
<outline>0</outline>
</PolyStyle>
</Style>

<Polygon>
<tessellate>1</tessellate>

<outerBoundaryIs>
<LinearRing>
<coordinates>

-62.5693698149188,42.92853323903615,0
-62.341439596526136,43.054686224850585,0
-61.908560403473864,42.265626275149415,0
-62.13063018508119,42.14271676096384,0
-62.5693698149188,42.92853323903615,0

</coordinates>
</LinearRing>
</outerBoundaryIs>
</Polygon>
</Placemark>

<Placemark>
<Style>
<LineStyle>
<width>0</width>
</LineStyle>

<PolyStyle>
<color>ff00d8ff</color>
<outline>0</outline>
</PolyStyle>
</Style>

<Polygon>
<tessellate>1</tessellate>

<outerBoundaryIs>
<LinearRing>
<coordinates>

-62.341439596526136,43.054686224850585,0
-62.113473118660956,43.1786429383558,0
-61.686526881339056,42.3863570616442,0
-61.908560403473864,42.265626275149415,0
-62.341439596526136,43.054686224850585,0

</coordinates>
</LinearRing>
</outerBoundaryIs>
</Polygon>
</Placemark>

<Placemark>
<Style>
<LineStyle>
<width>0</width>
</LineStyle>

<PolyStyle>
<color>ff00daff</color>
<outline>0</outline>
</PolyStyle>
</Style>

<Polygon>
<tessellate>1</tessellate>

<outerBoundaryIs>
<LinearRing>
<coordinates>

-62.113473118660956,43.1786429383558,0
-61.88547028996085,43.30040272332667,0
-61.464529710039145,42.504909776673344,0
-61.686526881339056,42.3863570616442,0
-62.113473118660956,43.1786429383558,0

</coordinates>
</LinearRing>
</outerBoundaryIs>
</Polygon>
</Placemark>

<Placemark>
<Style>
<LineStyle>
<width>0</width>
</LineStyle>

<PolyStyle>
<color>ff00dbff</color>
<outline>0</outline>
</PolyStyle>
</Style>

<Polygon>
<tessellate>1</tessellate>

<outerBoundaryIs>
<LinearRing>
<coordinates>

-61.88547028996085,43.30040272332667,0
-61.65743103803275,43.41996491092884,0
-61.24256896196726,42.62128508907115,0
-61.464529710039145,42.504909776673344,0
-61.88547028996085,43.30040272332667,0

</coordinates>
</LinearRing>
</outerBoundaryIs>
</Polygon>
</Placemark>

<Placemark>
<Style>
<LineStyle>
<width>0</width>
</LineStyle>

<PolyStyle>
<color>ff00dcff</color>
<outline>0</outline>
</PolyStyle>
</Style>

<Polygon>
<tessellate>1</tessellate>

<outerBoundaryIs>
<LinearRing>
<coordinates>

-61.65743103803275,43.41996491092884,0
-61.429355310236275,43.5373288200534,0
-61.020644689763714,42.73548367994658,0
-61.24256896196726,42.62128508907115,0
-61.65743103803275,43.41996491092884,0

</coordinates>
</LinearRing>
</outerBoundaryIs>
</Polygon>
</Placemark>

<Placemark>
<Style>
<LineStyle>
<width>0</width>
</LineStyle>

<PolyStyle>
<color>ff00ddff</color>
<outline>0</outline>
</PolyStyle>
</Style>

<Polygon>
<tessellate>1</tessellate>

<outerBoundaryIs>
<LinearRing>
<coordinates>

-61.429355310236275,43.5373288200534,0
-61.20124307446679,43.652493757689676,0
-60.79875692553321,42.847506242310324,0
-61.020644689763714,42.73548367994658,0
-61.429355310236275,43.5373288200534,0

</coordinates>
</LinearRing>
</outerBoundaryIs>
</Polygon>
</Placemark>

<Placemark>
<Style>
<LineStyle>
<width>0</width>
</LineStyle>

<PolyStyle>
<color>ff00deff</color>
<outline>0</outline>
</PolyStyle>
</Style>

<Polygon>
<tessellate>1</tessellate>

<outerBoundaryIs>
<LinearRing>
<coordinates>

-61.20124307446679,43.652493757689676,0
-60.97309431993588,43.76545901933731,0
-60.57690568006413,42.9573534806627,0
-60.79875692553321,42.847506242310324,0
-61.20124307446679,43.652493757689676,0

</coordinates>
</LinearRing>
</outerBoundaryIs>
</Polygon>
</Placemark>

<Placemark>
<Style>
<LineStyle>
<width>0</width>
</LineStyle>

<PolyStyle>
<color>ff00dfff</color>
<outline>0</outline>
</PolyStyle>
</Style>

<Polygon>
<tessellate>1</tessellate>

<outerBoundaryIs>
<LinearRing>
<coordinates>

-60.97309431993588,43.76545901933731,0
-60.74490905794725,43.87622388945868,0
-60.35509094205275,43.06502611054132,0
-60.57690568006413,42.9573534806627,0
-60.97309431993588,43.76545901933731,0

</coordinates>
</LinearRing>
</outerBoundaryIs>
</Polygon>
</Placemark>

<Placemark>
<Style>
<LineStyle>
<width>0</width>
</LineStyle>

<PolyStyle>
<color>ff00e0ff</color>
<outline>0</outline>
</PolyStyle>
</Style>

<Polygon>
<tessellate>1</tessellate>

<outerBoundaryIs>
<LinearRing>
<coordinates>

-60.74490905794725,43.87622388945868,0
-60.51668732266542,43.98478764197238,0
-60.13331267733459,43.170524858027626,0
-60.35509094205275,43.06502611054132,0
-60.74490905794725,43.87622388945868,0

</coordinates>
</LinearRing>
</outerBoundaryIs>
</Polygon>
</Placemark>

<Placemark>
<Style>
<LineStyle>
<width>0</width>
</LineStyle>

<PolyStyle>
<color>ff00e1ff</color>
<outline>0</outline>
</PolyStyle>
</Style>

<Polygon>
<tessellate>1</tessellate>

<outerBoundaryIs>
<LinearRing>
<coordinates>

-60.51668732266542,43.98478764197238,0
-60.28842917187491,44.091149540788365,0
-59.91157082812509,43.273850459211644,0
-60.13331267733459,43.170524858027626,0
-60.51668732266542,43.98478764197238,0

</coordinates>
</LinearRing>
</outerBoundaryIs>
</Polygon>
</Placemark>

<Placemark>
<Style>
<LineStyle>
<width>0</width>
</LineStyle>

<PolyStyle>
<color>ff00e2ff</color>
<outline>0</outline>
</PolyStyle>
</Style>

<Polygon>
<tessellate>1</tessellate>

<outerBoundaryIs>
<LinearRing>
<coordinates>

-60.28842917187491,44.091149540788365,0
-60.060134687727576,44.19530884038559,0
-59.689865312272424,43.37500365961441,0
-59.91157082812509,43.273850459211644,0
-60.28842917187491,44.091149540788365,0

</coordinates>
</LinearRing>
</outerBoundaryIs>
</Polygon>
</Placemark>

<Placemark>
<Style>
<LineStyle>
<width>0</width>
</LineStyle>

<PolyStyle>
<color>ff00e3ff</color>
<outline>0</outline>
</PolyStyle>
</Style>

<Polygon>
<tessellate>1</tessellate>

<outerBoundaryIs>
<LinearRing>
<coordinates>

-60.060134687727576,44.19530884038559,0
-59.831803977474856,44.29726478643266,0
-59.46819602252514,43.473985213567346,0
-59.689865312272424,43.37500365961441,0
-60.060134687727576,44.19530884038559,0

</coordinates>
</LinearRing>
</outerBoundaryIs>
</Polygon>
</Placemark>

<Placemark>
<Style>
<LineStyle>
<width>0</width>
</LineStyle>

<PolyStyle>
<color>ff00e4ff</color>
<outline>0</outline>
</PolyStyle>
</Style>

<Polygon>
<tessellate>1</tessellate>

<outerBoundaryIs>
<LinearRing>
<coordinates>

-59.831803977474856,44.29726478643266,0
-59.60343717418275,44.39701661645148,0
-59.24656282581726,43.57079588354853,0
-59.46819602252514,43.473985213567346,0
-59.831803977474856,44.29726478643266,0

</coordinates>
</LinearRing>
</outerBoundaryIs>
</Polygon>
</Placemark>

<Placemark>
<Style>
<LineStyle>
<width>0</width>
</LineStyle>

<PolyStyle>
<color>ff00e5ff</color>
<outline>0</outline>
</PolyStyle>
</Style>

<Polygon>
<tessellate>1</tessellate>

<outerBoundaryIs>
<LinearRing>
<coordinates>

-59.60343717418275,44.39701661645148,0
-59.375034437426365,44.494563560524604,0
-59.02496556257364,43.66543643947539,0
-59.24656282581726,43.57079588354853,0
-59.60343717418275,44.39701661645148,0

</coordinates>
</LinearRing>
</outerBoundaryIs>
</Polygon>
</Placemark>

<Placemark>
<Style>
<LineStyle>
<width>0</width>
</LineStyle>

<PolyStyle>
<color>ff00e6ff</color>
<outline>0</outline>
</PolyStyle>
</Style>

<Polygon>
<tessellate>1</tessellate>

<outerBoundaryIs>
<LinearRing>
<coordinates>

-59.375034437426365,44.494563560524604,0
-59.14659595396107,44.589904842045925,0
-58.80340404603892,43.75790765795408,0
-59.02496556257364,43.66543643947539,0
-59.375034437426365,44.494563560524604,0

</coordinates>
</LinearRing>
</outerBoundaryIs>
</Polygon>
</Placemark>

<Placemark>
<Style>
<LineStyle>
<width>0</width>
</LineStyle>

<PolyStyle>
<color>ff00e7ff</color>
<outline>0</outline>
</PolyStyle>
</Style>

<Polygon>
<tessellate>1</tessellate>

<outerBoundaryIs>
<LinearRing>
<coordinates>

-59.14659595396107,44.589904842045925,0
-58.91812193836742,44.68303967851476,0
-58.58187806163258,43.84821032148524,0
-58.80340404603892,43.75790765795408,0
-59.14659595396107,44.589904842045925,0

</coordinates>
</LinearRing>
</outerBoundaryIs>
</Polygon>
</Placemark>

<Placemark>
<Style>
<LineStyle>
<width>0</width>
</LineStyle>

<PolyStyle>
<color>ff00e8ff</color>
<outline>0</outline>
</PolyStyle>
</Style>

<Polygon>
<tessellate>1</tessellate>

<outerBoundaryIs>
<LinearRing>
<coordinates>

-58.91812193836742,44.68303967851476,0
-58.689612633666584,44.773967282373015,0
-58.36038736633343,43.936345217626986,0
-58.58187806163258,43.84821032148524,0
-58.91812193836742,44.68303967851476,0

</coordinates>
</LinearRing>
</outerBoundaryIs>
</Polygon>
</Placemark>

<Placemark>
<Style>
<LineStyle>
<width>0</width>
</LineStyle>

<PolyStyle>
<color>ff00e9ff</color>
<outline>0</outline>
</PolyStyle>
</Style>

<Polygon>
<tessellate>1</tessellate>

<outerBoundaryIs>
<LinearRing>
<coordinates>

-58.689612633666584,44.773967282373015,0
-58.461068311903354,44.862686861884804,0
-58.13893168809664,44.02231313811519,0
-58.36038736633343,43.936345217626986,0
-58.689612633666584,44.773967282373015,0

</coordinates>
</LinearRing>
</outerBoundaryIs>
</Polygon>
</Placemark>

<Placemark>
<Style>
<LineStyle>
<width>0</width>
</LineStyle>

<PolyStyle>
<color>ff00eaff</color>
<outline>0</outline>
</PolyStyle>
</Style>

<Polygon>
<tessellate>1</tessellate>

<outerBoundaryIs>
<LinearRing>
<coordinates>

-58.461068311903354,44.862686861884804,0
-58.23248927469337,44.94919762205802,0
-57.917510725306634,44.10611487794199,0
-58.13893168809664,44.02231313811519,0
-58.461068311903354,44.862686861884804,0

</coordinates>
</LinearRing>
</outerBoundaryIs>
</Polygon>
</Placemark>

<Placemark>
<Style>
<LineStyle>
<width>0</width>
</LineStyle>

<PolyStyle>
<color>ff00ebff</color>
<outline>0</outline>
</PolyStyle>
</Style>

<Polygon>
<tessellate>1</tessellate>

<outerBoundaryIs>
<LinearRing>
<coordinates>

-58.23248927469337,44.94919762205802,0
-58.003875853731536,45.0334987656067,0
-57.69612414626847,44.187751234393296,0
-57.917510725306634,44.10611487794199,0
-58.23248927469337,44.94919762205802,0

</coordinates>
</LinearRing>
</outerBoundaryIs>
</Polygon>
</Placemark>

<Placemark>
<Style>
<LineStyle>
<width>0</width>
</LineStyle>

<PolyStyle>
<color>ff00edff</color>
<outline>0</outline>
</PolyStyle>
</Style>

<Polygon>
<tessellate>1</tessellate>

<outerBoundaryIs>
<LinearRing>
<coordinates>

-58.003875853731536,45.0334987656067,0
-57.77522841125845,45.115589493953316,0
-57.47477158874155,44.267223006046684,0
-57.69612414626847,44.187751234393296,0
-58.003875853731536,45.0334987656067,0

</coordinates>
</LinearRing>
</outerBoundaryIs>
</Polygon>
</Placemark>

<Placemark>
<Style>
<LineStyle>
<width>0</width>
</LineStyle>

<PolyStyle>
<color>ff00eeff</color>
<outline>0</outline>
</PolyStyle>
</Style>

<Polygon>
<tessellate>1</tessellate>

<outerBoundaryIs>
<LinearRing>
<coordinates>

-57.77522841125845,45.115589493953316,0
-57.54654734048148,45.19546900826946,0
-57.253452659518516,44.34453099173053,0
-57.47477158874155,44.267223006046684,0
-57.77522841125845,45.115589493953316,0

</coordinates>
</LinearRing>
</outerBoundaryIs>
</Polygon>
</Placemark>

<Placemark>
<Style>
<LineStyle>
<width>0</width>
</LineStyle>

<PolyStyle>
<color>ff00efff</color>
<outline>0</outline>
</PolyStyle>
</Style>

<Polygon>
<tessellate>1</tessellate>

<outerBoundaryIs>
<LinearRing>
<coordinates>

-57.54654734048148,45.19546900826946,0
-57.31783306594759,45.27313651055344,0
-57.032166934052405,44.41967598944656,0
-57.253452659518516,44.34453099173053,0
-57.54654734048148,45.19546900826946,0

</coordinates>
</LinearRing>
</outerBoundaryIs>
</Polygon>
</Placemark>

<Placemark>
<Style>
<LineStyle>
<width>0</width>
</LineStyle>

<PolyStyle>
<color>ff00f0ff</color>
<outline>0</outline>
</PolyStyle>
</Style>

<Polygon>
<tessellate>1</tessellate>

<outerBoundaryIs>
<LinearRing>
<coordinates>

-57.31783306594759,45.27313651055344,0
-57.0890860438647,45.34859120474293,0
-56.81091395613531,44.49265879525707,0
-57.032166934052405,44.41967598944656,0
-57.31783306594759,45.27313651055344,0

</coordinates>
</LinearRing>
</outerBoundaryIs>
</Polygon>
</Placemark>

<Placemark>
<Style>
<LineStyle>
<width>0</width>
</LineStyle>

<PolyStyle>
<color>ff00f1ff</color>
<outline>0</outline>
</PolyStyle>
</Style>

<Polygon>
<tessellate>1</tessellate>

<outerBoundaryIs>
<LinearRing>
<coordinates>

-57.0890860438647,45.34859120474293,0
-56.860306762368566,45.4218322978607,0
-56.58969323763142,44.56348020213929,0
-56.81091395613531,44.49265879525707,0
-57.0890860438647,45.34859120474293,0

</coordinates>
</LinearRing>
</outerBoundaryIs>
</Polygon>
</Placemark>

<Placemark>
<Style>
<LineStyle>
<width>0</width>
</LineStyle>

<PolyStyle>
<color>ff00f2ff</color>
<outline>0</outline>
</PolyStyle>
</Style>

<Polygon>
<tessellate>1</tessellate>

<outerBoundaryIs>
<LinearRing>
<coordinates>

-56.860306762368566,45.4218322978607,0
-56.63149574173223,45.492859001191206,0
-56.36850425826777,44.632140998808794,0
-56.58969323763142,44.56348020213929,0
-56.860306762368566,45.4218322978607,0

</coordinates>
</LinearRing>
</outerBoundaryIs>
</Polygon>
</Placemark>

<Placemark>
<Style>
<LineStyle>
<width>0</width>
</LineStyle>

<PolyStyle>
<color>ff00f3ff</color>
<outline>0</outline>
</PolyStyle>
</Style>

<Polygon>
<tessellate>1</tessellate>

<outerBoundaryIs>
<LinearRing>
<coordinates>

-56.63149574173223,45.492859001191206,0
-56.40265353451517,45.56167053148531,0
-56.14734646548483,44.698641968514686,0
-56.36850425826777,44.632140998808794,0
-56.63149574173223,45.492859001191206,0

</coordinates>
</LinearRing>
</outerBoundaryIs>
</Polygon>
</Placemark>

<Placemark>
<Style>
<LineStyle>
<width>0</width>
</LineStyle>

<PolyStyle>
<color>ff00f4ff</color>
<outline>0</outline>
</PolyStyle>
</Style>

<Polygon>
<tessellate>1</tessellate>

<outerBoundaryIs>
<LinearRing>
<coordinates>

-56.40265353451517,45.56167053148531,0
-56.173780725649586,45.628266112190765,0
-55.92621927435041,44.762983887809234,0
-56.14734646548483,44.698641968514686,0
-56.40265353451517,45.56167053148531,0

</coordinates>
</LinearRing>
</outerBoundaryIs>
</Polygon>
</Placemark>

<Placemark>
<Style>
<LineStyle>
<width>0</width>
</LineStyle>

<PolyStyle>
<color>ff00f5ff</color>
<outline>0</outline>
</PolyStyle>
</Style>

<Polygon>
<tessellate>1</tessellate>

<outerBoundaryIs>
<LinearRing>
<coordinates>

-56.173780725649586,45.628266112190765,0
-55.944877932461154,45.69264497470513,0
-55.70512206753885,44.82516752529486,0
-55.92621927435041,44.762983887809234,0
-56.173780725649586,45.628266112190765,0

</coordinates>
</LinearRing>
</outerBoundaryIs>
</Polygon>
</Placemark>

<Placemark>
<Style>
<LineStyle>
<width>0</width>
</LineStyle>

<PolyStyle>
<color>ff00f6ff</color>
<outline>0</outline>
</PolyStyle>
</Style>

<Polygon>
<tessellate>1</tessellate>

<outerBoundaryIs>
<LinearRing>
<coordinates>

-55.944877932461154,45.69264497470513,0
-55.71594580462174,45.75480635964831,0
-55.48405419537826,44.88519364035169,0
-55.70512206753885,44.82516752529486,0
-55.944877932461154,45.69264497470513,0

</coordinates>
</LinearRing>
</outerBoundaryIs>
</Polygon>
</Placemark>

<Placemark>
<Style>
<LineStyle>
<width>0</width>
</LineStyle>

<PolyStyle>
<color>ff00f7ff</color>
<outline>0</outline>
</PolyStyle>
</Style>

<Polygon>
<tessellate>1</tessellate>

<outerBoundaryIs>
<LinearRing>
<coordinates>

-55.71594580462174,45.75480635964831,0
-55.486985024032236,45.81474951815095,0
-55.263014975967764,44.94306298184905,0
-55.48405419537826,44.88519364035169,0
-55.71594580462174,45.75480635964831,0

</coordinates>
</LinearRing>
</outerBoundaryIs>
</Polygon>
</Placemark>

<Placemark>
<Style>
<LineStyle>
<width>0</width>
</LineStyle>

<PolyStyle>
<color>ff00f8ff</color>
<outline>0</outline>
</PolyStyle>
</Style>

<Polygon>
<tessellate>1</tessellate>

<outerBoundaryIs>
<LinearRing>
<coordinates>

-55.486985024032236,45.81474951815095,0
-55.257996304633195,45.87247371315546,0
-55.042003695366816,44.998776286844546,0
-55.263014975967764,44.94306298184905,0
-55.486985024032236,45.81474951815095,0

</coordinates>
</LinearRing>
</outerBoundaryIs>
</Polygon>
</Placemark>

<Placemark>
<Style>
<LineStyle>
<width>0</width>
</LineStyle>

<PolyStyle>
<color>ff00f9ff</color>
<outline>0</outline>
</PolyStyle>
</Style>

<Polygon>
<tessellate>1</tessellate>

<outerBoundaryIs>
<LinearRing>
<coordinates>

-55.257996304633195,45.87247371315546,0
-55.02898039214162,45.92797822072563,0
-54.821019607858375,45.05233427927437,0
-55.042003695366816,44.998776286844546,0
-55.257996304633195,45.87247371315546,0

</coordinates>
</LinearRing>
</outerBoundaryIs>
</Polygon>
</Placemark>

<Placemark>
<Style>
<LineStyle>
<width>0</width>
</LineStyle>

<PolyStyle>
<color>ff00faff</color>
<outline>0</outline>
</PolyStyle>
</Style>

<Polygon>
<tessellate>1</tessellate>

<outerBoundaryIs>
<LinearRing>
<coordinates>

-55.02898039214162,45.92797822072563,0
-54.7999380637126,45.98126233136104,0
-54.600061936287375,45.103737668638956,0
-54.821019607858375,45.05233427927437,0
-55.02898039214162,45.92797822072563,0

</coordinates>
</LinearRing>
</outerBoundaryIs>
</Polygon>
</Placemark>

<Placemark>
<Style>
<LineStyle>
<width>0</width>
</LineStyle>

<PolyStyle>
<color>ff00fbff</color>
<outline>0</outline>
</PolyStyle>
</Style>

<Polygon>
<tessellate>1</tessellate>

<outerBoundaryIs>
<LinearRing>
<coordinates>

-54.7999380637126,45.98126233136104,0
-54.570870127524195,46.032325351312,0
-54.37912987247581,45.15298714868801,0
-54.600061936287375,45.103737668638956,0
-54.7999380637126,45.98126233136104,0

</coordinates>
</LinearRing>
</outerBoundaryIs>
</Polygon>
</Placemark>

<Placemark>
<Style>
<LineStyle>
<width>0</width>
</LineStyle>

<PolyStyle>
<color>ff00fcff</color>
<outline>0</outline>
</PolyStyle>
</Style>

<Polygon>
<tessellate>1</tessellate>

<outerBoundaryIs>
<LinearRing>
<coordinates>

-54.570870127524195,46.032325351312,0
-54.34177742228501,46.08116660389084,0
-54.15822257771499,45.20008339610916,0
-54.37912987247581,45.15298714868801,0
-54.570870127524195,46.032325351312,0

</coordinates>
</LinearRing>
</outerBoundaryIs>
</Polygon>
</Placemark>

<Placemark>
<Style>
<LineStyle>
<width>0</width>
</LineStyle>

<PolyStyle>
<color>ff00fdff</color>
<outline>0</outline>
</PolyStyle>
</Style>

<Polygon>
<tessellate>1</tessellate>

<outerBoundaryIs>
<LinearRing>
<coordinates>

-54.34177742228501,46.08116660389084,0
-54.26195372200573,46.09741349327815,0
-54.08250570895761,45.21548469194945,0
-54.15822257771499,45.20008339610916,0
-54.34177742228501,46.08116660389084,0

</coordinates>
</LinearRing>
</outerBoundaryIs>
</Polygon>
</Placemark>

<Placemark>

<Style>
<LineStyle>
<width>0</width>
</LineStyle>

<PolyStyle>
<color>ff00ffff</color>
<outline>0</outline>
</PolyStyle>
</Style>

<Polygon>
<tessellate>1</tessellate>

<outerBoundaryIs>
<LinearRing>
<coordinates>

-52.0,46.0,0
-54.35263740138332,46.79221036196981,0
-54.26195372200573,46.09741349327815,0
-54.08250570895761,45.21548469194945,0
-53.99334466384309,44.52044700969236,0
-52.0,46.0,0

</coordinates>
</LinearRing>
</outerBoundaryIs>

</Polygon>
</Placemark>

<Placemark>
<Style>
<LineStyle>
<width>0</width>
</LineStyle>

<PolyStyle>
<color>ff00ffff</color>
<outline>0</outline>
</PolyStyle>
</Style>

<Polygon>
<tessellate>1</tessellate>

<outerBoundaryIs>
<LinearRing>
<coordinates>

-49.22784555778642,47.388054637643975,0
-48.67722173821957,47.71135032293332,0
-48.223715761780426,46.93396217706668,0
-48.77215444221358,46.611945362356025,0
-49.22784555778642,47.388054637643975,0

</coordinates>
</LinearRing>
</outerBoundaryIs>
</Polygon>
</Placemark>

<Placemark>
<Style>
<LineStyle>
<width>0</width>
</LineStyle>

<PolyStyle>
<color>ff03fefb</color>
<outline>0</outline>
</PolyStyle>
</Style>

<Polygon>
<tessellate>1</tessellate>

<outerBoundaryIs>
<LinearRing>
<coordinates>

-48.67722173821957,47.71135032293332,0
-48.126426479170064,48.03059504141669,0
-47.67732352082993,47.25065495858331,0
-48.223715761780426,46.93396217706668,0
-48.67722173821957,47.71135032293332,0

</coordinates>
</LinearRing>
</outerBoundaryIs>
</Polygon>
</Placemark>

<Placemark>
<Style>
<LineStyle>
<width>0</width>
</LineStyle>

<PolyStyle>
<color>ff06fef8</color>
<outline>0</outline>
</PolyStyle>
</Style>

<Polygon>
<tessellate>1</tessellate>

<outerBoundaryIs>
<LinearRing>
<coordinates>

-48.126426479170064,48.03059504141669,0
-47.57653938473612,48.345152381444805,0
-47.131898115263894,47.562660118555186,0
-47.67732352082993,47.25065495858331,0
-48.126426479170064,48.03059504141669,0

</coordinates>
</LinearRing>
</outerBoundaryIs>
</Polygon>
</Placemark>

<Placemark>
<Style>
<LineStyle>
<width>0</width>
</LineStyle>

<PolyStyle>
<color>ff0afdf4</color>
<outline>0</outline>
</PolyStyle>
</Style>

<Polygon>
<tessellate>1</tessellate>

<outerBoundaryIs>
<LinearRing>
<coordinates>

-47.57653938473612,48.345152381444805,0
-47.02756012377528,48.65502202731059,0
-46.587439876224714,47.86997797268942,0
-47.131898115263894,47.562660118555186,0
-47.57653938473612,48.345152381444805,0

</coordinates>
</LinearRing>
</outerBoundaryIs>
</Polygon>
</Placemark>

<Placemark>
<Style>
<LineStyle>
<width>0</width>
</LineStyle>

<PolyStyle>
<color>ff0dfdf1</color>
<outline>0</outline>
</PolyStyle>
</Style>

<Polygon>
<tessellate>1</tessellate>

<outerBoundaryIs>
<LinearRing>
<coordinates>

-47.02756012377528,48.65502202731059,0
-46.47948836740896,48.96020365188777,0
-46.04394913259104,48.17260884811223,0
-46.587439876224714,47.86997797268942,0
-47.02756012377528,48.65502202731059,0

</coordinates>
</LinearRing>
</outerBoundaryIs>
</Polygon>
</Placemark>

<Placemark>
<Style>
<LineStyle>
<width>0</width>
</LineStyle>

<PolyStyle>
<color>ff10fcee</color>
<outline>0</outline>
</PolyStyle>
</Style>

<Polygon>
<tessellate>1</tessellate>

<outerBoundaryIs>
<LinearRing>
<coordinates>

-46.47948836740896,48.96020365188777,0
-45.93232378941542,49.26069691641452,0
-45.5014262105846,48.4705530835855,0
-46.04394913259104,48.17260884811223,0
-46.47948836740896,48.96020365188777,0

</coordinates>
</LinearRing>
</outerBoundaryIs>
</Polygon>
</Placemark>

<Placemark>
<Style>
<LineStyle>
<width>0</width>
</LineStyle>

<PolyStyle>
<color>ff14fcea</color>
<outline>0</outline>
</PolyStyle>
</Style>

<Polygon>
<tessellate>1</tessellate>

<outerBoundaryIs>
<LinearRing>
<coordinates>

-45.93232378941542,49.26069691641452,0
-45.386066066640936,49.55650147028206,0
-44.95987143335907,48.76381102971794,0
-45.5014262105846,48.4705530835855,0
-45.93232378941542,49.26069691641452,0

</coordinates>
</LinearRing>
</outerBoundaryIs>
</Polygon>
</Placemark>

<Placemark>
<Style>
<LineStyle>
<width>0</width>
</LineStyle>

<PolyStyle>
<color>ff17fbe7</color>
<outline>0</outline>
</PolyStyle>
</Style>

<Polygon>
<tessellate>1</tessellate>

<outerBoundaryIs>
<LinearRing>
<coordinates>

-45.386066066640936,49.55650147028206,0
-44.84071487942947,49.8476169508296,0
-44.419285120570535,49.05238304917041,0
-44.95987143335907,48.76381102971794,0
-45.386066066640936,49.55650147028206,0

</coordinates>
</LinearRing>
</outerBoundaryIs>
</Polygon>
</Placemark>

<Placemark>
<Style>
<LineStyle>
<width>0</width>
</LineStyle>

<PolyStyle>
<color>ff1afbe4</color>
<outline>0</outline>
</PolyStyle>
</Style>

<Polygon>
<tessellate>1</tessellate>

<outerBoundaryIs>
<LinearRing>
<coordinates>

-44.84071487942947,49.8476169508296,0
-44.296269912070876,50.13404298314604,0
-43.87966758792911,49.33626951685395,0
-44.419285120570535,49.05238304917041,0
-44.84071487942947,49.8476169508296,0

</coordinates>
</LinearRing>
</outerBoundaryIs>
</Polygon>
</Placemark>

<Placemark>
<Style>
<LineStyle>
<width>0</width>
</LineStyle>

<PolyStyle>
<color>ff1efae0</color>
<outline>0</outline>
</PolyStyle>
</Style>

<Polygon>
<tessellate>1</tessellate>

<outerBoundaryIs>
<LinearRing>
<coordinates>

-44.296269912070876,50.13404298314604,0
-43.75273085326837,50.41577917987965,0
-43.34101914673163,49.61547082012035,0
-43.87966758792911,49.33626951685395,0
-44.296269912070876,50.13404298314604,0

</coordinates>
</LinearRing>
</outerBoundaryIs>
</Polygon>
</Placemark>

<Placemark>
<Style>
<LineStyle>
<width>0</width>
</LineStyle>

<PolyStyle>
<color>ff21fadd</color>
<outline>0</outline>
</PolyStyle>
</Style>

<Polygon>
<tessellate>1</tessellate>

<outerBoundaryIs>
<LinearRing>
<coordinates>

-43.75273085326837,50.41577917987965,0
-43.210097396625,50.69282514105645,0
-42.80334010337501,49.889987358943564,0
-43.34101914673163,49.61547082012035,0
-43.75273085326837,50.41577917987965,0

</coordinates>
</LinearRing>
</outerBoundaryIs>
</Polygon>
</Placemark>

<Placemark>
<Style>
<LineStyle>
<width>0</width>
</LineStyle>

<PolyStyle>
<color>ff24f9da</color>
<outline>0</outline>
</PolyStyle>
</Style>

<Polygon>
<tessellate>1</tessellate>

<outerBoundaryIs>
<LinearRing>
<coordinates>

-43.210097396625,50.69282514105645,0
-42.668369241149804,50.965180453908424,0
-42.266630758850184,50.15981954609156,0
-42.80334010337501,49.889987358943564,0
-43.210097396625,50.69282514105645,0

</coordinates>
</LinearRing>
</outerBoundaryIs>
</Polygon>
</Placemark>

<Placemark>
<Style>
<LineStyle>
<width>0</width>
</LineStyle>

<PolyStyle>
<color>ff28f9d6</color>
<outline>0</outline>
</PolyStyle>
</Style>

<Polygon>
<tessellate>1</tessellate>

<outerBoundaryIs>
<LinearRing>
<coordinates>

-42.668369241149804,50.965180453908424,0
-42.127546091783394,51.23284469271266,0
-41.730891408216614,50.42496780728733,0
-42.266630758850184,50.15981954609156,0
-42.668369241149804,50.965180453908424,0

</coordinates>
</LinearRing>
</outerBoundaryIs>
</Polygon>
</Placemark>

<Placemark>
<Style>
<LineStyle>
<width>0</width>
</LineStyle>

<PolyStyle>
<color>ff2bf9d3</color>
<outline>0</outline>
</PolyStyle>
</Style>

<Polygon>
<tessellate>1</tessellate>

<outerBoundaryIs>
<LinearRing>
<coordinates>

-42.127546091783394,51.23284469271266,0
-41.58762765994322,51.495817418642226,0
-41.19612234005676,50.68543258135775,0
-41.730891408216614,50.42496780728733,0
-42.127546091783394,51.23284469271266,0

</coordinates>
</LinearRing>
</outerBoundaryIs>
</Polygon>
</Placemark>

<Placemark>
<Style>
<LineStyle>
<width>0</width>
</LineStyle>

<PolyStyle>
<color>ff2ef8d0</color>
<outline>0</outline>
</PolyStyle>
</Style>

<Polygon>
<tessellate>1</tessellate>

<outerBoundaryIs>
<LinearRing>
<coordinates>

-41.58762765994322,51.495817418642226,0
-41.04861366408884,51.75409817963032,0
-40.66232383591116,50.94121432036968,0
-41.19612234005676,50.68543258135775,0
-41.58762765994322,51.495817418642226,0

</coordinates>
</LinearRing>
</outerBoundaryIs>
</Polygon>
</Placemark>

<Placemark>
<Style>
<LineStyle>
<width>0</width>
</LineStyle>

<PolyStyle>
<color>ff32f8cc</color>
<outline>0</outline>
</PolyStyle>
</Style>

<Polygon>
<tessellate>1</tessellate>

<outerBoundaryIs>
<LinearRing>
<coordinates>

-41.04861366408884,51.75409817963032,0
-40.510503830306476,52.00768651024847,0
-40.12949616969354,51.19231348975155,0
-40.66232383591116,50.94121432036968,0
-41.04861366408884,51.75409817963032,0

</coordinates>
</LinearRing>
</outerBoundaryIs>
</Polygon>
</Placemark>

<Placemark>
<Style>
<LineStyle>
<width>0</width>
</LineStyle>

<PolyStyle>
<color>ff35f7c9</color>
<outline>0</outline>
</PolyStyle>
</Style>

<Polygon>
<tessellate>1</tessellate>

<outerBoundaryIs>
<LinearRing>
<coordinates>

-40.510503830306476,52.00768651024847,0
-39.97329789291374,52.256581931600316,0
-39.59763960708624,51.43873056839967,0
-40.12949616969354,51.19231348975155,0
-40.510503830306476,52.00768651024847,0

</coordinates>
</LinearRing>
</outerBoundaryIs>
</Polygon>
</Placemark>

<Placemark>
<Style>
<LineStyle>
<width>0</width>
</LineStyle>

<PolyStyle>
<color>ff39f7c5</color>
<outline>0</outline>
</PolyStyle>
</Style>

<Polygon>
<tessellate>1</tessellate>

<outerBoundaryIs>
<LinearRing>
<coordinates>

-39.97329789291374,52.256581931600316,0
-39.436995595083594,52.5007839512322,0
-39.066754404916416,51.680466048767805,0
-39.59763960708624,51.43873056839967,0
-39.97329789291374,52.256581931600316,0

</coordinates>
</LinearRing>
</outerBoundaryIs>
</Polygon>
</Placemark>

<Placemark>
<Style>
<LineStyle>
<width>0</width>
</LineStyle>

<PolyStyle>
<color>ff3cf6c2</color>
<outline>0</outline>
</PolyStyle>
</Style>

<Polygon>
<tessellate>1</tessellate>

<outerBoundaryIs>
<LinearRing>
<coordinates>

-39.436995595083594,52.5007839512322,0
-38.901596689487555,52.74029206306149,0
-38.53684081051244,51.91752043693849,0
-39.066754404916416,51.680466048767805,0
-39.436995595083594,52.5007839512322,0

</coordinates>
</LinearRing>
</outerBoundaryIs>
</Polygon>
</Placemark>

<Placemark>
<Style>
<LineStyle>
<width>0</width>
</LineStyle>

<PolyStyle>
<color>ff3ff6bf</color>
<outline>0</outline>
</PolyStyle>
</Style>

<Polygon>
<tessellate>1</tessellate>

<outerBoundaryIs>
<LinearRing>
<coordinates>

-38.901596689487555,52.74029206306149,0
-38.36710093895827,52.97510574732462,0
-38.00789906104173,52.14989425267538,0
-38.53684081051244,51.91752043693849,0
-38.901596689487555,52.74029206306149,0

</coordinates>
</LinearRing>
</outerBoundaryIs>
</Polygon>
</Placemark>

<Placemark>
<Style>
<LineStyle>
<width>0</width>
</LineStyle>

<PolyStyle>
<color>ff43f5bb</color>
<outline>0</outline>
</PolyStyle>
</Style>

<Polygon>
<tessellate>1</tessellate>

<outerBoundaryIs>
<LinearRing>
<coordinates>

-38.36710093895827,52.97510574732462,0
-37.83350811717032,53.2052244705456,0
-37.47992938282969,52.377588029454415,0
-38.00789906104173,52.14989425267538,0
-38.36710093895827,52.97510574732462,0

</coordinates>
</LinearRing>
</outerBoundaryIs>
</Polygon>
</Placemark>

<Placemark>
<Style>
<LineStyle>
<width>0</width>
</LineStyle>

<PolyStyle>
<color>ff46f5b8</color>
<outline>0</outline>
</PolyStyle>
</Style>

<Polygon>
<tessellate>1</tessellate>

<outerBoundaryIs>
<LinearRing>
<coordinates>

-37.83350811717032,53.2052244705456,0
-37.30081800933957,53.43064768552682,0
-36.952931990660424,52.60060231447318,0
-37.47992938282969,52.377588029454415,0
-37.83350811717032,53.2052244705456,0

</coordinates>
</LinearRing>
</outerBoundaryIs>
</Polygon>
</Placemark>

<Placemark>
<Style>
<LineStyle>
<width>0</width>
</LineStyle>

<PolyStyle>
<color>ff49f4b5</color>
<outline>0</outline>
</PolyStyle>
</Style>

<Polygon>
<tessellate>1</tessellate>

<outerBoundaryIs>
<LinearRing>
<coordinates>

-37.30081800933957,53.43064768552682,0
-36.769030412939934,53.651374831363476,0
-36.426907087060066,52.81893766863653,0
-36.952931990660424,52.60060231447318,0
-37.30081800933957,53.43064768552682,0

</coordinates>
</LinearRing>
</outerBoundaryIs>
</Polygon>
</Placemark>

<Placemark>
<Style>
<LineStyle>
<width>0</width>
</LineStyle>

<PolyStyle>
<color>ff4df4b1</color>
<outline>0</outline>
</PolyStyle>
</Style>

<Polygon>
<tessellate>1</tessellate>

<outerBoundaryIs>
<LinearRing>
<coordinates>

-36.769030412939934,53.651374831363476,0
-36.238145138437126,53.86740533348288,0
-35.90185486156286,53.03259466651711,0
-36.426907087060066,52.81893766863653,0
-36.769030412939934,53.651374831363476,0

</coordinates>
</LinearRing>
</outerBoundaryIs>
</Polygon>
</Placemark>

<Placemark>
<Style>
<LineStyle>
<width>0</width>
</LineStyle>

<PolyStyle>
<color>ff50f3ae</color>
<outline>0</outline>
</PolyStyle>
</Style>

<Polygon>
<tessellate>1</tessellate>

<outerBoundaryIs>
<LinearRing>
<coordinates>

-36.238145138437126,53.86740533348288,0
-35.708162010038684,54.07873860371046,0
-35.377775489961316,53.24157389628954,0
-35.90185486156286,53.03259466651711,0
-36.238145138437126,53.86740533348288,0

</coordinates>
</LinearRing>
</outerBoundaryIs>
</Polygon>
</Placemark>

<Placemark>
<Style>
<LineStyle>
<width>0</width>
</LineStyle>

<PolyStyle>
<color>ff53f3ab</color>
<outline>0</outline>
</PolyStyle>
</Style>

<Polygon>
<tessellate>1</tessellate>

<outerBoundaryIs>
<LinearRing>
<coordinates>

-35.708162010038684,54.07873860371046,0
-35.17908086645923,54.28537404036366,0
-34.85466913354077,53.44587595963635,0
-35.377775489961316,53.24157389628954,0
-35.708162010038684,54.07873860371046,0

</coordinates>
</LinearRing>
</outerBoundaryIs>
</Polygon>
</Placemark>

<Placemark>
<Style>
<LineStyle>
<width>0</width>
</LineStyle>

<PolyStyle>
<color>ff57f3a7</color>
<outline>0</outline>
</PolyStyle>
</Style>

<Polygon>
<tessellate>1</tessellate>

<outerBoundaryIs>
<LinearRing>
<coordinates>

-35.17908086645923,54.28537404036366,0
-34.65090156170015,54.487311028375395,0
-34.332535938299856,53.64550147162462,0
-34.85466913354077,53.44587595963635,0
-35.17908086645923,54.28537404036366,0

</coordinates>
</LinearRing>
</outerBoundaryIs>
</Polygon>
</Placemark>

<Placemark>
<Style>
<LineStyle>
<width>0</width>
</LineStyle>

<PolyStyle>
<color>ff5af2a4</color>
<outline>0</outline>
</PolyStyle>
</Style>

<Polygon>
<tessellate>1</tessellate>

<outerBoundaryIs>
<LinearRing>
<coordinates>

-34.65090156170015,54.487311028375395,0
-34.123623965842405,54.68454893944853,0
-33.81137603415758,53.84045106055146,0
-34.332535938299856,53.64550147162462,0
-34.65090156170015,54.487311028375395,0

</coordinates>
</LinearRing>
</outerBoundaryIs>
</Polygon>
</Placemark>

<Placemark>
<Style>
<LineStyle>
<width>0</width>
</LineStyle>

<PolyStyle>
<color>ff5df2a1</color>
<outline>0</outline>
</PolyStyle>
</Style>

<Polygon>
<tessellate>1</tessellate>

<outerBoundaryIs>
<LinearRing>
<coordinates>

-34.123623965842405,54.68454893944853,0
-33.597247965851366,54.87708713224294,0
-33.29118953414864,54.03072536775705,0
-33.81137603415758,53.84045106055146,0
-34.123623965842405,54.68454893944853,0

</coordinates>
</LinearRing>
</outerBoundaryIs>
</Polygon>
</Placemark>

<Placemark>
<Style>
<LineStyle>
<width>0</width>
</LineStyle>

<PolyStyle>
<color>ff61f19d</color>
<outline>0</outline>
</PolyStyle>
</Style>

<Polygon>
<tessellate>1</tessellate>

<outerBoundaryIs>
<LinearRing>
<coordinates>

-33.597247965851366,54.87708713224294,0
-33.07177346639217,55.064924952596364,0
-32.77197653360783,54.216325047403636,0
-33.29118953414864,54.03072536775705,0
-33.597247965851366,54.87708713224294,0

</coordinates>
</LinearRing>
</outerBoundaryIs>
</Polygon>
</Placemark>

<Placemark>
<Style>
<LineStyle>
<width>0</width>
</LineStyle>

<PolyStyle>
<color>ff64f19a</color>
<outline>0</outline>
</PolyStyle>
</Style>

<Polygon>
<tessellate>1</tessellate>

<outerBoundaryIs>
<LinearRing>
<coordinates>

-33.07177346639217,55.064924952596364,0
-32.547200390654346,55.248061733780936,0
-32.25373710934567,54.39725076621908,0
-32.77197653360783,54.216325047403636,0
-33.07177346639217,55.064924952596364,0

</coordinates>
</LinearRing>
</outerBoundaryIs>
</Polygon>
</Placemark>

<Placemark>
<Style>
<LineStyle>
<width>0</width>
</LineStyle>

<PolyStyle>
<color>ff68f096</color>
<outline>0</outline>
</PolyStyle>
</Style>

<Polygon>
<tessellate>1</tessellate>

<outerBoundaryIs>
<LinearRing>
<coordinates>

-32.547200390654346,55.248061733780936,0
-32.023528681183706,55.42649679679649,0
-31.736471318816296,54.57350320320351,0
-32.25373710934567,54.39725076621908,0
-32.547200390654346,55.248061733780936,0

</coordinates>
</LinearRing>
</outerBoundaryIs>
</Polygon>
</Placemark>

<Placemark>
<Style>
<LineStyle>
<width>0</width>
</LineStyle>

<PolyStyle>
<color>ff6bf093</color>
<outline>0</outline>
</PolyStyle>
</Style>

<Polygon>
<tessellate>1</tessellate>

<outerBoundaryIs>
<LinearRing>
<coordinates>

-32.023528681183706,55.42649679679649,0
-31.500758300720094,55.60022945070224,0
-31.220179199279904,54.74508304929777,0
-31.736471318816296,54.57350320320351,0
-32.023528681183706,55.42649679679649,0

</coordinates>
</LinearRing>
</outerBoundaryIs>
</Polygon>
</Placemark>

<Placemark>
<Style>
<LineStyle>
<width>0</width>
</LineStyle>

<PolyStyle>
<color>ff6eef90</color>
<outline>0</outline>
</PolyStyle>
</Style>

<Polygon>
<tessellate>1</tessellate>

<outerBoundaryIs>
<LinearRing>
<coordinates>

-31.500758300720094,55.60022945070224,0
-30.978889233038736,55.76925899298796,0
-30.70486076696126,54.911991007012034,0
-31.220179199279904,54.74508304929777,0
-31.500758300720094,55.60022945070224,0

</coordinates>
</LinearRing>
</outerBoundaryIs>
</Polygon>
</Placemark>

<Placemark>
<Style>
<LineStyle>
<width>0</width>
</LineStyle>

<PolyStyle>
<color>ff72ef8c</color>
<outline>0</outline>
</PolyStyle>
</Style>

<Polygon>
<tessellate>1</tessellate>

<outerBoundaryIs>
<LinearRing>
<coordinates>

-30.978889233038736,55.76925899298796,0
-30.457921483793392,55.93358470998627,0
-30.190516016206608,55.07422779001373,0
-30.70486076696126,54.911991007012034,0
-30.978889233038736,55.76925899298796,0

</coordinates>
</LinearRing>
</outerBoundaryIs>
</Polygon>
</Placemark>

<Placemark>
<Style>
<LineStyle>
<width>0</width>
</LineStyle>

<PolyStyle>
<color>ff75ee89</color>
<outline>0</outline>
</PolyStyle>
</Style>

<Polygon>
<tessellate>1</tessellate>

<outerBoundaryIs>
<LinearRing>
<coordinates>

-30.457921483793392,55.93358470998627,0
-29.937855081358933,56.093205877326874,0
-29.677144918641076,55.23179412267314,0
-30.190516016206608,55.07422779001373,0
-30.457921483793392,55.93358470998627,0

</coordinates>
</LinearRing>
</outerBoundaryIs>
</Polygon>
</Placemark>

<Placemark>
<Style>
<LineStyle>
<width>0</width>
</LineStyle>

<PolyStyle>
<color>ff78ee86</color>
<outline>0</outline>
</PolyStyle>
</Style>

<Polygon>
<tessellate>1</tessellate>

<outerBoundaryIs>
<LinearRing>
<coordinates>

-29.937855081358933,56.093205877326874,0
-29.418690077671084,56.248121760434174,0
-29.16474742232891,55.384690739565826,0
-29.677144918641076,55.23179412267314,0
-29.937855081358933,56.093205877326874,0

</coordinates>
</LinearRing>
</outerBoundaryIs>
</Polygon>
</Placemark>

<Placemark>
<Style>
<LineStyle>
<width>0</width>
</LineStyle>

<PolyStyle>
<color>ff7ced82</color>
<outline>0</outline>
</PolyStyle>
</Style>

<Polygon>
<tessellate>1</tessellate>

<outerBoundaryIs>
<LinearRing>
<coordinates>

-29.418690077671084,56.248121760434174,0
-28.900426549060782,56.39833161506924,0
-28.65332345093921,55.53291838493075,0
-29.16474742232891,55.384690739565826,0
-29.418690077671084,56.248121760434174,0

</coordinates>
</LinearRing>
</outerBoundaryIs>
</Polygon>
</Placemark>

<Placemark>
<Style>
<LineStyle>
<width>0</width>
</LineStyle>

<PolyStyle>
<color>ff7fed7f</color>
<outline>0</outline>
</PolyStyle>
</Style>

<Polygon>
<tessellate>1</tessellate>

<outerBoundaryIs>
<LinearRing>
<coordinates>

-28.900426549060782,56.39833161506924,0
-28.383064597080455,56.54383468791688,0
-28.142872902919542,55.676477812083114,0
-28.65332345093921,55.53291838493075,0
-28.900426549060782,56.39833161506924,0

</coordinates>
</LinearRing>
</outerBoundaryIs>
</Polygon>
</Placemark>

<Placemark>
<Style>
<LineStyle>
<width>0</width>
</LineStyle>

<PolyStyle>
<color>ff82ed7c</color>
<outline>0</outline>
</PolyStyle>
</Style>

<Polygon>
<tessellate>1</tessellate>

<outerBoundaryIs>
<LinearRing>
<coordinates>

-28.383064597080455,56.54383468791688,0
-27.866604349319577,56.68463021721891,0
-27.633395650680423,55.81536978278109,0
-28.142872902919542,55.676477812083114,0
-28.383064597080455,56.54383468791688,0

</coordinates>
</LinearRing>
</outerBoundaryIs>
</Polygon>
</Placemark>

<Placemark>
<Style>
<LineStyle>
<width>0</width>
</LineStyle>

<PolyStyle>
<color>ff86ec78</color>
<outline>0</outline>
</PolyStyle>
</Style>

<Polygon>
<tessellate>1</tessellate>

<outerBoundaryIs>
<LinearRing>
<coordinates>

-27.866604349319577,56.68463021721891,0
-27.351045960206495,56.82071743345408,0
-27.124891539793506,55.949595066545925,0
-27.633395650680423,55.81536978278109,0
-27.866604349319577,56.68463021721891,0

</coordinates>
</LinearRing>
</outerBoundaryIs>
</Polygon>
</Placemark>

<Placemark>
<Style>
<LineStyle>
<width>0</width>
</LineStyle>

<PolyStyle>
<color>ff89ec75</color>
<outline>0</outline>
</PolyStyle>
</Style>

<Polygon>
<tessellate>1</tessellate>

<outerBoundaryIs>
<LinearRing>
<coordinates>

-27.351045960206495,56.82071743345408,0
-26.836389611793496,56.952095560065295,0
-26.617360388206503,56.07915443993469,0
-27.124891539793506,55.949595066545925,0
-27.351045960206495,56.82071743345408,0

</coordinates>
</LinearRing>
</outerBoundaryIs>
</Polygon>
</Placemark>

<Placemark>
<Style>
<LineStyle>
<width>0</width>
</LineStyle>

<PolyStyle>
<color>ff8ceb72</color>
<outline>0</outline>
</PolyStyle>
</Style>

<Polygon>
<tessellate>1</tessellate>

<outerBoundaryIs>
<LinearRing>
<coordinates>

-26.836389611793496,56.952095560065295,0
-26.322635514521906,57.07876381423459,0
-26.110801985478098,56.204048685765414,0
-26.617360388206503,56.07915443993469,0
-26.836389611793496,56.952095560065295,0

</coordinates>
</LinearRing>
</outerBoundaryIs>
</Polygon>
</Placemark>

<Placemark>
<Style>
<LineStyle>
<width>0</width>
</LineStyle>

<PolyStyle>
<color>ff90eb6e</color>
<outline>0</outline>
</PolyStyle>
</Style>

<Polygon>
<tessellate>1</tessellate>

<outerBoundaryIs>
<LinearRing>
<coordinates>

-26.322635514521906,57.07876381423459,0
-25.80978390796403,57.20072140770575,0
-25.60521609203597,56.324278592294256,0
-26.110801985478098,56.204048685765414,0
-26.322635514521906,57.07876381423459,0

</coordinates>
</LinearRing>
</outerBoundaryIs>
</Polygon>
</Placemark>

<Placemark>
<Style>
<LineStyle>
<width>0</width>
</LineStyle>

<PolyStyle>
<color>ff93ea6b</color>
<outline>0</outline>
</PolyStyle>
</Style>

<Polygon>
<tessellate>1</tessellate>

<outerBoundaryIs>
<LinearRing>
<coordinates>

-25.80978390796403,57.20072140770575,0
-25.297835061538507,57.31796754765505,0
-25.100602438461493,56.43984495234495,0
-25.60521609203597,56.324278592294256,0
-25.80978390796403,57.20072140770575,0

</coordinates>
</LinearRing>
</outerBoundaryIs>
</Polygon>
</Placemark>

<Placemark>
<Style>
<LineStyle>
<width>0</width>
</LineStyle>

<PolyStyle>
<color>ff96ea68</color>
<outline>0</outline>
</PolyStyle>
</Style>

<Polygon>
<tessellate>1</tessellate>

<outerBoundaryIs>
<LinearRing>
<coordinates>

-25.297835061538507,57.31796754765505,0
-24.786789275195527,57.43050143760959,0
-24.59696072480447,56.55074856239041,0
-25.100602438461493,56.43984495234495,0
-25.297835061538507,57.31796754765505,0

</coordinates>
</LinearRing>
</outerBoundaryIs>
</Polygon>
</Placemark>

<Placemark>
<Style>
<LineStyle>
<width>0</width>
</LineStyle>

<PolyStyle>
<color>ff9ae964</color>
<outline>0</outline>
</PolyStyle>
</Style>

<Polygon>
<tessellate>1</tessellate>

<outerBoundaryIs>
<LinearRing>
<coordinates>

-24.786789275195527,57.43050143760959,0
-24.27664688006846,57.53832227841292,0
-24.094290619931538,56.65699022158708,0
-24.59696072480447,56.55074856239041,0
-24.786789275195527,57.43050143760959,0

</coordinates>
</LinearRing>
</outerBoundaryIs>
</Polygon>
</Placemark>

<Placemark>
<Style>
<LineStyle>
<width>0</width>
</LineStyle>

<PolyStyle>
<color>ff9de961</color>
<outline>0</outline>
</PolyStyle>
</Style>

<Polygon>
<tessellate>1</tessellate>

<outerBoundaryIs>
<LinearRing>
<coordinates>

-24.27664688006846,57.53832227841292,0
-23.767408239088187,57.64142926923745,0
-23.592591760911812,56.75857073076256,0
-24.094290619931538,56.65699022158708,0
-24.27664688006846,57.53832227841292,0

</coordinates>
</LinearRing>
</outerBoundaryIs>
</Polygon>
</Placemark>

<Placemark>
<Style>
<LineStyle>
<width>0</width>
</LineStyle>

<PolyStyle>
<color>ffa1e85d</color>
<outline>0</outline>
</PolyStyle>
</Style>

<Polygon>
<tessellate>1</tessellate>

<outerBoundaryIs>
<LinearRing>
<coordinates>

-23.767408239088187,57.64142926923745,0
-23.259073747556474,57.73982160864265,0
-23.091863752443526,56.855490891357356,0
-23.592591760911812,56.75857073076256,0
-23.767408239088187,57.64142926923745,0

</coordinates>
</LinearRing>
</outerBoundaryIs>
</Polygon>
</Placemark>

<Placemark>
<Style>
<LineStyle>
<width>0</width>
</LineStyle>

<PolyStyle>
<color>ffa4e85a</color>
<outline>0</outline>
</PolyStyle>
</Style>

<Polygon>
<tessellate>1</tessellate>

<outerBoundaryIs>
<LinearRing>
<coordinates>

-23.259073747556474,57.73982160864265,0
-22.7516438336747,57.83349849567814,0
-22.5921061663253,56.94775150432186,0
-23.091863752443526,56.855490891357356,0
-23.259073747556474,57.73982160864265,0

</coordinates>
</LinearRing>
</outerBoundaryIs>
</Polygon>
</Placemark>

<Placemark>
<Style>
<LineStyle>
<width>0</width>
</LineStyle>

<PolyStyle>
<color>ffa7e757</color>
<outline>0</outline>
</PolyStyle>
</Style>

<Polygon>
<tessellate>1</tessellate>

<outerBoundaryIs>
<LinearRing>
<coordinates>

-22.7516438336747,57.83349849567814,0
-22.245118959024097,57.922459131030095,0
-22.093318540975908,57.03535336896991,0
-22.5921061663253,56.94775150432186,0
-22.7516438336747,57.83349849567814,0

</coordinates>
</LinearRing>
</outerBoundaryIs>
</Polygon>
</Placemark>

<Placemark>
<Style>
<LineStyle>
<width>0</width>
</LineStyle>

<PolyStyle>
<color>ffabe753</color>
<outline>0</outline>
</PolyStyle>
</Style>

<Polygon>
<tessellate>1</tessellate>

<outerBoundaryIs>
<LinearRing>
<coordinates>

-22.245118959024097,57.922459131030095,0
-21.739499618993904,58.006702718209525,0
-21.59550038100609,57.118297281790475,0
-22.093318540975908,57.03535336896991,0
-22.245118959024097,57.922459131030095,0

</coordinates>
</LinearRing>
</outerBoundaryIs>
</Polygon>
</Placemark>

<Placemark>
<Style>
<LineStyle>
<width>0</width>
</LineStyle>

<PolyStyle>
<color>ffaee750</color>
<outline>0</outline>
</PolyStyle>
</Style>

<Polygon>
<tessellate>1</tessellate>

<outerBoundaryIs>
<LinearRing>
<coordinates>

-21.739499618993904,58.006702718209525,0
-21.234786343153637,58.08622846478055,0
-21.098651156846365,57.19658403521946,0
-21.59550038100609,57.118297281790475,0
-21.739499618993904,58.006702718209525,0

</coordinates>
</LinearRing>
</outerBoundaryIs>
</Polygon>
</Placemark>

<Placemark>
<Style>
<LineStyle>
<width>0</width>
</LineStyle>

<PolyStyle>
<color>ffb1e64d</color>
<outline>0</outline>
</PolyStyle>
</Style>

<Polygon>
<tessellate>1</tessellate>

<outerBoundaryIs>
<LinearRing>
<coordinates>

-21.234786343153637,58.08622846478055,0
-20.73097969556576,58.161035583626415,0
-20.602770304434234,57.27021441637359,0
-21.098651156846365,57.19658403521946,0
-21.234786343153637,58.08622846478055,0

</coordinates>
</LinearRing>
</outerBoundaryIs>
</Polygon>
</Placemark>

<Placemark>
<Style>
<LineStyle>
<width>0</width>
</LineStyle>

<PolyStyle>
<color>ffb5e649</color>
<outline>0</outline>
</PolyStyle>
</Style>

<Polygon>
<tessellate>1</tessellate>

<outerBoundaryIs>
<LinearRing>
<coordinates>

-20.73097969556576,58.161035583626415,0
-20.228080275035342,58.23112329425095,0
-20.107857224964658,57.33918920574905,0
-20.602770304434234,57.27021441637359,0
-20.73097969556576,58.161035583626415,0

</coordinates>
</LinearRing>
</outerBoundaryIs>
</Polygon>
</Placemark>

<Placemark>
<Style>
<LineStyle>
<width>0</width>
</LineStyle>

<PolyStyle>
<color>ffb8e546</color>
<outline>0</outline>
</PolyStyle>
</Style>

<Polygon>
<tessellate>1</tessellate>

<outerBoundaryIs>
<LinearRing>
<coordinates>

-20.228080275035342,58.23112329425095,0
-19.72608871529295,58.29649082411264,0
-19.613911284707054,57.40350917588735,0
-20.107857224964658,57.33918920574905,0
-20.228080275035342,58.23112329425095,0

</coordinates>
</LinearRing>
</outerBoundaryIs>
</Polygon>
</Placemark>

<Placemark>
<Style>
<LineStyle>
<width>0</width>
</LineStyle>

<PolyStyle>
<color>ffbbe543</color>
<outline>0</outline>
</PolyStyle>
</Style>

<Polygon>
<tessellate>1</tessellate>

<outerBoundaryIs>
<LinearRing>
<coordinates>

-19.72608871529295,58.29649082411264,0
-19.22500568510756,58.35713740998844,0
-19.120931814892437,57.46317509001156,0
-19.613911284707054,57.40350917588735,0
-19.72608871529295,58.29649082411264,0

</coordinates>
</LinearRing>
</outerBoundaryIs>
</Polygon>
</Placemark>

<Placemark>
<Style>
<LineStyle>
<width>0</width>
</LineStyle>

<PolyStyle>
<color>ffbfe43f</color>
<outline>0</outline>
</PolyStyle>
</Style>

<Polygon>
<tessellate>1</tessellate>

<outerBoundaryIs>
<LinearRing>
<coordinates>

-19.22500568510756,58.35713740998844,0
-18.724831888326243,58.41306229936391,0
-18.628918111673762,57.5181877006361,0
-19.120931814892437,57.46317509001156,0
-19.22500568510756,58.35713740998844,0

</coordinates>
</LinearRing>
</outerBoundaryIs>
</Polygon>
</Placemark>

<Placemark>
<Style>
<LineStyle>
<width>0</width>
</LineStyle>

<PolyStyle>
<color>ffc2e43c</color>
<outline>0</outline>
</PolyStyle>
</Style>

<Polygon>
<tessellate>1</tessellate>

<outerBoundaryIs>
<LinearRing>
<coordinates>

-18.724831888326243,58.41306229936391,0
-18.225568063837425,58.46426475184627,0
-18.13786943616257,57.56854774815373,0
-18.628918111673762,57.5181877006361,0
-18.724831888326243,58.41306229936391,0

</coordinates>
</LinearRing>
</outerBoundaryIs>
</Polygon>
</Placemark>

<Placemark>
<Style>
<LineStyle>
<width>0</width>
</LineStyle>

<PolyStyle>
<color>ffc5e339</color>
<outline>0</outline>
</PolyStyle>
</Style>

<Polygon>
<tessellate>1</tessellate>

<outerBoundaryIs>
<LinearRing>
<coordinates>

-18.225568063837425,58.46426475184627,0
-17.72721498545503,58.510744040596535,0
-17.64778501454497,57.614255959403465,0
-18.13786943616257,57.56854774815373,0
-18.225568063837425,58.46426475184627,0

</coordinates>
</LinearRing>
</outerBoundaryIs>
</Polygon>
</Placemark>

<Placemark>
<Style>
<LineStyle>
<width>0</width>
</LineStyle>

<PolyStyle>
<color>ffc9e335</color>
<outline>0</outline>
</PolyStyle>
</Style>

<Polygon>
<tessellate>1</tessellate>

<outerBoundaryIs>
<LinearRing>
<coordinates>

-17.72721498545503,58.510744040596535,0
-17.229773461720647,58.5524994537765,0
-17.158664038279362,57.655313046223505,0
-17.64778501454497,57.614255959403465,0
-17.72721498545503,58.510744040596535,0

</coordinates>
</LinearRing>
</outerBoundaryIs>
</Polygon>
</Placemark>

<Placemark>
<Style>
<LineStyle>
<width>0</width>
</LineStyle>

<PolyStyle>
<color>ffcce232</color>
<outline>0</outline>
</PolyStyle>
</Style>

<Polygon>
<tessellate>1</tessellate>

<outerBoundaryIs>
<LinearRing>
<coordinates>

-17.229773461720647,58.5524994537765,0
-16.733244335621546,58.58953029600648,0
-16.67050566437845,57.69171970399352,0
-17.158664038279362,57.655313046223505,0
-17.229773461720647,58.5524994537765,0

</coordinates>
</LinearRing>
</outerBoundaryIs>
</Polygon>
</Placemark>

<Placemark>
<Style>
<LineStyle>
<width>0</width>
</LineStyle>

<PolyStyle>
<color>ffd0e22e</color>
<outline>0</outline>
</PolyStyle>
</Style>

<Polygon>
<tessellate>1</tessellate>

<outerBoundaryIs>
<LinearRing>
<coordinates>

-16.733244335621546,58.58953029600648,0
-16.237628484222327,58.62183588982907,0
-16.183309015777674,57.723476610170934,0
-16.67050566437845,57.69171970399352,0
-16.733244335621546,58.58953029600648,0

</coordinates>
</LinearRing>
</outerBoundaryIs>
</Polygon>
</Placemark>

<Placemark>
<Style>
<LineStyle>
<width>0</width>
</LineStyle>

<PolyStyle>
<color>ffd3e12b</color>
<outline>0</outline>
</PolyStyle>
</Style>

<Polygon>
<tessellate>1</tessellate>

<outerBoundaryIs>
<LinearRing>
<coordinates>

-16.237628484222327,58.62183588982907,0
-15.74292681820831,58.64941557717423,0
-15.697073181791687,57.750584422825774,0
-16.183309015777674,57.723476610170934,0
-16.237628484222327,58.62183588982907,0

</coordinates>
</LinearRing>
</outerBoundaryIs>
</Polygon>
</Placemark>

<Placemark>
<Style>
<LineStyle>
<width>0</width>
</LineStyle>

<PolyStyle>
<color>ffd6e128</color>
<outline>0</outline>
</PolyStyle>
</Style>

<Polygon>
<tessellate>1</tessellate>

<outerBoundaryIs>
<LinearRing>
<coordinates>

-15.74292681820831,58.64941557717423,0
-15.249140281339397,58.67226872082064,0
-15.211797218660603,57.77304377917936,0
-15.697073181791687,57.750584422825774,0
-15.74292681820831,58.64941557717423,0

</coordinates>
</LinearRing>
</outerBoundaryIs>
</Polygon>
</Placemark>

<Placemark>
<Style>
<LineStyle>
<width>0</width>
</LineStyle>

<PolyStyle>
<color>ffdae124</color>
<outline>0</outline>
</PolyStyle>
</Style>

<Polygon>
<tessellate>1</tessellate>

<outerBoundaryIs>
<LinearRing>
<coordinates>

-15.249140281339397,58.67226872082064,0
-14.756269849813084,58.690394705848284,0
-14.727480150186917,57.790855294151704,0
-15.211797218660603,57.77304377917936,0
-15.249140281339397,58.67226872082064,0

</coordinates>
</LinearRing>
</outerBoundaryIs>
</Polygon>
</Placemark>

<Placemark>
<Style>
<LineStyle>
<width>0</width>
</LineStyle>

<PolyStyle>
<color>ffdde021</color>
<outline>0</outline>
</PolyStyle>
</Style>

<Polygon>
<tessellate>1</tessellate>

<outerBoundaryIs>
<LinearRing>
<coordinates>

-14.756269849813084,58.690394705848284,0
-14.264316531535966,58.70379294107682,0
-14.244120968464033,57.80401955892318,0
-14.727480150186917,57.790855294151704,0
-14.756269849813084,58.690394705848284,0

</coordinates>
</LinearRing>
</outerBoundaryIs>
</Polygon>
</Placemark>

<Placemark>
<Style>
<LineStyle>
<width>0</width>
</LineStyle>

<PolyStyle>
<color>ffe0e01e</color>
<outline>0</outline>
</PolyStyle>
</Style>

<Polygon>
<tessellate>1</tessellate>

<outerBoundaryIs>
<LinearRing>
<coordinates>

-14.264316531535966,58.70379294107682,0
-13.773281365303438,58.712462860484315,0
-13.761718634696559,57.812537139515676,0
-14.244120968464033,57.80401955892318,0
-14.264316531535966,58.70379294107682,0

</coordinates>
</LinearRing>
</outerBoundaryIs>
</Polygon>
</Placemark>

<Placemark>
<Style>
<LineStyle>
<width>0</width>
</LineStyle>

<PolyStyle>
<color>ffe4df1a</color>
<outline>0</outline>
</PolyStyle>
</Style>

<Polygon>
<tessellate>1</tessellate>

<outerBoundaryIs>
<LinearRing>
<coordinates>

-13.773281365303438,58.712462860484315,0
-13.283165419887538,58.716403924600925,0
-13.28027208011246,57.81640857539908,0
-13.761718634696559,57.812537139515676,0
-13.773281365303438,58.712462860484315,0

</coordinates>
</LinearRing>
</outerBoundaryIs>
</Polygon>
</Placemark>

<Placemark>
<Style>
<LineStyle>
<width>0</width>
</LineStyle>

<PolyStyle>
<color>ffe7df17</color>
<outline>0</outline>
</PolyStyle>
</Style>

<Polygon>
<tessellate>1</tessellate>

<outerBoundaryIs>
<LinearRing>
<coordinates>

-13.283165419887538,58.716403924600925,0
-12.7939697930335,58.715615621871706,0
-12.7997802069665,57.815634378128294,0
-13.28027208011246,57.81640857539908,0
-13.283165419887538,58.716403924600925,0

</coordinates>
</LinearRing>
</outerBoundaryIs>
</Polygon>
</Placemark>

<Placemark>
<Style>
<LineStyle>
<width>0</width>
</LineStyle>

<PolyStyle>
<color>ffeade14</color>
<outline>0</outline>
</PolyStyle>
</Style>

<Polygon>
<tessellate>1</tessellate>

<outerBoundaryIs>
<LinearRing>
<coordinates>

-12.7939697930335,58.715615621871706,0
-12.305695610365992,58.71009746998308,0
-12.320241889634014,57.81021503001692,0
-12.7997802069665,57.815634378128294,0
-12.7939697930335,58.715615621871706,0

</coordinates>
</LinearRing>
</outerBoundaryIs>
</Polygon>
</Placemark>

<Placemark>
<Style>
<LineStyle>
<width>0</width>
</LineStyle>

<PolyStyle>
<color>ffeede10</color>
<outline>0</outline>
</PolyStyle>
</Style>

<Polygon>
<tessellate>1</tessellate>

<outerBoundaryIs>
<LinearRing>
<coordinates>

-12.305695610365992,58.71009746998308,0
-11.818344024206306,58.699849017147194,0
-11.841655975793694,57.800150982852806,0
-12.320241889634014,57.81021503001692,0
-12.305695610365992,58.71009746998308,0

</coordinates>
</LinearRing>
</outerBoundaryIs>
</Polygon>
</Placemark>

<Placemark>
<Style>
<LineStyle>
<width>0</width>
</LineStyle>

<PolyStyle>
<color>fff1dd0d</color>
<outline>0</outline>
</PolyStyle>
</Style>

<Polygon>
<tessellate>1</tessellate>

<outerBoundaryIs>
<LinearRing>
<coordinates>

-11.818344024206306,58.699849017147194,0
-11.33191621230254,58.684869843338554,0
-11.36402128769746,57.78544265666145,0
-11.841655975793694,57.800150982852806,0
-11.818344024206306,58.699849017147194,0

</coordinates>
</LinearRing>
</outerBoundaryIs>
</Polygon>
</Placemark>

<Placemark>
<Style>
<LineStyle>
<width>0</width>
</LineStyle>

<PolyStyle>
<color>fff4dd0a</color>
<outline>0</outline>
</PolyStyle>
</Style>

<Polygon>
<tessellate>1</tessellate>

<outerBoundaryIs>
<LinearRing>
<coordinates>

-11.33191621230254,58.684869843338554,0
-10.846413376474898,58.665159561477445,0
-10.8873366235251,57.76609043852256,0
-11.36402128769746,57.78544265666145,0
-11.33191621230254,58.684869843338554,0

</coordinates>
</LinearRing>
</outerBoundaryIs>
</Polygon>
</Placemark>

<Placemark>
<Style>
<LineStyle>
<width>0</width>
</LineStyle>

<PolyStyle>
<color>fff8dc06</color>
<outline>0</outline>
</PolyStyle>
</Style>

<Polygon>
<tessellate>1</tessellate>

<outerBoundaryIs>
<LinearRing>
<coordinates>

-10.846413376474898,58.665159561477445,0
-10.361836741179053,58.64071781855464,0
-10.411600758820947,57.74209468144536,0
-10.8873366235251,57.76609043852256,0
-10.846413376474898,58.665159561477445,0

</coordinates>
</LinearRing>
</outerBoundaryIs>
</Polygon>
</Placemark>

<Placemark>
<Style>
<LineStyle>
<width>0</width>
</LineStyle>

<PolyStyle>
<color>fffbdc03</color>
<outline>0</outline>
</PolyStyle>
</Style>

<Polygon>
<tessellate>1</tessellate>

<outerBoundaryIs>
<LinearRing>
<coordinates>

-10.361836741179053,58.64071781855464,0
-10.165360495209276,58.628871930995366,0
-10.219549580132002,57.730504777168356,0
-10.411600758820947,57.74209468144536,0
-10.361836741179053,58.64071781855464,0

</coordinates>
</LinearRing>
</outerBoundaryIs>
</Polygon>
</Placemark>

<Placemark>

<Style>
<LineStyle>
<width>0</width>
</LineStyle>

<PolyStyle>
<color>ffffdc00</color>
<outline>0</outline>
</PolyStyle>
</Style>

<Polygon>
<tessellate>1</tessellate>

<outerBoundaryIs>
<LinearRing>
<coordinates>

-8.0,58.0,0
-10.098711981396407,59.32586123676016,0
-10.165360495209276,58.628871930995366,0
-10.219549580132002,57.730504777168356,0
-10.286584544027301,57.033547143925034,0
-8.0,58.0,0

</coordinates>
</LinearRing>
</outerBoundaryIs>

</Polygon>
</Placemark>

<Placemark>
<Style>
<LineStyle>
<width>0</width>
</LineStyle>

<PolyStyle>
<color>ffffdc00</color>
<outline>0</outline>
</PolyStyle>
</Style>

<Polygon>
<tessellate>1</tessellate>

<outerBoundaryIs>
<LinearRing>
<coordinates>

-5.248832870401129,59.37494293246831,0
-5.023200901983711,59.5246835960539,0
-4.5271115980162895,58.773753903946094,0
-4.751167129598871,58.62505706753169,0
-5.248832870401129,59.37494293246831,0

</coordinates>
</LinearRing>
</outerBoundaryIs>
</Polygon>
</Placemark>

<Placemark>
<Style>
<LineStyle>
<width>0</width>
</LineStyle>

<PolyStyle>
<color>ffffda00</color>
<outline>0</outline>
</PolyStyle>
</Style>

<Polygon>
<tessellate>1</tessellate>

<outerBoundaryIs>
<LinearRing>
<coordinates>

-5.023200901983711,59.5246835960539,0
-4.797083316335742,59.67338303219712,0
-4.304166683664256,58.92036696780288,0
-4.5271115980162895,58.773753903946094,0
-5.023200901983711,59.5246835960539,0

</coordinates>
</LinearRing>
</outerBoundaryIs>
</Polygon>
</Placemark>

<Placemark>
<Style>
<LineStyle>
<width>0</width>
</LineStyle>

<PolyStyle>
<color>ffffd800</color>
<outline>0</outline>
</PolyStyle>
</Style>

<Polygon>
<tessellate>1</tessellate>

<outerBoundaryIs>
<LinearRing>
<coordinates>

-4.797083316335742,59.67338303219712,0
-4.5712605157468,59.82052190989355,0
-4.081551984253202,59.065415590106475,0
-4.304166683664256,58.92036696780288,0
-4.797083316335742,59.67338303219712,0

</coordinates>
</LinearRing>
</outerBoundaryIs>
</Polygon>
</Placemark>

<Placemark>
<Style>
<LineStyle>
<width>0</width>
</LineStyle>

<PolyStyle>
<color>ffffd600</color>
<outline>0</outline>
</PolyStyle>
</Style>

<Polygon>
<tessellate>1</tessellate>

<outerBoundaryIs>
<LinearRing>
<coordinates>

-4.5712605157468,59.82052190989355,0
-4.345732309184487,59.96610011062964,0
-3.8592676908155132,59.20889988937034,0
-4.081551984253202,59.065415590106475,0
-4.5712605157468,59.82052190989355,0

</coordinates>
</LinearRing>
</outerBoundaryIs>
</Polygon>
</Placemark>

<Placemark>
<Style>
<LineStyle>
<width>0</width>
</LineStyle>

<PolyStyle>
<color>ffffd500</color>
<outline>0</outline>
</PolyStyle>
</Style>

<Polygon>
<tessellate>1</tessellate>

<outerBoundaryIs>
<LinearRing>
<coordinates>

-4.345732309184487,59.96610011062964,0
-4.12049850517699,60.11011751167123,0
-3.6373139948230104,59.35081998832877,0
-3.8592676908155132,59.20889988937034,0
-4.345732309184487,59.96610011062964,0

</coordinates>
</LinearRing>
</outerBoundaryIs>
</Polygon>
</Placemark>

<Placemark>
<Style>
<LineStyle>
<width>0</width>
</LineStyle>

<PolyStyle>
<color>ffffd300</color>
<outline>0</outline>
</PolyStyle>
</Style>

<Polygon>
<tessellate>1</tessellate>

<outerBoundaryIs>
<LinearRing>
<coordinates>

-4.12049850517699,60.11011751167123,0
-3.895558911900295,60.25257398597215,0
-3.415691088099705,59.49117601402786,0
-3.6373139948230104,59.35081998832877,0
-4.12049850517699,60.11011751167123,0

</coordinates>
</LinearRing>
</outerBoundaryIs>
</Polygon>
</Placemark>

<Placemark>
<Style>
<LineStyle>
<width>0</width>
</LineStyle>

<PolyStyle>
<color>ffffd100</color>
<outline>0</outline>
</PolyStyle>
</Style>

<Polygon>
<tessellate>1</tessellate>

<outerBoundaryIs>
<LinearRing>
<coordinates>

-3.895558911900295,60.25257398597215,0
-3.670913337269928,60.39346940208281,0
-3.194399162730072,59.62996809791719,0
-3.415691088099705,59.49117601402786,0
-3.895558911900295,60.25257398597215,0

</coordinates>
</LinearRing>
</outerBoundaryIs>
</Polygon>
</Placemark>

<Placemark>
<Style>
<LineStyle>
<width>0</width>
</LineStyle>

<PolyStyle>
<color>ffffd000</color>
<outline>0</outline>
</PolyStyle>
</Style>

<Polygon>
<tessellate>1</tessellate>

<outerBoundaryIs>
<LinearRing>
<coordinates>

-3.670913337269928,60.39346940208281,0
-3.4465615890369388,60.5328036240585,0
-2.973438410963062,59.76719637594151,0
-3.194399162730072,59.62996809791719,0
-3.670913337269928,60.39346940208281,0

</coordinates>
</LinearRing>
</outerBoundaryIs>
</Polygon>
</Placemark>

<Placemark>
<Style>
<LineStyle>
<width>0</width>
</LineStyle>

<PolyStyle>
<color>ffffce00</color>
<outline>0</outline>
</PolyStyle>
</Style>

<Polygon>
<tessellate>1</tessellate>

<outerBoundaryIs>
<LinearRing>
<coordinates>

-3.4465615890369388,60.5328036240585,0
-3.2225034748887107,60.67057651136749,0
-2.7528090251112887,59.90286098863249,0
-2.973438410963062,59.76719637594151,0
-3.4465615890369388,60.5328036240585,0

</coordinates>
</LinearRing>
</outerBoundaryIs>
</Polygon>
</Placemark>

<Placemark>
<Style>
<LineStyle>
<width>0</width>
</LineStyle>

<PolyStyle>
<color>ffffcc00</color>
<outline>0</outline>
</PolyStyle>
</Style>

<Polygon>
<tessellate>1</tessellate>

<outerBoundaryIs>
<LinearRing>
<coordinates>

-3.2225034748887107,60.67057651136749,0
-2.998738802554379,60.80678791879935,0
-2.532511197445621,60.03696208120065,0
-2.7528090251112887,59.90286098863249,0
-3.2225034748887107,60.67057651136749,0

</coordinates>
</LinearRing>
</outerBoundaryIs>
</Polygon>
</Placemark>

<Placemark>
<Style>
<LineStyle>
<width>0</width>
</LineStyle>

<PolyStyle>
<color>ffffca00</color>
<outline>0</outline>
</PolyStyle>
</Style>

<Polygon>
<tessellate>1</tessellate>

<outerBoundaryIs>
<LinearRing>
<coordinates>

-2.998738802554379,60.80678791879935,0
-2.775267379915113,60.941437696373164,0
-2.312545120084888,60.169499803626856,0
-2.532511197445621,60.03696208120065,0
-2.998738802554379,60.80678791879935,0

</coordinates>
</LinearRing>
</outerBoundaryIs>
</Polygon>
</Placemark>

<Placemark>
<Style>
<LineStyle>
<width>0</width>
</LineStyle>

<PolyStyle>
<color>ffffc900</color>
<outline>0</outline>
</PolyStyle>
</Style>

<Polygon>
<tessellate>1</tessellate>

<outerBoundaryIs>
<LinearRing>
<coordinates>

-2.775267379915113,60.941437696373164,0
-2.5520890151195545,61.074525689246116,0
-2.092910984880445,60.300474310753884,0
-2.312545120084888,60.169499803626856,0
-2.775267379915113,60.941437696373164,0

</coordinates>
</LinearRing>
</outerBoundaryIs>
</Polygon>
</Placemark>

<Placemark>
<Style>
<LineStyle>
<width>0</width>
</LineStyle>

<PolyStyle>
<color>ffffc700</color>
<outline>0</outline>
</PolyStyle>
</Style>

<Polygon>
<tessellate>1</tessellate>

<outerBoundaryIs>
<LinearRing>
<coordinates>

-2.5520890151195545,61.074525689246116,0
-2.329203516704101,61.20605173762268,0
-1.8736089832958984,60.42988576237733,0
-2.092910984880445,60.300474310753884,0
-2.5520890151195545,61.074525689246116,0

</coordinates>
</LinearRing>
</outerBoundaryIs>
</Polygon>
</Placemark>

<Placemark>
<Style>
<LineStyle>
<width>0</width>
</LineStyle>

<PolyStyle>
<color>ffffc500</color>
<outline>0</outline>
</PolyStyle>
</Style>

<Polygon>
<tessellate>1</tessellate>

<outerBoundaryIs>
<LinearRing>
<coordinates>

-2.329203516704101,61.20605173762268,0
-2.106610693718589,61.336015676664005,0
-1.6546393062814109,60.55773432333598,0
-1.8736089832958984,60.42988576237733,0
-2.329203516704101,61.20605173762268,0

</coordinates>
</LinearRing>
</outerBoundaryIs>
</Polygon>
</Placemark>

<Placemark>
<Style>
<LineStyle>
<width>0</width>
</LineStyle>

<PolyStyle>
<color>ffffc400</color>
<outline>0</outline>
</PolyStyle>
</Style>

<Polygon>
<tessellate>1</tessellate>

<outerBoundaryIs>
<LinearRing>
<coordinates>

-2.106610693718589,61.336015676664005,0
-1.8843103558572512,61.464417336398434,0
-1.4360021441427488,60.684020163601566,0
-1.6546393062814109,60.55773432333598,0
-2.106610693718589,61.336015676664005,0

</coordinates>
</LinearRing>
</outerBoundaryIs>
</Polygon>
</Placemark>

<Placemark>
<Style>
<LineStyle>
<width>0</width>
</LineStyle>

<PolyStyle>
<color>ffffc200</color>
<outline>0</outline>
</PolyStyle>
</Style>

<Polygon>
<tessellate>1</tessellate>

<outerBoundaryIs>
<LinearRing>
<coordinates>

-1.8843103558572512,61.464417336398434,0
-1.66230231359507,61.59125654163258,0
-1.2176976864049307,60.80874345836744,0
-1.4360021441427488,60.684020163601566,0
-1.8843103558572512,61.464417336398434,0

</coordinates>
</LinearRing>
</outerBoundaryIs>
</Polygon>
</Placemark>

<Placemark>
<Style>
<LineStyle>
<width>0</width>
</LineStyle>

<PolyStyle>
<color>ffffc000</color>
<outline>0</outline>
</PolyStyle>
</Style>

<Polygon>
<tessellate>1</tessellate>

<outerBoundaryIs>
<LinearRing>
<coordinates>

-1.66230231359507,61.59125654163258,0
-1.4405863783298785,61.71653311186364,0
-0.9997261216701216,60.93190438813636,0
-1.2176976864049307,60.80874345836744,0
-1.66230231359507,61.59125654163258,0

</coordinates>
</LinearRing>
</outerBoundaryIs>
</Polygon>
</Placemark>

<Placemark>
<Style>
<LineStyle>
<width>0</width>
</LineStyle>

<PolyStyle>
<color>ffffbe00</color>
<outline>0</outline>
</PolyStyle>
</Style>

<Polygon>
<tessellate>1</tessellate>

<outerBoundaryIs>
<LinearRing>
<coordinates>

-1.4405863783298785,61.71653311186364,0
-1.2191623625298638,61.840246861193066,0
-0.7820876374701369,61.053503138806946,0
-0.9997261216701216,60.93190438813636,0
-1.4405863783298785,61.71653311186364,0

</coordinates>
</LinearRing>
</outerBoundaryIs>
</Polygon>
</Placemark>

<Placemark>
<Style>
<LineStyle>
<width>0</width>
</LineStyle>

<PolyStyle>
<color>ffffbd00</color>
<outline>0</outline>
</PolyStyle>
</Style>

<Polygon>
<tessellate>1</tessellate>

<outerBoundaryIs>
<LinearRing>
<coordinates>

-1.2191623625298638,61.840246861193066,0
-0.9980300798870247,61.962397598241445,0
-0.5647824201129743,61.17353990175854,0
-0.7820876374701369,61.053503138806946,0
-1.2191623625298638,61.840246861193066,0

</coordinates>
</LinearRing>
</outerBoundaryIs>
</Polygon>
</Placemark>

<Placemark>
<Style>
<LineStyle>
<width>0</width>
</LineStyle>

<PolyStyle>
<color>ffffbb00</color>
<outline>0</outline>
</PolyStyle>
</Style>

<Polygon>
<tessellate>1</tessellate>

<outerBoundaryIs>
<LinearRing>
<coordinates>

-0.9980300798870247,61.962397598241445,0
-0.7771893454764138,62.08298512606533,0
-0.34781065452358617,61.29201487393467,0
-0.5647824201129743,61.17353990175854,0
-0.9980300798870247,61.962397598241445,0

</coordinates>
</LinearRing>
</outerBoundaryIs>
</Polygon>
</Placemark>

<Placemark>
<Style>
<LineStyle>
<width>0</width>
</LineStyle>

<PolyStyle>
<color>ffffb900</color>
<outline>0</outline>
</PolyStyle>
</Style>

<Polygon>
<tessellate>1</tessellate>

<outerBoundaryIs>
<LinearRing>
<coordinates>

-0.7771893454764138,62.08298512606533,0
-0.5566399759213312,62.20200924207568,0
-0.13117252407866903,61.40892825792431,0
-0.34781065452358617,61.29201487393467,0
-0.7771893454764138,62.08298512606533,0

</coordinates>
</LinearRing>
</outerBoundaryIs>
</Polygon>
</Placemark>

<Placemark>
<Style>
<LineStyle>
<width>0</width>
</LineStyle>

<PolyStyle>
<color>ffffb800</color>
<outline>0</outline>
</PolyStyle>
</Style>

<Polygon>
<tessellate>1</tessellate>

<outerBoundaryIs>
<LinearRing>
<coordinates>

-0.5566399759213312,62.20200924207568,0
-0.3363817895646255,62.319469737958656,0
0.08513178956462619,61.524280262041344,0
-0.13117252407866903,61.40892825792431,0
-0.5566399759213312,62.20200924207568,0

</coordinates>
</LinearRing>
</outerBoundaryIs>
</Polygon>
</Placemark>

<Placemark>
<Style>
<LineStyle>
<width>0</width>
</LineStyle>

<PolyStyle>
<color>ffffb600</color>
<outline>0</outline>
</PolyStyle>
</Style>

<Polygon>
<tessellate>1</tessellate>

<outerBoundaryIs>
<LinearRing>
<coordinates>

-0.3363817895646255,62.319469737958656,0
-0.11641460664599693,62.435366399598564,0
0.3011021066459959,61.63807110040143,0
0.08513178956462619,61.524280262041344,0
-0.3363817895646255,62.319469737958656,0

</coordinates>
</LinearRing>
</outerBoundaryIs>
</Polygon>
</Placemark>

<Placemark>
<Style>
<LineStyle>
<width>0</width>
</LineStyle>

<PolyStyle>
<color>ffffb400</color>
<outline>0</outline>
</PolyStyle>
</Style>

<Polygon>
<tessellate>1</tessellate>

<outerBoundaryIs>
<LinearRing>
<coordinates>

-0.11641460664599693,62.435366399598564,0
0.10326175051438294,62.54969900700354,0
0.5167382494856176,61.75030099299644,0
0.3011021066459959,61.63807110040143,0
-0.11641460664599693,62.435366399598564,0

</coordinates>
</LinearRing>
</outerBoundaryIs>
</Polygon>
</Placemark>

<Placemark>
<Style>
<LineStyle>
<width>0</width>
</LineStyle>

<PolyStyle>
<color>ffffb200</color>
<outline>0</outline>
</PolyStyle>
</Style>

<Polygon>
<tessellate>1</tessellate>

<outerBoundaryIs>
<LinearRing>
<coordinates>

0.10326175051438294,62.54969900700354,0
0.3226474573261394,62.66246733423403,0
0.7320400426738606,61.86097016576597,0
0.5167382494856176,61.75030099299644,0
0.10326175051438294,62.54969900700354,0

</coordinates>
</LinearRing>
</outerBoundaryIs>
</Polygon>
</Placemark>

<Placemark>
<Style>
<LineStyle>
<width>0</width>
</LineStyle>

<PolyStyle>
<color>ffffb100</color>
<outline>0</outline>
</PolyStyle>
</Style>

<Polygon>
<tessellate>1</tessellate>

<outerBoundaryIs>
<LinearRing>
<coordinates>

0.3226474573261394,62.66246733423403,0
0.5417426867325623,62.77367114933432,0
0.9470073132674377,61.970078850665686,0
0.7320400426738606,61.86097016576597,0
0.3226474573261394,62.66246733423403,0

</coordinates>
</LinearRing>
</outerBoundaryIs>
</Polygon>
</Placemark>

<Placemark>
<Style>
<LineStyle>
<width>0</width>
</LineStyle>

<PolyStyle>
<color>ffffaf00</color>
<outline>0</outline>
</PolyStyle>
</Style>

<Polygon>
<tessellate>1</tessellate>

<outerBoundaryIs>
<LinearRing>
<coordinates>

0.5417426867325623,62.77367114933432,0
0.7605476090080772,62.883310214267574,0
1.1616398909919239,62.07762728573241,0
0.9470073132674377,61.970078850665686,0
0.5417426867325623,62.77367114933432,0

</coordinates>
</LinearRing>
</outerBoundaryIs>
</Polygon>
</Placemark>

<Placemark>
<Style>
<LineStyle>
<width>0</width>
</LineStyle>

<PolyStyle>
<color>ffffad00</color>
<outline>0</outline>
</PolyStyle>
</Style>

<Polygon>
<tessellate>1</tessellate>

<outerBoundaryIs>
<LinearRing>
<coordinates>

0.7605476090080772,62.883310214267574,0
0.9790623915495122,62.991384284854526,0
1.3759376084504864,62.18361571514547,0
1.1616398909919239,62.07762728573241,0
0.7605476090080772,62.883310214267574,0

</coordinates>
</LinearRing>
</outerBoundaryIs>
</Polygon>
</Placemark>

<Placemark>
<Style>
<LineStyle>
<width>0</width>
</LineStyle>

<PolyStyle>
<color>ffffac00</color>
<outline>0</outline>
</PolyStyle>
</Style>

<Polygon>
<tessellate>1</tessellate>

<outerBoundaryIs>
<LinearRing>
<coordinates>

0.9790623915495122,62.991384284854526,0
1.1972871986608171,63.097893110716065,0
1.5899003013391833,62.28804438928393,0
1.3759376084504864,62.18361571514547,0
0.9790623915495122,62.991384284854526,0

</coordinates>
</LinearRing>
</outerBoundaryIs>
</Polygon>
</Placemark>

<Placemark>
<Style>
<LineStyle>
<width>0</width>
</LineStyle>

<PolyStyle>
<color>ffffaa00</color>
<outline>0</outline>
</PolyStyle>
</Style>

<Polygon>
<tessellate>1</tessellate>

<outerBoundaryIs>
<LinearRing>
<coordinates>

1.1972871986608171,63.097893110716065,0
1.4152221913313408,63.202836435220235,0
1.8035278086686592,62.390913564779765,0
1.5899003013391833,62.28804438928393,0
1.1972871986608171,63.097893110716065,0

</coordinates>
</LinearRing>
</outerBoundaryIs>
</Polygon>
</Placemark>

<Placemark>
<Style>
<LineStyle>
<width>0</width>
</LineStyle>

<PolyStyle>
<color>ffffa800</color>
<outline>0</outline>
</PolyStyle>
</Style>

<Polygon>
<tessellate>1</tessellate>

<outerBoundaryIs>
<LinearRing>
<coordinates>

1.4152221913313408,63.202836435220235,0
1.6328675270078854,63.30621399543377,0
2.016819972992115,62.49222350456626,0
1.8035278086686592,62.390913564779765,0
1.4152221913313408,63.202836435220235,0

</coordinates>
</LinearRing>
</outerBoundaryIs>
</Polygon>
</Placemark>

<Placemark>
<Style>
<LineStyle>
<width>0</width>
</LineStyle>

<PolyStyle>
<color>ffffa600</color>
<outline>0</outline>
</PolyStyle>
</Style>

<Polygon>
<tessellate>1</tessellate>

<outerBoundaryIs>
<LinearRing>
<coordinates>

1.6328675270078854,63.30621399543377,0
1.8502233593600845,63.408025522078496,0
2.2297766406399164,62.591974477921504,0
2.016819972992115,62.49222350456626,0
1.6328675270078854,63.30621399543377,0

</coordinates>
</LinearRing>
</outerBoundaryIs>
</Polygon>
</Placemark>

<Placemark>
<Style>
<LineStyle>
<width>0</width>
</LineStyle>

<PolyStyle>
<color>ffffa500</color>
<outline>0</outline>
</PolyStyle>
</Style>

<Polygon>
<tessellate>1</tessellate>

<outerBoundaryIs>
<LinearRing>
<coordinates>

1.8502233593600845,63.408025522078496,0
2.067289838039651,63.50827073949323,0
2.442397661960347,62.69016676050677,0
2.2297766406399164,62.591974477921504,0
1.8502233593600845,63.408025522078496,0

</coordinates>
</LinearRing>
</outerBoundaryIs>
</Polygon>
</Placemark>

<Placemark>
<Style>
<LineStyle>
<width>0</width>
</LineStyle>

<PolyStyle>
<color>ffffa300</color>
<outline>0</outline>
</PolyStyle>
</Style>

<Polygon>
<tessellate>1</tessellate>

<outerBoundaryIs>
<LinearRing>
<coordinates>

2.067289838039651,63.50827073949323,0
2.2840671084332675,63.606949365601025,0
2.6546828915667313,62.78680063439896,0
2.442397661960347,62.69016676050677,0
2.067289838039651,63.50827073949323,0

</coordinates>
</LinearRing>
</outerBoundaryIs>
</Polygon>
</Placemark>

<Placemark>
<Style>
<LineStyle>
<width>0</width>
</LineStyle>

<PolyStyle>
<color>ffffa100</color>
<outline>0</outline>
</PolyStyle>
</Style>

<Polygon>
<tessellate>1</tessellate>

<outerBoundaryIs>
<LinearRing>
<coordinates>

2.2840671084332675,63.606949365601025,0
2.5005553114091024,63.70406111188259,0
2.8666321885908976,62.88187638811741,0
2.6546828915667313,62.78680063439896,0
2.2840671084332675,63.606949365601025,0

</coordinates>
</LinearRing>
</outerBoundaryIs>
</Polygon>
</Placemark>

<Placemark>
<Style>
<LineStyle>
<width>0</width>
</LineStyle>

<PolyStyle>
<color>ffffa000</color>
<outline>0</outline>
</PolyStyle>
</Style>

<Polygon>
<tessellate>1</tessellate>

<outerBoundaryIs>
<LinearRing>
<coordinates>

2.5005553114091024,63.70406111188259,0
2.7167545830573157,63.799605683355885,0
3.0782454169426843,62.975394316644135,0
2.8666321885908976,62.88187638811741,0
2.5005553114091024,63.70406111188259,0

</coordinates>
</LinearRing>
</outerBoundaryIs>
</Polygon>
</Placemark>

<Placemark>
<Style>
<LineStyle>
<width>0</width>
</LineStyle>

<PolyStyle>
<color>ffff9e00</color>
<outline>0</outline>
</PolyStyle>
</Style>

<Polygon>
<tessellate>1</tessellate>

<outerBoundaryIs>
<LinearRing>
<coordinates>

2.7167545830573157,63.799605683355885,0
2.932665054424313,63.893582778562525,0
3.289522445575688,63.067354721437475,0
3.0782454169426843,62.975394316644135,0
2.7167545830573157,63.799605683355885,0

</coordinates>
</LinearRing>
</outerBoundaryIs>
</Polygon>
</Placemark>

<Placemark>
<Style>
<LineStyle>
<width>0</width>
</LineStyle>

<PolyStyle>
<color>ffff9c00</color>
<outline>0</outline>
</PolyStyle>
</Style>

<Polygon>
<tessellate>1</tessellate>

<outerBoundaryIs>
<LinearRing>
<coordinates>

2.932665054424313,63.893582778562525,0
3.1482868512412243,63.98599208956127,0
3.5004631487587754,63.15775791043871,0
3.289522445575688,63.067354721437475,0
2.932665054424313,63.893582778562525,0

</coordinates>
</LinearRing>
</outerBoundaryIs>
</Polygon>
</Placemark>

<Placemark>
<Style>
<LineStyle>
<width>0</width>
</LineStyle>

<PolyStyle>
<color>ffff9a00</color>
<outline>0</outline>
</PolyStyle>
</Style>

<Polygon>
<tessellate>1</tessellate>

<outerBoundaryIs>
<LinearRing>
<coordinates>

3.1482868512412243,63.98599208956127,0
3.3636200936465546,64.07683330192896,0
3.711067406353445,63.24660419807102,0
3.5004631487587754,63.15775791043871,0
3.1482868512412243,63.98599208956127,0

</coordinates>
</LinearRing>
</outerBoundaryIs>
</Polygon>
</Placemark>

<Placemark>
<Style>
<LineStyle>
<width>0</width>
</LineStyle>

<PolyStyle>
<color>ffff9900</color>
<outline>0</outline>
</PolyStyle>
</Style>

<Polygon>
<tessellate>1</tessellate>

<outerBoundaryIs>
<LinearRing>
<coordinates>

3.3636200936465546,64.07683330192896,0
3.5786648959031018,64.16610609476923,0
3.9213351040968982,63.33389390523077,0
3.711067406353445,63.24660419807102,0
3.3636200936465546,64.07683330192896,0

</coordinates>
</LinearRing>
</outerBoundaryIs>
</Polygon>
</Placemark>

<Placemark>
<Style>
<LineStyle>
<width>0</width>
</LineStyle>

<PolyStyle>
<color>ffff9700</color>
<outline>0</outline>
</PolyStyle>
</Style>

<Polygon>
<tessellate>1</tessellate>

<outerBoundaryIs>
<LinearRing>
<coordinates>

3.5786648959031018,64.16610609476923,0
3.7934213661094613,64.25381014072958,0
4.131266133890538,63.41962735927042,0
3.9213351040968982,63.33389390523077,0
3.5786648959031018,64.16610609476923,0

</coordinates>
</LinearRing>
</outerBoundaryIs>
</Polygon>
</Placemark>

<Placemark>
<Style>
<LineStyle>
<width>0</width>
</LineStyle>

<PolyStyle>
<color>ffff9500</color>
<outline>0</outline>
</PolyStyle>
</Style>

<Polygon>
<tessellate>1</tessellate>

<outerBoundaryIs>
<LinearRing>
<coordinates>

3.7934213661094613,64.25381014072958,0
4.0078896059062865,64.33994510602705,0
4.3408603940937125,63.50380489397296,0
4.131266133890538,63.41962735927042,0
3.7934213661094613,64.25381014072958,0

</coordinates>
</LinearRing>
</outerBoundaryIs>
</Polygon>
</Placemark>

<Placemark>
<Style>
<LineStyle>
<width>0</width>
</LineStyle>

<PolyStyle>
<color>ffff9400</color>
<outline>0</outline>
</PolyStyle>
</Style>

<Polygon>
<tessellate>1</tessellate>

<outerBoundaryIs>
<LinearRing>
<coordinates>

4.0078896059062865,64.33994510602705,0
4.222069710177613,64.42451065048293,0
4.550117789822386,63.586426849517075,0
4.3408603940937125,63.50380489397296,0
4.0078896059062865,64.33994510602705,0

</coordinates>
</LinearRing>
</outerBoundaryIs>
</Polygon>
</Placemark>

<Placemark>
<Style>
<LineStyle>
<width>0</width>
</LineStyle>

<PolyStyle>
<color>ffff9200</color>
<outline>0</outline>
</PolyStyle>
</Style>

<Polygon>
<tessellate>1</tessellate>

<outerBoundaryIs>
<LinearRing>
<coordinates>

4.222069710177613,64.42451065048293,0
4.435961766747342,64.50750642756702,0
4.75903823325266,63.66749357243299,0
4.550117789822386,63.586426849517075,0
4.222069710177613,64.42451065048293,0

</coordinates>
</LinearRing>
</outerBoundaryIs>
</Polygon>
</Placemark>

<Placemark>
<Style>
<LineStyle>
<width>0</width>
</LineStyle>

<PolyStyle>
<color>ffff9000</color>
<outline>0</outline>
</PolyStyle>
</Style>

<Polygon>
<tessellate>1</tessellate>

<outerBoundaryIs>
<LinearRing>
<coordinates>

4.435961766747342,64.50750642756702,0
4.649565856071257,64.58893208445157,0
4.967621643928743,63.74700541554842,0
4.75903823325266,63.66749357243299,0
4.435961766747342,64.50750642756702,0

</coordinates>
</LinearRing>
</outerBoundaryIs>
</Polygon>
</Placemark>

<Placemark>
<Style>
<LineStyle>
<width>0</width>
</LineStyle>

<PolyStyle>
<color>ffff8e00</color>
<outline>0</outline>
</PolyStyle>
</Style>

<Polygon>
<tessellate>1</tessellate>

<outerBoundaryIs>
<LinearRing>
<coordinates>

4.649565856071257,64.58893208445157,0
4.862882050925034,64.66878726207568,0
5.175867949074965,63.82496273792432,0
4.967621643928743,63.74700541554842,0
4.649565856071257,64.58893208445157,0

</coordinates>
</LinearRing>
</outerBoundaryIs>
</Polygon>
</Placemark>

<Placemark>
<Style>
<LineStyle>
<width>0</width>
</LineStyle>

<PolyStyle>
<color>ffff8d00</color>
<outline>0</outline>
</PolyStyle>
</Style>

<Polygon>
<tessellate>1</tessellate>

<outerBoundaryIs>
<LinearRing>
<coordinates>

4.862882050925034,64.66878726207568,0
5.075910416088292,64.7470715952202,0
5.383777083911709,63.90136590477979,0
5.175867949074965,63.82496273792432,0
4.862882050925034,64.66878726207568,0

</coordinates>
</LinearRing>
</outerBoundaryIs>
</Polygon>
</Placemark>

<Placemark>
<Style>
<LineStyle>
<width>0</width>
</LineStyle>

<PolyStyle>
<color>ffff8b00</color>
<outline>0</outline>
</PolyStyle>
</Style>

<Polygon>
<tessellate>1</tessellate>

<outerBoundaryIs>
<LinearRing>
<coordinates>

5.075910416088292,64.7470715952202,0
5.288651008025311,64.82378471259385,0
5.591348991974688,63.97621528740616,0
5.383777083911709,63.90136590477979,0
5.075910416088292,64.7470715952202,0

</coordinates>
</LinearRing>
</outerBoundaryIs>
</Polygon>
</Placemark>

<Placemark>
<Style>
<LineStyle>
<width>0</width>
</LineStyle>

<PolyStyle>
<color>ffff8900</color>
<outline>0</outline>
</PolyStyle>
</Style>

<Polygon>
<tessellate>1</tessellate>

<outerBoundaryIs>
<LinearRing>
<coordinates>

5.288651008025311,64.82378471259385,0
5.5011038745627285,64.8989262369306,0
5.7985836254372725,64.0495112630694,0
5.591348991974688,63.97621528740616,0
5.288651008025311,64.82378471259385,0

</coordinates>
</LinearRing>
</outerBoundaryIs>
</Polygon>
</Placemark>

<Placemark>
<Style>
<LineStyle>
<width>0</width>
</LineStyle>

<PolyStyle>
<color>ffff8800</color>
<outline>0</outline>
</PolyStyle>
</Style>

<Polygon>
<tessellate>1</tessellate>

<outerBoundaryIs>
<LinearRing>
<coordinates>

5.5011038745627285,64.8989262369306,0
5.713269054564561,64.97249578509916,0
6.005480945435439,64.12125421490084,0
5.7985836254372725,64.0495112630694,0
5.5011038745627285,64.8989262369306,0

</coordinates>
</LinearRing>
</outerBoundaryIs>
</Polygon>
</Placemark>

<Placemark>
<Style>
<LineStyle>
<width>0</width>
</LineStyle>

<PolyStyle>
<color>ffff8600</color>
<outline>0</outline>
</PolyStyle>
</Style>

<Polygon>
<tessellate>1</tessellate>

<outerBoundaryIs>
<LinearRing>
<coordinates>

5.713269054564561,64.97249578509916,0
5.925146577605265,65.04449296822443,0
6.212040922394735,64.19144453177557,0
6.005480945435439,64.12125421490084,0
5.713269054564561,64.97249578509916,0

</coordinates>
</LinearRing>
</outerBoundaryIs>
</Polygon>
</Placemark>

<Placemark>
<Style>
<LineStyle>
<width>0</width>
</LineStyle>

<PolyStyle>
<color>ffff8400</color>
<outline>0</outline>
</PolyStyle>
</Style>

<Polygon>
<tessellate>1</tessellate>

<outerBoundaryIs>
<LinearRing>
<coordinates>

5.925146577605265,65.04449296822443,0
6.136736463641012,65.11491739182175,0
6.418263536358988,64.26008260817825,0
6.212040922394735,64.19144453177557,0
5.925146577605265,65.04449296822443,0

</coordinates>
</LinearRing>
</outerBoundaryIs>
</Polygon>
</Placemark>

<Placemark>
<Style>
<LineStyle>
<width>0</width>
</LineStyle>

<PolyStyle>
<color>ffff8200</color>
<outline>0</outline>
</PolyStyle>
</Style>

<Polygon>
<tessellate>1</tessellate>

<outerBoundaryIs>
<LinearRing>
<coordinates>

6.136736463641012,65.11491739182175,0
6.348038722679968,65.18376865594404,0
6.624148777320032,64.32716884405598,0
6.418263536358988,64.26008260817825,0
6.136736463641012,65.11491739182175,0

</coordinates>
</LinearRing>
</outerBoundaryIs>
</Polygon>
</Placemark>

<Placemark>
<Style>
<LineStyle>
<width>0</width>
</LineStyle>

<PolyStyle>
<color>ffff8100</color>
<outline>0</outline>
</PolyStyle>
</Style>

<Polygon>
<tessellate>1</tessellate>

<outerBoundaryIs>
<LinearRing>
<coordinates>

6.348038722679968,65.18376865594404,0
6.559053354451946,65.25104635534208,0
6.829696645548056,64.3927036446579,0
6.624148777320032,64.32716884405598,0
6.348038722679968,65.18376865594404,0

</coordinates>
</LinearRing>
</outerBoundaryIs>
</Polygon>
</Placemark>

<Placemark>
<Style>
<LineStyle>
<width>0</width>
</LineStyle>

<PolyStyle>
<color>ffff7f00</color>
<outline>0</outline>
</PolyStyle>
</Style>

<Polygon>
<tessellate>1</tessellate>

<outerBoundaryIs>
<LinearRing>
<coordinates>

6.559053354451946,65.25104635534208,0
6.769780348078228,65.31675007963881,0
7.034907151921772,64.45668742036119,0
6.829696645548056,64.3927036446579,0
6.559053354451946,65.25104635534208,0

</coordinates>
</LinearRing>
</outerBoundaryIs>
</Polygon>
</Placemark>

<Placemark>
<Style>
<LineStyle>
<width>0</width>
</LineStyle>

<PolyStyle>
<color>ffff7d00</color>
<outline>0</outline>
</PolyStyle>
</Style>

<Polygon>
<tessellate>1</tessellate>

<outerBoundaryIs>
<LinearRing>
<coordinates>

6.769780348078228,65.31675007963881,0
6.980219681742042,65.38087941351714,0
7.2397803182579565,64.51912058648287,0
7.034907151921772,64.45668742036119,0
6.769780348078228,65.31675007963881,0

</coordinates>
</LinearRing>
</outerBoundaryIs>
</Polygon>
</Placemark>

<Placemark>
<Style>
<LineStyle>
<width>0</width>
</LineStyle>

<PolyStyle>
<color>ffff7c00</color>
<outline>0</outline>
</PolyStyle>
</Style>

<Polygon>
<tessellate>1</tessellate>

<outerBoundaryIs>
<LinearRing>
<coordinates>

6.980219681742042,65.38087941351714,0
7.19037132236021,65.44343393692219,0
7.44431617763979,64.58000356307781,0
7.2397803182579565,64.51912058648287,0
6.980219681742042,65.38087941351714,0

</coordinates>
</LinearRing>
</outerBoundaryIs>
</Polygon>
</Placemark>

<Placemark>
<Style>
<LineStyle>
<width>0</width>
</LineStyle>

<PolyStyle>
<color>ffff7a00</color>
<outline>0</outline>
</PolyStyle>
</Style>

<Polygon>
<tessellate>1</tessellate>

<outerBoundaryIs>
<LinearRing>
<coordinates>

7.19037132236021,65.44343393692219,0
7.400235225257113,65.50441322527817,0
7.648514774742887,64.63933677472184,0
7.44431617763979,64.58000356307781,0
7.19037132236021,65.44343393692219,0

</coordinates>
</LinearRing>
</outerBoundaryIs>
</Polygon>
</Placemark>

<Placemark>
<Style>
<LineStyle>
<width>0</width>
</LineStyle>

<PolyStyle>
<color>ffff7800</color>
<outline>0</outline>
</PolyStyle>
</Style>

<Polygon>
<tessellate>1</tessellate>

<outerBoundaryIs>
<LinearRing>
<coordinates>

7.400235225257113,65.50441322527817,0
7.6098113338411375,65.56381684971969,0
7.852376166158863,64.6971206502803,0
7.648514774742887,64.63933677472184,0
7.400235225257113,65.50441322527817,0

</coordinates>
</LinearRing>
</outerBoundaryIs>
</Polygon>
</Placemark>

<Placemark>
<Style>
<LineStyle>
<width>0</width>
</LineStyle>

<PolyStyle>
<color>ffff7600</color>
<outline>0</outline>
</PolyStyle>
</Style>

<Polygon>
<tessellate>1</tessellate>

<outerBoundaryIs>
<LinearRing>
<coordinates>

7.6098113338411375,65.56381684971969,0
7.819099579284821,65.62164437733831,0
8.05590042071518,64.75335562266169,0
7.852376166158863,64.6971206502803,0
7.6098113338411375,65.56381684971969,0

</coordinates>
</LinearRing>
</outerBoundaryIs>
</Polygon>
</Placemark>

<Placemark>
<Style>
<LineStyle>
<width>0</width>
</LineStyle>

<PolyStyle>
<color>ffff7500</color>
<outline>0</outline>
</PolyStyle>
</Style>

<Polygon>
<tessellate>1</tessellate>

<outerBoundaryIs>
<LinearRing>
<coordinates>

7.819099579284821,65.62164437733831,0
8.028099880209213,65.67789537144407,0
8.259087619790785,64.80804212855594,0
8.05590042071518,64.75335562266169,0
7.819099579284821,65.62164437733831,0

</coordinates>
</LinearRing>
</outerBoundaryIs>
</Polygon>
</Placemark>

<Placemark>
<Style>
<LineStyle>
<width>0</width>
</LineStyle>

<PolyStyle>
<color>ffff7300</color>
<outline>0</outline>
</PolyStyle>
</Style>

<Polygon>
<tessellate>1</tessellate>

<outerBoundaryIs>
<LinearRing>
<coordinates>

8.028099880209213,65.67789537144407,0
8.236812142373198,65.73256939184236,0
8.461937857626806,64.86118060815764,0
8.259087619790785,64.80804212855594,0
8.028099880209213,65.67789537144407,0

</coordinates>
</LinearRing>
</outerBoundaryIs>
</Polygon>
</Placemark>

<Placemark>
<Style>
<LineStyle>
<width>0</width>
</LineStyle>

<PolyStyle>
<color>ffff7100</color>
<outline>0</outline>
</PolyStyle>
</Style>

<Polygon>
<tessellate>1</tessellate>

<outerBoundaryIs>
<LinearRing>
<coordinates>

8.236812142373198,65.73256939184236,0
8.445236258369,65.78566599512634,0
8.664451241631,64.91277150487367,0
8.461937857626806,64.86118060815764,0
8.236812142373198,65.73256939184236,0

</coordinates>
</LinearRing>
</outerBoundaryIs>
</Polygon>
</Placemark>

<Placemark>
<Style>
<LineStyle>
<width>0</width>
</LineStyle>

<PolyStyle>
<color>ffff7000</color>
<outline>0</outline>
</PolyStyle>
</Style>

<Polygon>
<tessellate>1</tessellate>

<outerBoundaryIs>
<LinearRing>
<coordinates>

8.445236258369,65.78566599512634,0
8.653372107324332,65.83718473498459,0
8.866627892675671,64.96281526501542,0
8.664451241631,64.91277150487367,0
8.445236258369,65.78566599512634,0

</coordinates>
</LinearRing>
</outerBoundaryIs>
</Polygon>
</Placemark>

<Placemark>
<Style>
<LineStyle>
<width>0</width>
</LineStyle>

<PolyStyle>
<color>ffff6e00</color>
<outline>0</outline>
</PolyStyle>
</Style>

<Polygon>
<tessellate>1</tessellate>

<outerBoundaryIs>
<LinearRing>
<coordinates>

8.653372107324332,65.83718473498459,0
8.861219554612182,65.88712516252467,0
9.068467945387818,65.01131233747533,0
8.866627892675671,64.96281526501542,0
8.653372107324332,65.83718473498459,0

</coordinates>
</LinearRing>
</outerBoundaryIs>
</Polygon>
</Placemark>

<Placemark>
<Style>
<LineStyle>
<width>0</width>
</LineStyle>

<PolyStyle>
<color>ffff6c00</color>
<outline>0</outline>
</PolyStyle>
</Style>

<Polygon>
<tessellate>1</tessellate>

<outerBoundaryIs>
<LinearRing>
<coordinates>

8.861219554612182,65.88712516252467,0
9.068778451569415,65.93548682661194,0
9.269971548430583,65.05826317338807,0
9.068467945387818,65.01131233747533,0
8.861219554612182,65.88712516252467,0

</coordinates>
</LinearRing>
</outerBoundaryIs>
</Polygon>
</Placemark>

<Placemark>
<Style>
<LineStyle>
<width>0</width>
</LineStyle>

<PolyStyle>
<color>ffff6a00</color>
<outline>0</outline>
</PolyStyle>
</Style>

<Polygon>
<tessellate>1</tessellate>

<outerBoundaryIs>
<LinearRing>
<coordinates>

9.068778451569415,65.93548682661194,0
9.276048635224708,65.982269274224,0
9.471138864775295,65.103668225776,0
9.269971548430583,65.05826317338807,0
9.068778451569415,65.93548682661194,0

</coordinates>
</LinearRing>
</outerBoundaryIs>
</Polygon>
</Placemark>

<Placemark>
<Style>
<LineStyle>
<width>0</width>
</LineStyle>

<PolyStyle>
<color>ffff6900</color>
<outline>0</outline>
</PolyStyle>
</Style>

<Polygon>
<tessellate>1</tessellate>

<outerBoundaryIs>
<LinearRing>
<coordinates>

9.276048635224708,65.982269274224,0
9.483029928037,66.02747205082062,0
9.671970071962997,65.14752794917936,0
9.471138864775295,65.103668225776,0
9.276048635224708,65.982269274224,0

</coordinates>
</LinearRing>
</outerBoundaryIs>
</Polygon>
</Placemark>

<Placemark>
<Style>
<LineStyle>
<width>0</width>
</LineStyle>

<PolyStyle>
<color>ffff6700</color>
<outline>0</outline>
</PolyStyle>
</Style>

<Polygon>
<tessellate>1</tessellate>

<outerBoundaryIs>
<LinearRing>
<coordinates>

9.483029928037,66.02747205082062,0
9.68972213764561,66.07109470072892,0
9.87246536235439,65.18984279927109,0
9.671970071962997,65.14752794917936,0
9.483029928037,66.02747205082062,0

</coordinates>
</LinearRing>
</outerBoundaryIs>
</Polygon>
</Placemark>

<Placemark>
<Style>
<LineStyle>
<width>0</width>
</LineStyle>

<PolyStyle>
<color>ffff6500</color>
<outline>0</outline>
</PolyStyle>
</Style>

<Polygon>
<tessellate>1</tessellate>

<outerBoundaryIs>
<LinearRing>
<coordinates>

9.68972213764561,66.07109470072892,0
9.740333666152111,66.08140659609757,0
9.91996564729843,65.19951524714949,0
9.87246536235439,65.18984279927109,0
9.68972213764561,66.07109470072892,0

</coordinates>
</LinearRing>
</outerBoundaryIs>
</Polygon>
</Placemark>

<Placemark>

<Style>
<LineStyle>
<width>0</width>
</LineStyle>

<PolyStyle>
<color>ffff6400</color>
<outline>0</outline>
</PolyStyle>
</Style>

<Polygon>
<tessellate>1</tessellate>

<outerBoundaryIs>
<LinearRing>
<coordinates>

12.0,66.0,0
9.641604202771328,66.77489951839844,0
9.740333666152111,66.08140659609757,0
9.91996564729843,65.19951524714949,0
10.017582348097692,64.50583794271633,0
12.0,66.0,0

</coordinates>
</LinearRing>
</outerBoundaryIs>

</Polygon>
</Placemark>

<Placemark>

<name>Miami</name>

<Style>
<IconStyle>
<scale>3</scale>

<Icon>
<href>https://i.imgur.com/FIIwqqB.png</href>
</Icon>

</IconStyle>
</Style>

<Point>
<coordinates>-80.19,25.76,0</coordinates>
</Point>

</Placemark>

<Placemark>

<name>New York</name>

<Style>
<IconStyle>
<scale>3</scale>

<Icon>
<href>https://i.imgur.com/5r49jF2.png</href>
</Icon>

</IconStyle>
</Style>

<Point>
<coordinates>-74.0,40.71,0</coordinates>
</Point>

</Placemark>

<Placemark>

<name>St. John's</name>

<Style>
<IconStyle>
<scale>3</scale>

<Icon>
<href>https://i.imgur.com/CBHL5zR.png</href>
</Icon>

</IconStyle>
</Style>

<Point>
<coordinates>-52.71,47.56,0</coordinates>
</Point>

</Placemark>

<Placemark>

<name>London</name>

<Style>
<IconStyle>
<scale>3</scale>

<Icon>
<href>https://i.imgur.com/CBHL5zR.png</href>
</Icon>

</IconStyle>
</Style>

<Point>
<coordinates>-0.12,51.5,0</coordinates>
</Point>

</Placemark>

<Placemark>

<name>Bergen</name>

<Style>
<IconStyle>
<scale>3</scale>

<Icon>
<href>https://i.imgur.com/4qzQsht.png</href>
</Icon>

</IconStyle>
</Style>

<Point>
<coordinates>5.32,60.39,0</coordinates>
</Point>

</Placemark>

<Placemark>

<name>Florida Straits Heat Flow</name>

<Style>
<IconStyle>
<scale>3</scale>

<Icon>
<href>https://i.imgur.com/FIIwqqB.png</href>
</Icon>

</IconStyle>
</Style>

<Point>
<coordinates>-81.5,24.0,0</coordinates>
</Point>

</Placemark>

<Placemark>

<name>Hatteras Storm Corridor</name>

<Style>
<IconStyle>
<scale>3</scale>

<Icon>
<href>https://i.imgur.com/5r49jF2.png</href>
</Icon>

</IconStyle>
</Style>

<Point>
<coordinates>-75.0,35.5,0</coordinates>
</Point>

</Placemark>

<Placemark>

<name>Mid-Atlantic Storm Track</name>

<Style>
<IconStyle>
<scale>3</scale>

<Icon>
<href>https://i.imgur.com/5r49jF2.png</href>
</Icon>

</IconStyle>
</Style>

<Point>
<coordinates>-76.0,36.8,0</coordinates>
</Point>

</Placemark>

<Placemark>

<name>Georges Bank Fog &amp;amp; Rain</name>

<Style>
<IconStyle>
<scale>3</scale>

<Icon>
<href>https://i.imgur.com/CBHL5zR.png</href>
</Icon>

</IconStyle>
</Style>

<Point>
<coordinates>-67.0,41.5,0</coordinates>
</Point>

</Placemark>

<Placemark>

<name>Grand Banks Front Storms</name>

<Style>
<IconStyle>
<scale>3</scale>

<Icon>
<href>https://i.imgur.com/5r49jF2.png</href>
</Icon>

</IconStyle>
</Style>

<Point>
<coordinates>-50.0,43.5,0</coordinates>
</Point>

</Placemark>

<Placemark>

<name>Sargasso Warm Pool</name>

<Style>
<IconStyle>
<scale>3</scale>

<Icon>
<href>https://i.imgur.com/FIIwqqB.png</href>
</Icon>

</IconStyle>
</Style>

<Point>
<coordinates>-65.0,30.0,0</coordinates>
</Point>

</Placemark>

<Placemark>

<name>North Atlantic Drift</name>

<Style>
<IconStyle>
<scale>3</scale>

<Icon>
<href>https://i.imgur.com/FIIwqqB.png</href>
</Icon>

</IconStyle>
</Style>

<Point>
<coordinates>-35.0,50.0,0</coordinates>
</Point>

</Placemark>

<Placemark>

<name>Irish Sea Heavy Rain</name>

<Style>
<IconStyle>
<scale>3</scale>

<Icon>
<href>https://i.imgur.com/CBHL5zR.png</href>
</Icon>

</IconStyle>
</Style>

<Point>
<coordinates>-6.0,53.5,0</coordinates>
</Point>

</Placemark>

<Placemark>

<name>Norwegian Fjords Flood Zone</name>

<Style>
<IconStyle>
<scale>3</scale>

<Icon>
<href>https://i.imgur.com/4qzQsht.png</href>
</Icon>

</IconStyle>
</Style>

<Point>
<coordinates>6.0,62.5,0</coordinates>
</Point>

</Placemark>

<Placemark>

<name>Spitsbergen Arctic Warming</name>

<Style>
<IconStyle>
<scale>3</scale>

<Icon>
<href>https://i.imgur.com/FIIwqqB.png</href>
</Icon>

</IconStyle>
</Style>

<Point>
<coordinates>16.0,78.0,0</coordinates>
</Point>

</Placemark>

<Placemark>

<name>Icelandic Low Storm Basin</name>

<Style>
<IconStyle>
<scale>3</scale>

<Icon>
<href>https://i.imgur.com/5r49jF2.png</href>
</Icon>

</IconStyle>
</Style>

<Point>
<coordinates>-18.0,64.0,0</coordinates>
</Point>

</Placemark>


</Document>

</kml>
