<?xml version="1.0" encoding="UTF-8"?>
<kml xmlns="http://www.opengis.net/kml/2.2">

<Document>

<name>Indian Monsoon — ERA5 JJAS 2025</name>


    <Placemark>

        <Style>
            <LineStyle>
                <width>0</width>
            </LineStyle>

            <PolyStyle>
                <color>d9ff0000</color>
                <outline>0</outline>
            </PolyStyle>
        </Style>

        <Polygon>
            <tessellate>1</tessellate>

            <outerBoundaryIs>
                <LinearRing>
                    <coordinates>
                        51.88276622195352,5.444936529110093,0
                        52.214635137310864,5.7600277652896965,0
                        52.68546486268913,5.242032234710304,0
                        52.36483595421522,4.93738478471635,0
                        51.88276622195352,5.444936529110093,0
                    </coordinates>
                </LinearRing>
            </outerBoundaryIs>

        </Polygon>

    </Placemark>
    
    <Placemark>

        <Style>
            <LineStyle>
                <width>0</width>
            </LineStyle>

            <PolyStyle>
                <color>d9ff0500</color>
                <outline>0</outline>
            </PolyStyle>
        </Style>

        <Polygon>
            <tessellate>1</tessellate>

            <outerBoundaryIs>
                <LinearRing>
                    <coordinates>
                        52.214635137310864,5.7600277652896965,0
                        52.67885265776584,6.163756691193091,0
                        53.12664734223416,5.625723308806908,0
                        52.68546486268913,5.242032234710304,0
                        52.214635137310864,5.7600277652896965,0
                    </coordinates>
                </LinearRing>
            </outerBoundaryIs>

        </Polygon>

    </Placemark>
    
    <Placemark>

        <Style>
            <LineStyle>
                <width>0</width>
            </LineStyle>

            <PolyStyle>
                <color>d9ff0b00</color>
                <outline>0</outline>
            </PolyStyle>
        </Style>

        <Polygon>
            <tessellate>1</tessellate>

            <outerBoundaryIs>
                <LinearRing>
                    <coordinates>
                        52.67885265776584,6.163756691193091,0
                        53.276711877050296,6.6397929877979465,0
                        53.70216812294971,6.083927012202054,0
                        53.12664734223416,5.625723308806908,0
                        52.67885265776584,6.163756691193091,0
                    </coordinates>
                </LinearRing>
            </outerBoundaryIs>

        </Polygon>

    </Placemark>
    
    <Placemark>

        <Style>
            <LineStyle>
                <width>0</width>
            </LineStyle>

            <PolyStyle>
                <color>d9ff1100</color>
                <outline>0</outline>
            </PolyStyle>
        </Style>

        <Polygon>
            <tessellate>1</tessellate>

            <outerBoundaryIs>
                <LinearRing>
                    <coordinates>
                        53.276711877050296,6.6397929877979465,0
                        53.76968695606,7.002396621154578,0
                        54.175853043939995,6.432283378845423,0
                        53.70216812294971,6.083927012202054,0
                        53.276711877050296,6.6397929877979465,0
                    </coordinates>
                </LinearRing>
            </outerBoundaryIs>

        </Polygon>

    </Placemark>
    
    <Placemark>

        <Style>
            <LineStyle>
                <width>0</width>
            </LineStyle>

            <PolyStyle>
                <color>d9ff1700</color>
                <outline>0</outline>
            </PolyStyle>
        </Style>

        <Polygon>
            <tessellate>1</tessellate>

            <outerBoundaryIs>
                <LinearRing>
                    <coordinates>
                        53.76968695606,7.002396621154578,0
                        54.27242383783185,7.349216864767651,0
                        54.66083616216815,6.76686313523235,0
                        54.175853043939995,6.432283378845423,0
                        53.76968695606,7.002396621154578,0
                    </coordinates>
                </LinearRing>
            </outerBoundaryIs>

        </Polygon>

    </Placemark>
    
    <Placemark>

        <Style>
            <LineStyle>
                <width>0</width>
            </LineStyle>

            <PolyStyle>
                <color>d9ff1d00</color>
                <outline>0</outline>
            </PolyStyle>
        </Style>

        <Polygon>
            <tessellate>1</tessellate>

            <outerBoundaryIs>
                <LinearRing>
                    <coordinates>
                        54.27242383783185,7.349216864767651,0
                        54.911564835318245,7.761179686867256,0
                        55.28243516468176,7.167500313132744,0
                        54.66083616216815,6.76686313523235,0
                        54.27242383783185,7.349216864767651,0
                    </coordinates>
                </LinearRing>
            </outerBoundaryIs>

        </Polygon>

    </Placemark>
    
    <Placemark>

        <Style>
            <LineStyle>
                <width>0</width>
            </LineStyle>

            <PolyStyle>
                <color>d9ff2300</color>
                <outline>0</outline>
            </PolyStyle>
        </Style>

        <Polygon>
            <tessellate>1</tessellate>

            <outerBoundaryIs>
                <LinearRing>
                    <coordinates>
                        54.911564835318245,7.761179686867256,0
                        55.432608576432166,8.076528982538633,0
                        55.78799142356784,7.4734510174613655,0
                        55.28243516468176,7.167500313132744,0
                        54.911564835318245,7.761179686867256,0
                    </coordinates>
                </LinearRing>
            </outerBoundaryIs>

        </Polygon>

    </Placemark>
    
    <Placemark>

        <Style>
            <LineStyle>
                <width>0</width>
            </LineStyle>

            <PolyStyle>
                <color>d9ff2900</color>
                <outline>0</outline>
            </PolyStyle>
        </Style>

        <Polygon>
            <tessellate>1</tessellate>

            <outerBoundaryIs>
                <LinearRing>
                    <coordinates>
                        55.432608576432166,8.076528982538633,0
                        55.960095548434744,8.379086599498331,0
                        56.301404451565254,7.76793340050167,0
                        55.78799142356784,7.4734510174613655,0
                        55.432608576432166,8.076528982538633,0
                    </coordinates>
                </LinearRing>
            </outerBoundaryIs>

        </Polygon>

    </Placemark>
    
    <Placemark>

        <Style>
            <LineStyle>
                <width>0</width>
            </LineStyle>

            <PolyStyle>
                <color>d9ff2f00</color>
                <outline>0</outline>
            </PolyStyle>
        </Style>

        <Polygon>
            <tessellate>1</tessellate>

            <outerBoundaryIs>
                <LinearRing>
                    <coordinates>
                        55.960095548434744,8.379086599498331,0
                        56.49422694521325,8.669412156369596,0
                        56.82157305478675,8.050667843630404,0
                        56.301404451565254,7.76793340050167,0
                        55.960095548434744,8.379086599498331,0
                    </coordinates>
                </LinearRing>
            </outerBoundaryIs>

        </Polygon>

    </Placemark>
    
    <Placemark>

        <Style>
            <LineStyle>
                <width>0</width>
            </LineStyle>

            <PolyStyle>
                <color>d9ff3500</color>
                <outline>0</outline>
            </PolyStyle>
        </Style>

        <Polygon>
            <tessellate>1</tessellate>

            <outerBoundaryIs>
                <LinearRing>
                    <coordinates>
                        56.49422694521325,8.669412156369596,0
                        57.035208750845406,8.947861007824063,0
                        57.34753124915459,8.321398992175936,0
                        56.82157305478675,8.050667843630404,0
                        56.49422694521325,8.669412156369596,0
                    </coordinates>
                </LinearRing>
            </outerBoundaryIs>

        </Polygon>

    </Placemark>
    
    <Placemark>

        <Style>
            <LineStyle>
                <width>0</width>
            </LineStyle>

            <PolyStyle>
                <color>d9ff3b00</color>
                <outline>0</outline>
            </PolyStyle>
        </Style>

        <Polygon>
            <tessellate>1</tessellate>

            <outerBoundaryIs>
                <LinearRing>
                    <coordinates>
                        57.035208750845406,8.947861007824063,0
                        57.71888087115047,9.277786449052343,0
                        58.01471912884953,8.643373550947658,0
                        57.34753124915459,8.321398992175936,0
                        57.035208750845406,8.947861007824063,0
                    </coordinates>
                </LinearRing>
            </outerBoundaryIs>

        </Polygon>

    </Placemark>
    
    <Placemark>

        <Style>
            <LineStyle>
                <width>0</width>
            </LineStyle>

            <PolyStyle>
                <color>d9ff4100</color>
                <outline>0</outline>
            </PolyStyle>
        </Style>

        <Polygon>
            <tessellate>1</tessellate>

            <outerBoundaryIs>
                <LinearRing>
                    <coordinates>
                        57.71888087115047,9.277786449052343,0
                        58.273982681044544,9.527730732033788,0
                        58.55379731895546,8.886089267966213,0
                        58.01471912884953,8.643373550947658,0
                        57.71888087115047,9.277786449052343,0
                    </coordinates>
                </LinearRing>
            </outerBoundaryIs>

        </Polygon>

    </Placemark>
    
    <Placemark>

        <Style>
            <LineStyle>
                <width>0</width>
            </LineStyle>

            <PolyStyle>
                <color>d9ff4700</color>
                <outline>0</outline>
            </PolyStyle>
        </Style>

        <Polygon>
            <tessellate>1</tessellate>

            <outerBoundaryIs>
                <LinearRing>
                    <coordinates>
                        58.273982681044544,9.527730732033788,0
                        58.834902809418864,9.764473053540236,0
                        59.09841719058113,9.115966946459764,0
                        58.55379731895546,8.886089267966213,0
                        58.273982681044544,9.527730732033788,0
                    </coordinates>
                </LinearRing>
            </outerBoundaryIs>

        </Polygon>

    </Placemark>
    
    <Placemark>

        <Style>
            <LineStyle>
                <width>0</width>
            </LineStyle>

            <PolyStyle>
                <color>d9ff4d00</color>
                <outline>0</outline>
            </PolyStyle>
        </Style>

        <Polygon>
            <tessellate>1</tessellate>

            <outerBoundaryIs>
                <LinearRing>
                    <coordinates>
                        58.834902809418864,9.764473053540236,0
                        59.54214281818961,10.040847429411453,0
                        59.788237181810395,9.385532570588548,0
                        59.09841719058113,9.115966946459764,0
                        58.834902809418864,9.764473053540236,0
                    </coordinates>
                </LinearRing>
            </outerBoundaryIs>

        </Polygon>

    </Placemark>
    
    <Placemark>

        <Style>
            <LineStyle>
                <width>0</width>
            </LineStyle>

            <PolyStyle>
                <color>d9ff5300</color>
                <outline>0</outline>
            </PolyStyle>
        </Style>

        <Polygon>
            <tessellate>1</tessellate>

            <outerBoundaryIs>
                <LinearRing>
                    <coordinates>
                        59.54214281818961,10.040847429411453,0
                        60.11479274496088,10.247264265375485,0
                        60.34446725503912,9.586015734624514,0
                        59.788237181810395,9.385532570588548,0
                        59.54214281818961,10.040847429411453,0
                    </coordinates>
                </LinearRing>
            </outerBoundaryIs>

        </Polygon>

    </Placemark>
    
    <Placemark>

        <Style>
            <LineStyle>
                <width>0</width>
            </LineStyle>

            <PolyStyle>
                <color>d9ff5800</color>
                <outline>0</outline>
            </PolyStyle>
        </Style>

        <Polygon>
            <tessellate>1</tessellate>

            <outerBoundaryIs>
                <LinearRing>
                    <coordinates>
                        60.11479274496088,10.247264265375485,0
                        60.69163305235886,10.440117712327961,0
                        60.905666947641144,9.77364228767204,0
                        60.34446725503912,9.586015734624514,0
                        60.11479274496088,10.247264265375485,0
                    </coordinates>
                </LinearRing>
            </outerBoundaryIs>

        </Polygon>

    </Placemark>
    
    <Placemark>

        <Style>
            <LineStyle>
                <width>0</width>
            </LineStyle>

            <PolyStyle>
                <color>d9ff5e00</color>
                <outline>0</outline>
            </PolyStyle>
        </Style>

        <Polygon>
            <tessellate>1</tessellate>

            <outerBoundaryIs>
                <LinearRing>
                    <coordinates>
                        60.69163305235886,10.440117712327961,0
                        61.273179698772424,10.61926493821228,0
                        61.47092030122758,9.947775061787718,0
                        60.905666947641144,9.77364228767204,0
                        60.69163305235886,10.440117712327961,0
                    </coordinates>
                </LinearRing>
            </outerBoundaryIs>

        </Polygon>

    </Placemark>
    
    <Placemark>

        <Style>
            <LineStyle>
                <width>0</width>
            </LineStyle>

            <PolyStyle>
                <color>d9ff6400</color>
                <outline>0</outline>
            </PolyStyle>
        </Style>

        <Polygon>
            <tessellate>1</tessellate>

            <outerBoundaryIs>
                <LinearRing>
                    <coordinates>
                        61.273179698772424,10.61926493821228,0
                        61.860095834308865,10.784176361328226,0
                        62.03922416569114,10.107483638671775,0
                        61.47092030122758,9.947775061787718,0
                        61.273179698772424,10.61926493821228,0
                    </coordinates>
                </LinearRing>
            </outerBoundaryIs>

        </Polygon>

    </Placemark>
    
    <Placemark>

        <Style>
            <LineStyle>
                <width>0</width>
            </LineStyle>

            <PolyStyle>
                <color>d9ff6a00</color>
                <outline>0</outline>
            </PolyStyle>
        </Style>

        <Polygon>
            <tessellate>1</tessellate>

            <outerBoundaryIs>
                <LinearRing>
                    <coordinates>
                        61.860095834308865,10.784176361328226,0
                        62.59846872026275,10.967695126771465,0
                        62.756491279737254,10.285764873228535,0
                        62.03922416569114,10.107483638671775,0
                        61.860095834308865,10.784176361328226,0
                    </coordinates>
                </LinearRing>
            </outerBoundaryIs>

        </Polygon>

    </Placemark>
    
    <Placemark>

        <Style>
            <LineStyle>
                <width>0</width>
            </LineStyle>

            <PolyStyle>
                <color>d9ff7000</color>
                <outline>0</outline>
            </PolyStyle>
        </Style>

        <Polygon>
            <tessellate>1</tessellate>

            <outerBoundaryIs>
                <LinearRing>
                    <coordinates>
                        62.59846872026275,10.967695126771465,0
                        63.19545760363391,11.096072883150907,0
                        63.33264239636608,10.409647116849094,0
                        62.756491279737254,10.285764873228535,0
                        62.59846872026275,10.967695126771465,0
                    </coordinates>
                </LinearRing>
            </outerBoundaryIs>

        </Polygon>

    </Placemark>
    
    <Placemark>

        <Style>
            <LineStyle>
                <width>0</width>
            </LineStyle>

            <PolyStyle>
                <color>d9ff7600</color>
                <outline>0</outline>
            </PolyStyle>
        </Style>

        <Polygon>
            <tessellate>1</tessellate>

            <outerBoundaryIs>
                <LinearRing>
                    <coordinates>
                        63.19545760363391,11.096072883150907,0
                        63.79628781105408,11.207072382193337,0
                        63.91179218894592,10.516667617806663,0
                        63.33264239636608,10.409647116849094,0
                        63.19545760363391,11.096072883150907,0
                    </coordinates>
                </LinearRing>
            </outerBoundaryIs>

        </Polygon>

    </Placemark>
    
    <Placemark>

        <Style>
            <LineStyle>
                <width>0</width>
            </LineStyle>

            <PolyStyle>
                <color>d9ff7c00</color>
                <outline>0</outline>
            </PolyStyle>
        </Style>

        <Polygon>
            <tessellate>1</tessellate>

            <outerBoundaryIs>
                <LinearRing>
                    <coordinates>
                        63.79628781105408,11.207072382193337,0
                        64.54992645469984,11.32006260363839,0
                        64.64149354530015,10.62607739636161,0
                        63.91179218894592,10.516667617806663,0
                        63.79628781105408,11.207072382193337,0
                    </coordinates>
                </LinearRing>
            </outerBoundaryIs>

        </Polygon>

    </Placemark>
    
    <Placemark>

        <Style>
            <LineStyle>
                <width>0</width>
            </LineStyle>

            <PolyStyle>
                <color>d9ff8200</color>
                <outline>0</outline>
            </PolyStyle>
        </Style>

        <Polygon>
            <tessellate>1</tessellate>

            <outerBoundaryIs>
                <LinearRing>
                    <coordinates>
                        64.54992645469984,11.32006260363839,0
                        65.1578288428509,11.389395519901813,0
                        65.22581115714911,10.692704480098188,0
                        64.64149354530015,10.62607739636161,0
                        64.54992645469984,11.32006260363839,0
                    </coordinates>
                </LinearRing>
            </outerBoundaryIs>

        </Polygon>

    </Placemark>
    
    <Placemark>

        <Style>
            <LineStyle>
                <width>0</width>
            </LineStyle>

            <PolyStyle>
                <color>d9ff8800</color>
                <outline>0</outline>
            </PolyStyle>
        </Style>

        <Polygon>
            <tessellate>1</tessellate>

            <outerBoundaryIs>
                <LinearRing>
                    <coordinates>
                        65.1578288428509,11.389395519901813,0
                        65.76733412379598,11.438866946521435,0
                        65.81230587620404,10.740313053478564,0
                        65.22581115714911,10.692704480098188,0
                        65.1578288428509,11.389395519901813,0
                    </coordinates>
                </LinearRing>
            </outerBoundaryIs>

        </Polygon>

    </Placemark>
    
    <Placemark>

        <Style>
            <LineStyle>
                <width>0</width>
            </LineStyle>

            <PolyStyle>
                <color>d9ff8e00</color>
                <outline>0</outline>
            </PolyStyle>
        </Style>

        <Polygon>
            <tessellate>1</tessellate>

            <outerBoundaryIs>
                <LinearRing>
                    <coordinates>
                        65.76733412379598,11.438866946521435,0
                        66.3784634207039,11.46796772998021,0
                        66.39977657929612,10.768292270019792,0
                        65.81230587620404,10.740313053478564,0
                        65.76733412379598,11.438866946521435,0
                    </coordinates>
                </LinearRing>
            </outerBoundaryIs>

        </Polygon>

    </Placemark>
    
    <Placemark>

        <Style>
            <LineStyle>
                <width>0</width>
            </LineStyle>

            <PolyStyle>
                <color>d9ff9400</color>
                <outline>0</outline>
            </PolyStyle>
        </Style>

        <Polygon>
            <tessellate>1</tessellate>

            <outerBoundaryIs>
                <LinearRing>
                    <coordinates>
                        66.3784634207039,11.46796772998021,0
                        66.99134124677143,11.476112368685893,0
                        66.98671875322857,10.776127631314107,0
                        66.39977657929612,10.768292270019792,0
                        66.3784634207039,11.46796772998021,0
                    </coordinates>
                </LinearRing>
            </outerBoundaryIs>

        </Polygon>

    </Placemark>
    
    <Placemark>

        <Style>
            <LineStyle>
                <width>0</width>
            </LineStyle>

            <PolyStyle>
                <color>d9ff9a00</color>
                <outline>0</outline>
            </PolyStyle>
        </Style>

        <Polygon>
            <tessellate>1</tessellate>

            <outerBoundaryIs>
                <LinearRing>
                    <coordinates>
                        66.99134124677143,11.476112368685893,0
                        67.75517394157563,11.45584255502026,0
                        67.72224605842436,10.75661744497974,0
                        66.98671875322857,10.776127631314107,0
                        66.99134124677143,11.476112368685893,0
                    </coordinates>
                </LinearRing>
            </outerBoundaryIs>

        </Polygon>

    </Placemark>
    
    <Placemark>

        <Style>
            <LineStyle>
                <width>0</width>
            </LineStyle>

            <PolyStyle>
                <color>d9ffa000</color>
                <outline>0</outline>
            </PolyStyle>
        </Style>

        <Polygon>
            <tessellate>1</tessellate>

            <outerBoundaryIs>
                <LinearRing>
                    <coordinates>
                        67.75517394157563,11.45584255502026,0
                        68.36734837234799,11.4144177505867,0
                        68.30725162765201,10.717002249413298,0
                        67.72224605842436,10.75661744497974,0
                        67.75517394157563,11.45584255502026,0
                    </coordinates>
                </LinearRing>
            </outerBoundaryIs>

        </Polygon>

    </Placemark>
    
    <Placemark>

        <Style>
            <LineStyle>
                <width>0</width>
            </LineStyle>

            <PolyStyle>
                <color>d9ffa600</color>
                <outline>0</outline>
            </PolyStyle>
        </Style>

        <Polygon>
            <tessellate>1</tessellate>

            <outerBoundaryIs>
                <LinearRing>
                    <coordinates>
                        68.36734837234799,11.4144177505867,0
                        68.9775573682187,11.35051032872771,0
                        68.8904626317813,10.65594967127229,0
                        68.30725162765201,10.717002249413298,0
                        68.36734837234799,11.4144177505867,0
                    </coordinates>
                </LinearRing>
            </outerBoundaryIs>

        </Polygon>

    </Placemark>
    
    <Placemark>

        <Style>
            <LineStyle>
                <width>0</width>
            </LineStyle>

            <PolyStyle>
                <color>d9ffab00</color>
                <outline>0</outline>
            </PolyStyle>
        </Style>

        <Polygon>
            <tessellate>1</tessellate>

            <outerBoundaryIs>
                <LinearRing>
                    <coordinates>
                        68.9775573682187,11.35051032872771,0
                        69.73366079554603,11.239977676110223,0
                        69.61845920445398,10.549522323889777,0
                        68.8904626317813,10.65594967127229,0
                        68.9775573682187,11.35051032872771,0
                    </coordinates>
                </LinearRing>
            </outerBoundaryIs>

        </Polygon>

    </Placemark>
    
    <Placemark>

        <Style>
            <LineStyle>
                <width>0</width>
            </LineStyle>

            <PolyStyle>
                <color>d9ffb100</color>
                <outline>0</outline>
            </PolyStyle>
        </Style>

        <Polygon>
            <tessellate>1</tessellate>

            <outerBoundaryIs>
                <LinearRing>
                    <coordinates>
                        69.73366079554603,11.239977676110223,0
                        70.33636050546352,11.126899258601837,0
                        70.19509949453649,10.441300741398164,0
                        69.61845920445398,10.549522323889777,0
                        69.73366079554603,11.239977676110223,0
                    </coordinates>
                </LinearRing>
            </outerBoundaryIs>

        </Polygon>

    </Placemark>
    
    <Placemark>

        <Style>
            <LineStyle>
                <width>0</width>
            </LineStyle>

            <PolyStyle>
                <color>d9ffb700</color>
                <outline>0</outline>
            </PolyStyle>
        </Style>

        <Polygon>
            <tessellate>1</tessellate>

            <outerBoundaryIs>
                <LinearRing>
                    <coordinates>
                        70.33636050546352,11.126899258601837,0
                        70.9335925774019,10.992784489852014,0
                        70.7686474225981,10.312495510147986,0
                        70.19509949453649,10.441300741398164,0
                        70.33636050546352,11.126899258601837,0
                    </coordinates>
                </LinearRing>
            </outerBoundaryIs>

        </Polygon>

    </Placemark>
    
    <Placemark>

        <Style>
            <LineStyle>
                <width>0</width>
            </LineStyle>

            <PolyStyle>
                <color>d9ffbd00</color>
                <outline>0</outline>
            </PolyStyle>
        </Style>

        <Polygon>
            <tessellate>1</tessellate>

            <outerBoundaryIs>
                <LinearRing>
                    <coordinates>
                        70.9335925774019,10.992784489852014,0
                        71.52539628874833,10.838621008251524,0
                        71.33804371125167,10.164158991748478,0
                        70.7686474225981,10.312495510147986,0
                        70.9335925774019,10.992784489852014,0
                    </coordinates>
                </LinearRing>
            </outerBoundaryIs>

        </Polygon>

    </Placemark>
    
    <Placemark>

        <Style>
            <LineStyle>
                <width>0</width>
            </LineStyle>

            <PolyStyle>
                <color>d9ffc300</color>
                <outline>0</outline>
            </PolyStyle>
        </Style>

        <Polygon>
            <tessellate>1</tessellate>

            <outerBoundaryIs>
                <LinearRing>
                    <coordinates>
                        71.52539628874833,10.838621008251524,0
                        72.11197102447261,10.66545181386029,0
                        71.9023089755274,9.997588186139708,0
                        71.33804371125167,10.164158991748478,0
                        71.52539628874833,10.838621008251524,0
                    </coordinates>
                </LinearRing>
            </outerBoundaryIs>

        </Polygon>

    </Placemark>
    
    <Placemark>

        <Style>
            <LineStyle>
                <width>0</width>
            </LineStyle>

            <PolyStyle>
                <color>d9ffc900</color>
                <outline>0</outline>
            </PolyStyle>
        </Style>

        <Polygon>
            <tessellate>1</tessellate>

            <outerBoundaryIs>
                <LinearRing>
                    <coordinates>
                        72.11197102447261,10.66545181386029,0
                        72.83476357928622,10.424872797847696,0
                        72.60267642071379,9.764467202152305,0
                        71.9023089755274,9.997588186139708,0
                        72.11197102447261,10.66545181386029,0
                    </coordinates>
                </LinearRing>
            </outerBoundaryIs>

        </Polygon>

    </Placemark>
    
    <Placemark>

        <Style>
            <LineStyle>
                <width>0</width>
            </LineStyle>

            <PolyStyle>
                <color>d9ffcf00</color>
                <outline>0</outline>
            </PolyStyle>
        </Style>

        <Polygon>
            <tessellate>1</tessellate>

            <outerBoundaryIs>
                <LinearRing>
                    <coordinates>
                        72.83476357928622,10.424872797847696,0
                        73.40757132084686,10.212815550751566,0
                        73.15516867915314,9.559904449248434,0
                        72.60267642071379,9.764467202152305,0
                        72.83476357928622,10.424872797847696,0
                    </coordinates>
                </LinearRing>
            </outerBoundaryIs>

        </Polygon>

    </Placemark>
    
    <Placemark>

        <Style>
            <LineStyle>
                <width>0</width>
            </LineStyle>

            <PolyStyle>
                <color>d9ffd500</color>
                <outline>0</outline>
            </PolyStyle>
        </Style>

        <Polygon>
            <tessellate>1</tessellate>

            <outerBoundaryIs>
                <LinearRing>
                    <coordinates>
                        73.40757132084686,10.212815550751566,0
                        73.9734867615814,9.984685248024014,0
                        73.7021932384186,9.339394751975984,0
                        73.15516867915314,9.559904449248434,0
                        73.40757132084686,10.212815550751566,0
                    </coordinates>
                </LinearRing>
            </outerBoundaryIs>

        </Polygon>

    </Placemark>
    
    <Placemark>

        <Style>
            <LineStyle>
                <width>0</width>
            </LineStyle>

            <PolyStyle>
                <color>d9ffdb00</color>
                <outline>0</outline>
            </PolyStyle>
        </Style>

        <Polygon>
            <tessellate>1</tessellate>

            <outerBoundaryIs>
                <LinearRing>
                    <coordinates>
                        73.9734867615814,9.984685248024014,0
                        74.66995641165062,9.67966928084503,0
                        74.3796835883494,9.042690719154969,0
                        73.7021932384186,9.339394751975984,0
                        73.9734867615814,9.984685248024014,0
                    </coordinates>
                </LinearRing>
            </outerBoundaryIs>

        </Polygon>

    </Placemark>
    
    <Placemark>

        <Style>
            <LineStyle>
                <width>0</width>
            </LineStyle>

            <PolyStyle>
                <color>d9ffe100</color>
                <outline>0</outline>
            </PolyStyle>
        </Style>

        <Polygon>
            <tessellate>1</tessellate>

            <outerBoundaryIs>
                <LinearRing>
                    <coordinates>
                        74.66995641165062,9.67966928084503,0
                        75.22079332913935,9.418749964026725,0
                        74.91328667086066,8.789910035973273,0
                        74.3796835883494,9.042690719154969,0
                        74.66995641165062,9.67966928084503,0
                    </coordinates>
                </LinearRing>
            </outerBoundaryIs>

        </Polygon>

    </Placemark>
    
    <Placemark>

        <Style>
            <LineStyle>
                <width>0</width>
            </LineStyle>

            <PolyStyle>
                <color>d9ffe700</color>
                <outline>0</outline>
            </PolyStyle>
        </Style>

        <Polygon>
            <tessellate>1</tessellate>

            <outerBoundaryIs>
                <LinearRing>
                    <coordinates>
                        75.22079332913935,9.418749964026725,0
                        75.76457164727276,9.144408929162422,0
                        75.44086835272725,8.523751070837578,0
                        74.91328667086066,8.789910035973273,0
                        75.22079332913935,9.418749964026725,0
                    </coordinates>
                </LinearRing>
            </outerBoundaryIs>

        </Polygon>

    </Placemark>
    
    <Placemark>

        <Style>
            <LineStyle>
                <width>0</width>
            </LineStyle>

            <PolyStyle>
                <color>d9ffed00</color>
                <outline>0</outline>
            </PolyStyle>
        </Style>

        <Polygon>
            <tessellate>1</tessellate>

            <outerBoundaryIs>
                <LinearRing>
                    <coordinates>
                        75.76457164727276,9.144408929162422,0
                        76.29920834708265,8.856350540877465,0
                        75.96261165291735,8.242589459122534,0
                        75.44086835272725,8.523751070837578,0
                        75.76457164727276,9.144408929162422,0
                    </coordinates>
                </LinearRing>
            </outerBoundaryIs>

        </Polygon>

    </Placemark>
    
    <Placemark>

        <Style>
            <LineStyle>
                <width>0</width>
            </LineStyle>

            <PolyStyle>
                <color>d9fff300</color>
                <outline>0</outline>
            </PolyStyle>
        </Style>

        <Polygon>
            <tessellate>1</tessellate>

            <outerBoundaryIs>
                <LinearRing>
                    <coordinates>
                        76.29920834708265,8.856350540877465,0
                        76.8191606485897,8.566108679004161,0
                        76.49051935141028,7.948051320995839,0
                        75.96261165291735,8.242589459122534,0
                        76.29920834708265,8.856350540877465,0
                    </coordinates>
                </LinearRing>
            </outerBoundaryIs>

        </Polygon>

    </Placemark>
    
    <Placemark>

        <Style>
            <LineStyle>
                <width>0</width>
            </LineStyle>

            <PolyStyle>
                <color>d9fff900</color>
                <outline>0</outline>
            </PolyStyle>
        </Style>

        <Polygon>
            <tessellate>1</tessellate>

            <outerBoundaryIs>
                <LinearRing>
                    <coordinates>
                        76.8191606485897,8.566108679004161,0
                        76.95578660446984,8.497062641059902,0
                        76.63976378897777,7.8724591027346165,0
                        76.49051935141028,7.948051320995839,0
                        76.8191606485897,8.566108679004161,0
                    </coordinates>
                </LinearRing>
            </outerBoundaryIs>

        </Polygon>

    </Placemark>
    
    <Placemark>

        <Style>
            <LineStyle>
                <width>0</width>
            </LineStyle>

            <PolyStyle>
                <color>d9ffff00</color>
                <outline>0</outline>
            </PolyStyle>
        </Style>

        <Polygon>

            <outerBoundaryIs>
                <LinearRing>
                    <coordinates>
                        77.88644,7.71104,0
                        77.17291789305001,8.675864441488532,0
                        76.95578660446984,8.497062641059902,0
                        76.63976378897777,7.8724591027346165,0
                        76.6941164700038,7.5755239499637845,0
                        77.88644,7.71104,0
                    </coordinates>
                </LinearRing>
            </outerBoundaryIs>

        </Polygon>

    </Placemark>
    
    <Placemark>

        <Style>
            <LineStyle>
                <width>0</width>
            </LineStyle>

            <PolyStyle>
                <color>d9ff0000</color>
                <outline>0</outline>
            </PolyStyle>
        </Style>

        <Polygon>
            <tessellate>1</tessellate>

            <outerBoundaryIs>
                <LinearRing>
                    <coordinates>
                        87.66525663896941,22.360942518209804,0
                        87.79474588428106,22.74017199866333,0
                        88.48305411571896,22.612768001336665,0
                        88.32955207251784,22.140235524739523,0
                        87.66525663896941,22.360942518209804,0
                    </coordinates>
                </LinearRing>
            </outerBoundaryIs>

        </Polygon>

    </Placemark>
    
    <Placemark>

        <Style>
            <LineStyle>
                <width>0</width>
            </LineStyle>

            <PolyStyle>
                <color>d9ff0500</color>
                <outline>0</outline>
            </PolyStyle>
        </Style>

        <Polygon>
            <tessellate>1</tessellate>

            <outerBoundaryIs>
                <LinearRing>
                    <coordinates>
                        87.79474588428106,22.74017199866333,0
                        87.8178503959766,23.23698657788233,0
                        88.51404960402338,23.309833422117666,0
                        88.48305411571896,22.612768001336665,0
                        87.79474588428106,22.74017199866333,0
                    </coordinates>
                </LinearRing>
            </outerBoundaryIs>

        </Polygon>

    </Placemark>
    
    <Placemark>

        <Style>
            <LineStyle>
                <width>0</width>
            </LineStyle>

            <PolyStyle>
                <color>d9ff0b00</color>
                <outline>0</outline>
            </PolyStyle>
        </Style>

        <Polygon>
            <tessellate>1</tessellate>

            <outerBoundaryIs>
                <LinearRing>
                    <coordinates>
                        87.8178503959766,23.23698657788233,0
                        87.73180957646785,23.569247986100986,0
                        88.37491042353214,23.845692013899015,0
                        88.51404960402338,23.309833422117666,0
                        87.8178503959766,23.23698657788233,0
                    </coordinates>
                </LinearRing>
            </outerBoundaryIs>

        </Polygon>

    </Placemark>
    
    <Placemark>

        <Style>
            <LineStyle>
                <width>0</width>
            </LineStyle>

            <PolyStyle>
                <color>d9ff1100</color>
                <outline>0</outline>
            </PolyStyle>
        </Style>

        <Polygon>
            <tessellate>1</tessellate>

            <outerBoundaryIs>
                <LinearRing>
                    <coordinates>
                        87.73180957646785,23.569247986100986,0
                        87.46480229893398,23.99424625178015,0
                        88.00847770106601,24.43517374821985,0
                        88.37491042353214,23.845692013899015,0
                        87.73180957646785,23.569247986100986,0
                    </coordinates>
                </LinearRing>
            </outerBoundaryIs>

        </Polygon>

    </Placemark>
    
    <Placemark>

        <Style>
            <LineStyle>
                <width>0</width>
            </LineStyle>

            <PolyStyle>
                <color>d9ff1700</color>
                <outline>0</outline>
            </PolyStyle>
        </Style>

        <Polygon>
            <tessellate>1</tessellate>

            <outerBoundaryIs>
                <LinearRing>
                    <coordinates>
                        87.46480229893398,23.99424625178015,0
                        87.08438893647444,24.35827808269769,0
                        87.52597106352555,24.90142191730231,0
                        88.00847770106601,24.43517374821985,0
                        87.46480229893398,23.99424625178015,0
                    </coordinates>
                </LinearRing>
            </outerBoundaryIs>

        </Polygon>

    </Placemark>
    
    <Placemark>

        <Style>
            <LineStyle>
                <width>0</width>
            </LineStyle>

            <PolyStyle>
                <color>d9ff1d00</color>
                <outline>0</outline>
            </PolyStyle>
        </Style>

        <Polygon>
            <tessellate>1</tessellate>

            <outerBoundaryIs>
                <LinearRing>
                    <coordinates>
                        87.08438893647444,24.35827808269769,0
                        86.6357564397314,24.664426041830257,0
                        86.98452356026861,25.271353958169744,0
                        87.52597106352555,24.90142191730231,0
                        87.08438893647444,24.35827808269769,0
                    </coordinates>
                </LinearRing>
            </outerBoundaryIs>

        </Polygon>

    </Placemark>
    
    <Placemark>

        <Style>
            <LineStyle>
                <width>0</width>
            </LineStyle>

            <PolyStyle>
                <color>d9ff2300</color>
                <outline>0</outline>
            </PolyStyle>
        </Style>

        <Polygon>
            <tessellate>1</tessellate>

            <outerBoundaryIs>
                <LinearRing>
                    <coordinates>
                        86.6357564397314,24.664426041830257,0
                        86.13145110033139,24.90347727783831,0
                        86.40596889966861,25.54740272216169,0
                        86.98452356026861,25.271353958169744,0
                        86.6357564397314,24.664426041830257,0
                    </coordinates>
                </LinearRing>
            </outerBoundaryIs>

        </Polygon>

    </Placemark>
    
    <Placemark>

        <Style>
            <LineStyle>
                <width>0</width>
            </LineStyle>

            <PolyStyle>
                <color>d9ff2900</color>
                <outline>0</outline>
            </PolyStyle>
        </Style>

        <Polygon>
            <tessellate>1</tessellate>

            <outerBoundaryIs>
                <LinearRing>
                    <coordinates>
                        86.13145110033139,24.90347727783831,0
                        85.59025869823651,25.108160368337465,0
                        85.82502130176348,25.767619631662534,0
                        86.40596889966861,25.54740272216169,0
                        86.13145110033139,24.90347727783831,0
                    </coordinates>
                </LinearRing>
            </outerBoundaryIs>

        </Polygon>

    </Placemark>
    
    <Placemark>

        <Style>
            <LineStyle>
                <width>0</width>
            </LineStyle>

            <PolyStyle>
                <color>d9ff2f00</color>
                <outline>0</outline>
            </PolyStyle>
        </Style>

        <Polygon>
            <tessellate>1</tessellate>

            <outerBoundaryIs>
                <LinearRing>
                    <coordinates>
                        85.59025869823651,25.108160368337465,0
                        85.17334910080118,25.247208734347424,0
                        85.38823089919882,25.913411265652577,0
                        85.82502130176348,25.767619631662534,0
                        85.59025869823651,25.108160368337465,0
                    </coordinates>
                </LinearRing>
            </outerBoundaryIs>

        </Polygon>

    </Placemark>
    
    <Placemark>

        <Style>
            <LineStyle>
                <width>0</width>
            </LineStyle>

            <PolyStyle>
                <color>d9ff3500</color>
                <outline>0</outline>
            </PolyStyle>
        </Style>

        <Polygon>
            <tessellate>1</tessellate>

            <outerBoundaryIs>
                <LinearRing>
                    <coordinates>
                        85.17334910080118,25.247208734347424,0
                        84.60398094928235,25.4245556975533,0
                        84.81189905071764,26.0929643024467,0
                        85.38823089919882,25.913411265652577,0
                        85.17334910080118,25.247208734347424,0
                    </coordinates>
                </LinearRing>
            </outerBoundaryIs>

        </Polygon>

    </Placemark>
    
    <Placemark>

        <Style>
            <LineStyle>
                <width>0</width>
            </LineStyle>

            <PolyStyle>
                <color>d9ff3b00</color>
                <outline>0</outline>
            </PolyStyle>
        </Style>

        <Polygon>
            <tessellate>1</tessellate>

            <outerBoundaryIs>
                <LinearRing>
                    <coordinates>
                        84.60398094928235,25.4245556975533,0
                        84.0310933099415,25.602503873990123,0
                        84.23880669005851,26.270976126009877,0
                        84.81189905071764,26.0929643024467,0
                        84.60398094928235,25.4245556975533,0
                    </coordinates>
                </LinearRing>
            </outerBoundaryIs>

        </Polygon>

    </Placemark>
    
    <Placemark>

        <Style>
            <LineStyle>
                <width>0</width>
            </LineStyle>

            <PolyStyle>
                <color>d9ff4100</color>
                <outline>0</outline>
            </PolyStyle>
        </Style>

        <Polygon>
            <tessellate>1</tessellate>

            <outerBoundaryIs>
                <LinearRing>
                    <coordinates>
                        84.0310933099415,25.602503873990123,0
                        83.45206524194235,25.782550071053816,0
                        83.67197475805766,26.447109928946187,0
                        84.23880669005851,26.270976126009877,0
                        84.0310933099415,25.602503873990123,0
                    </coordinates>
                </LinearRing>
            </outerBoundaryIs>

        </Polygon>

    </Placemark>
    
    <Placemark>

        <Style>
            <LineStyle>
                <width>0</width>
            </LineStyle>

            <PolyStyle>
                <color>d9ff4700</color>
                <outline>0</outline>
            </PolyStyle>
        </Style>

        <Polygon>
            <tessellate>1</tessellate>

            <outerBoundaryIs>
                <LinearRing>
                    <coordinates>
                        83.45206524194235,25.782550071053816,0
                        82.87659026423096,25.984627750643124,0
                        83.11528973576905,26.642672249356874,0
                        83.67197475805766,26.447109928946187,0
                        83.45206524194235,25.782550071053816,0
                    </coordinates>
                </LinearRing>
            </outerBoundaryIs>

        </Polygon>

    </Placemark>
    
    <Placemark>

        <Style>
            <LineStyle>
                <width>0</width>
            </LineStyle>

            <PolyStyle>
                <color>d9ff4d00</color>
                <outline>0</outline>
            </PolyStyle>
        </Style>

        <Polygon>
            <tessellate>1</tessellate>

            <outerBoundaryIs>
                <LinearRing>
                    <coordinates>
                        82.87659026423096,25.984627750643124,0
                        82.44666507529365,26.145594599463394,0
                        82.70235492470636,26.797225400536604,0
                        83.11528973576905,26.642672249356874,0
                        82.87659026423096,25.984627750643124,0
                    </coordinates>
                </LinearRing>
            </outerBoundaryIs>

        </Polygon>

    </Placemark>
    
    <Placemark>

        <Style>
            <LineStyle>
                <width>0</width>
            </LineStyle>

            <PolyStyle>
                <color>d9ff5300</color>
                <outline>0</outline>
            </PolyStyle>
        </Style>

        <Polygon>
            <tessellate>1</tessellate>

            <outerBoundaryIs>
                <LinearRing>
                    <coordinates>
                        82.44666507529365,26.145594599463394,0
                        81.88089321846105,26.377939558971327,0
                        82.15812678153894,27.020700441028673,0
                        82.70235492470636,26.797225400536604,0
                        82.44666507529365,26.145594599463394,0
                    </coordinates>
                </LinearRing>
            </outerBoundaryIs>

        </Polygon>

    </Placemark>
    
    <Placemark>

        <Style>
            <LineStyle>
                <width>0</width>
            </LineStyle>

            <PolyStyle>
                <color>d9ff5800</color>
                <outline>0</outline>
            </PolyStyle>
        </Style>

        <Polygon>
            <tessellate>1</tessellate>

            <outerBoundaryIs>
                <LinearRing>
                    <coordinates>
                        81.88089321846105,26.377939558971327,0
                        81.32529518367096,26.62919856936741,0
                        81.62042481632903,27.263941430632592,0
                        82.15812678153894,27.020700441028673,0
                        81.88089321846105,26.377939558971327,0
                    </coordinates>
                </LinearRing>
            </outerBoundaryIs>

        </Polygon>

    </Placemark>
    
    <Placemark>

        <Style>
            <LineStyle>
                <width>0</width>
            </LineStyle>

            <PolyStyle>
                <color>d9ff5e00</color>
                <outline>0</outline>
            </PolyStyle>
        </Style>

        <Polygon>
            <tessellate>1</tessellate>

            <outerBoundaryIs>
                <LinearRing>
                    <coordinates>
                        81.32529518367096,26.62919856936741,0
                        80.7830631584529,26.888236119143574,0
                        81.07989684154708,27.522183880856428,0
                        81.62042481632903,27.263941430632592,0
                        81.32529518367096,26.62919856936741,0
                    </coordinates>
                </LinearRing>
            </outerBoundaryIs>

        </Polygon>

    </Placemark>
    
    <Placemark>

        <Style>
            <LineStyle>
                <width>0</width>
            </LineStyle>

            <PolyStyle>
                <color>d9ff6400</color>
                <outline>0</outline>
            </PolyStyle>
        </Style>

        <Polygon>
            <tessellate>1</tessellate>

            <outerBoundaryIs>
                <LinearRing>
                    <coordinates>
                        80.7830631584529,26.888236119143574,0
                        80.24196013768157,27.136482028822986,0
                        80.53029986231842,27.774337971177015,0
                        81.07989684154708,27.522183880856428,0
                        80.7830631584529,26.888236119143574,0
                    </coordinates>
                </LinearRing>
            </outerBoundaryIs>

        </Polygon>

    </Placemark>
    
    <Placemark>

        <Style>
            <LineStyle>
                <width>0</width>
            </LineStyle>

            <PolyStyle>
                <color>d9ff6a00</color>
                <outline>0</outline>
            </PolyStyle>
        </Style>

        <Polygon>
            <tessellate>1</tessellate>

            <outerBoundaryIs>
                <LinearRing>
                    <coordinates>
                        80.24196013768157,27.136482028822986,0
                        79.70482822836404,27.375835926084385,0
                        79.97127177163595,28.023144073915617,0
                        80.53029986231842,27.774337971177015,0
                        80.24196013768157,27.136482028822986,0
                    </coordinates>
                </LinearRing>
            </outerBoundaryIs>

        </Polygon>

    </Placemark>
    
    <Placemark>

        <Style>
            <LineStyle>
                <width>0</width>
            </LineStyle>

            <PolyStyle>
                <color>d9ff7000</color>
                <outline>0</outline>
            </PolyStyle>
        </Style>

        <Polygon>
            <tessellate>1</tessellate>

            <outerBoundaryIs>
                <LinearRing>
                    <coordinates>
                        79.70482822836404,27.375835926084385,0
                        79.30638368837556,27.52685980386855,0
                        79.52821631162443,28.190780196131453,0
                        79.97127177163595,28.023144073915617,0
                        79.70482822836404,27.375835926084385,0
                    </coordinates>
                </LinearRing>
            </outerBoundaryIs>

        </Polygon>

    </Placemark>
    
    <Placemark>

        <Style>
            <LineStyle>
                <width>0</width>
            </LineStyle>

            <PolyStyle>
                <color>d9ff7600</color>
                <outline>0</outline>
            </PolyStyle>
        </Style>

        <Polygon>
            <tessellate>1</tessellate>

            <outerBoundaryIs>
                <LinearRing>
                    <coordinates>
                        79.30638368837556,27.52685980386855,0
                        78.75808220127237,27.686316857712672,0
                        78.92459779872763,28.36622314228733,0
                        79.52821631162443,28.190780196131453,0
                        79.30638368837556,27.52685980386855,0
                    </coordinates>
                </LinearRing>
            </outerBoundaryIs>

        </Polygon>

    </Placemark>
    
    <Placemark>

        <Style>
            <LineStyle>
                <width>0</width>
            </LineStyle>

            <PolyStyle>
                <color>d9ff7c00</color>
                <outline>0</outline>
            </PolyStyle>
        </Style>

        <Polygon>
            <tessellate>1</tessellate>

            <outerBoundaryIs>
                <LinearRing>
                    <coordinates>
                        78.75808220127237,27.686316857712672,0
                        78.21869886163643,27.79560448981263,0
                        78.28810113836357,28.49215551018737,0
                        78.92459779872763,28.36622314228733,0
                        78.75808220127237,27.686316857712672,0
                    </coordinates>
                </LinearRing>
            </outerBoundaryIs>

        </Polygon>

    </Placemark>
    
    <Placemark>

        <Style>
            <LineStyle>
                <width>0</width>
            </LineStyle>

            <PolyStyle>
                <color>d9ff8200</color>
                <outline>0</outline>
            </PolyStyle>
        </Style>

        <Polygon>
            <tessellate>1</tessellate>

            <outerBoundaryIs>
                <LinearRing>
                    <coordinates>
                        78.21869886163643,27.79560448981263,0
                        77.71252951302355,27.79930887194956,0
                        77.59797048697644,28.489871128050442,0
                        78.28810113836357,28.49215551018737,0
                        78.21869886163643,27.79560448981263,0
                    </coordinates>
                </LinearRing>
            </outerBoundaryIs>

        </Polygon>

    </Placemark>
    
    <Placemark>

        <Style>
            <LineStyle>
                <width>0</width>
            </LineStyle>

            <PolyStyle>
                <color>d9ff8800</color>
                <outline>0</outline>
            </PolyStyle>
        </Style>

        <Polygon>
            <tessellate>1</tessellate>

            <outerBoundaryIs>
                <LinearRing>
                    <coordinates>
                        77.71252951302355,27.79930887194956,0
                        77.26364266096536,27.647071536770763,0
                        76.91663733903465,28.255008463229235,0
                        77.59797048697644,28.489871128050442,0
                        77.71252951302355,27.79930887194956,0
                    </coordinates>
                </LinearRing>
            </outerBoundaryIs>

        </Polygon>

    </Placemark>
    
    <Placemark>

        <Style>
            <LineStyle>
                <width>0</width>
            </LineStyle>

            <PolyStyle>
                <color>d9ff8e00</color>
                <outline>0</outline>
            </PolyStyle>
        </Style>

        <Polygon>
            <tessellate>1</tessellate>

            <outerBoundaryIs>
                <LinearRing>
                    <coordinates>
                        77.26364266096536,27.647071536770763,0
                        77.0429105643524,27.467876584498708,0
                        76.45944943564761,27.85462341550129,0
                        76.91663733903465,28.255008463229235,0
                        77.26364266096536,27.647071536770763,0
                    </coordinates>
                </LinearRing>
            </outerBoundaryIs>

        </Polygon>

    </Placemark>
    
    <Placemark>

        <Style>
            <LineStyle>
                <width>0</width>
            </LineStyle>

            <PolyStyle>
                <color>d9ff9400</color>
                <outline>0</outline>
            </PolyStyle>
        </Style>

        <Polygon>
            <tessellate>1</tessellate>

            <outerBoundaryIs>
                <LinearRing>
                    <coordinates>
                        77.0429105643524,27.467876584498708,0
                        76.92183624434195,27.079035458951626,0
                        76.22282375565804,27.116204541048372,0
                        76.45944943564761,27.85462341550129,0
                        77.0429105643524,27.467876584498708,0
                    </coordinates>
                </LinearRing>
            </outerBoundaryIs>

        </Polygon>

    </Placemark>
    
    <Placemark>

        <Style>
            <LineStyle>
                <width>0</width>
            </LineStyle>

            <PolyStyle>
                <color>d9ff9a00</color>
                <outline>0</outline>
            </PolyStyle>
        </Style>

        <Polygon>
            <tessellate>1</tessellate>

            <outerBoundaryIs>
                <LinearRing>
                    <coordinates>
                        76.92183624434195,27.079035458951626,0
                        77.01839767143551,26.638175049071833,0
                        76.3643223285645,26.38880495092817,0
                        76.22282375565804,27.116204541048372,0
                        76.92183624434195,27.079035458951626,0
                    </coordinates>
                </LinearRing>
            </outerBoundaryIs>

        </Polygon>

    </Placemark>
    
    <Placemark>

        <Style>
            <LineStyle>
                <width>0</width>
            </LineStyle>

            <PolyStyle>
                <color>d9ffa000</color>
                <outline>0</outline>
            </PolyStyle>
        </Style>

        <Polygon>
            <tessellate>1</tessellate>

            <outerBoundaryIs>
                <LinearRing>
                    <coordinates>
                        77.01839767143551,26.638175049071833,0
                        77.2806798084577,26.19512577779897,0
                        76.70454019154229,25.79755422220103,0
                        76.3643223285645,26.38880495092817,0
                        77.01839767143551,26.638175049071833,0
                    </coordinates>
                </LinearRing>
            </outerBoundaryIs>

        </Polygon>

    </Placemark>
    
    <Placemark>

        <Style>
            <LineStyle>
                <width>0</width>
            </LineStyle>

            <PolyStyle>
                <color>d9ffa600</color>
                <outline>0</outline>
            </PolyStyle>
        </Style>

        <Polygon>
            <tessellate>1</tessellate>

            <outerBoundaryIs>
                <LinearRing>
                    <coordinates>
                        77.2806798084577,26.19512577779897,0
                        77.63526798948612,25.758536287917085,0
                        77.10473201051389,25.301883712082915,0
                        76.70454019154229,25.79755422220103,0
                        77.2806798084577,26.19512577779897,0
                    </coordinates>
                </LinearRing>
            </outerBoundaryIs>

        </Polygon>

    </Placemark>
    
    <Placemark>

        <Style>
            <LineStyle>
                <width>0</width>
            </LineStyle>

            <PolyStyle>
                <color>d9ffab00</color>
                <outline>0</outline>
            </PolyStyle>
        </Style>

        <Polygon>
            <tessellate>1</tessellate>

            <outerBoundaryIs>
                <LinearRing>
                    <coordinates>
                        77.63526798948612,25.758536287917085,0
                        78.02647220725841,25.33082397735444,0
                        77.5233277927416,24.844156022645556,0
                        77.10473201051389,25.301883712082915,0
                        77.63526798948612,25.758536287917085,0
                    </coordinates>
                </LinearRing>
            </outerBoundaryIs>

        </Polygon>

    </Placemark>
    
    <Placemark>

        <Style>
            <LineStyle>
                <width>0</width>
            </LineStyle>

            <PolyStyle>
                <color>d9ffb100</color>
                <outline>0</outline>
            </PolyStyle>
        </Style>

        <Polygon>
            <tessellate>1</tessellate>

            <outerBoundaryIs>
                <LinearRing>
                    <coordinates>
                        78.02647220725841,25.33082397735444,0
                        78.325965009326,25.03734904549542,0
                        77.867254990674,24.50859095450458,0
                        77.5233277927416,24.844156022645556,0
                        78.02647220725841,25.33082397735444,0
                    </coordinates>
                </LinearRing>
            </outerBoundaryIs>

        </Polygon>

    </Placemark>
    
    <Placemark>

        <Style>
            <LineStyle>
                <width>0</width>
            </LineStyle>

            <PolyStyle>
                <color>d9ffb700</color>
                <outline>0</outline>
            </PolyStyle>
        </Style>

        <Polygon>
            <tessellate>1</tessellate>

            <outerBoundaryIs>
                <LinearRing>
                    <coordinates>
                        78.325965009326,25.03734904549542,0
                        78.76735103193293,24.698189053446765,0
                        78.37634896806706,24.117570946553233,0
                        77.867254990674,24.50859095450458,0
                        78.325965009326,25.03734904549542,0
                    </coordinates>
                </LinearRing>
            </outerBoundaryIs>

        </Polygon>

    </Placemark>
    
    <Placemark>

        <Style>
            <LineStyle>
                <width>0</width>
            </LineStyle>

            <PolyStyle>
                <color>d9ffbd00</color>
                <outline>0</outline>
            </PolyStyle>
        </Style>

        <Polygon>
            <tessellate>1</tessellate>

            <outerBoundaryIs>
                <LinearRing>
                    <coordinates>
                        78.76735103193293,24.698189053446765,0
                        79.25455519629438,24.413036709726644,0
                        78.92414480370562,23.795923290273354,0
                        78.37634896806706,24.117570946553233,0
                        78.76735103193293,24.698189053446765,0
                    </coordinates>
                </LinearRing>
            </outerBoundaryIs>

        </Polygon>

    </Placemark>
    
    <Placemark>

        <Style>
            <LineStyle>
                <width>0</width>
            </LineStyle>

            <PolyStyle>
                <color>d9ffc300</color>
                <outline>0</outline>
            </PolyStyle>
        </Style>

        <Polygon>
            <tessellate>1</tessellate>

            <outerBoundaryIs>
                <LinearRing>
                    <coordinates>
                        79.25455519629438,24.413036709726644,0
                        79.76643300772533,24.16379164761101,0
                        79.49078699227466,23.52034835238899,0
                        78.92414480370562,23.795923290273354,0
                        79.25455519629438,24.413036709726644,0
                    </coordinates>
                </LinearRing>
            </outerBoundaryIs>

        </Polygon>

    </Placemark>
    
    <Placemark>

        <Style>
            <LineStyle>
                <width>0</width>
            </LineStyle>

            <PolyStyle>
                <color>d9ffc900</color>
                <outline>0</outline>
            </PolyStyle>
        </Style>

        <Polygon>
            <tessellate>1</tessellate>

            <outerBoundaryIs>
                <LinearRing>
                    <coordinates>
                        79.76643300772533,24.16379164761101,0
                        80.30618571292923,23.963072779494755,0
                        80.07535428707077,23.302227220505248,0
                        79.49078699227466,23.52034835238899,0
                        79.76643300772533,24.16379164761101,0
                    </coordinates>
                </LinearRing>
            </outerBoundaryIs>

        </Polygon>

    </Placemark>
    
    <Placemark>

        <Style>
            <LineStyle>
                <width>0</width>
            </LineStyle>

            <PolyStyle>
                <color>d9ffcf00</color>
                <outline>0</outline>
            </PolyStyle>
        </Style>

        <Polygon>
            <tessellate>1</tessellate>

            <outerBoundaryIs>
                <LinearRing>
                    <coordinates>
                        80.30618571292923,23.963072779494755,0
                        80.7226110010238,23.827196343646225,0
                        80.51444899897622,23.158863656353777,0
                        80.07535428707077,23.302227220505248,0
                        80.30618571292923,23.963072779494755,0
                    </coordinates>
                </LinearRing>
            </outerBoundaryIs>

        </Polygon>

    </Placemark>
    
    <Placemark>

        <Style>
            <LineStyle>
                <width>0</width>
            </LineStyle>

            <PolyStyle>
                <color>d9ffd500</color>
                <outline>0</outline>
            </PolyStyle>
        </Style>

        <Polygon>
            <tessellate>1</tessellate>

            <outerBoundaryIs>
                <LinearRing>
                    <coordinates>
                        80.7226110010238,23.827196343646225,0
                        81.29891570004773,23.656213414576435,0
                        81.08856429995228,22.988566585423563,0
                        80.51444899897622,23.158863656353777,0
                        80.7226110010238,23.827196343646225,0
                    </coordinates>
                </LinearRing>
            </outerBoundaryIs>

        </Polygon>

    </Placemark>
    
    <Placemark>

        <Style>
            <LineStyle>
                <width>0</width>
            </LineStyle>

            <PolyStyle>
                <color>d9ffdb00</color>
                <outline>0</outline>
            </PolyStyle>
        </Style>

        <Polygon>
            <tessellate>1</tessellate>

            <outerBoundaryIs>
                <LinearRing>
                    <coordinates>
                        81.29891570004773,23.656213414576435,0
                        81.87283091924084,23.46476789008556,0
                        81.65290908075917,22.80021210991444,0
                        81.08856429995228,22.988566585423563,0
                        81.29891570004773,23.656213414576435,0
                    </coordinates>
                </LinearRing>
            </outerBoundaryIs>

        </Polygon>

    </Placemark>
    
    <Placemark>

        <Style>
            <LineStyle>
                <width>0</width>
            </LineStyle>

            <PolyStyle>
                <color>d9ffe100</color>
                <outline>0</outline>
            </PolyStyle>
        </Style>

        <Polygon>
            <tessellate>1</tessellate>

            <outerBoundaryIs>
                <LinearRing>
                    <coordinates>
                        81.87283091924084,23.46476789008556,0
                        82.41654339368434,23.285271238989402,0
                        82.24911660631567,22.6055887610106,0
                        81.65290908075917,22.80021210991444,0
                        81.87283091924084,23.46476789008556,0
                    </coordinates>
                </LinearRing>
            </outerBoundaryIs>

        </Polygon>

    </Placemark>
    
    <Placemark>

        <Style>
            <LineStyle>
                <width>0</width>
            </LineStyle>

            <PolyStyle>
                <color>d9ffe700</color>
                <outline>0</outline>
            </PolyStyle>
        </Style>

        <Polygon>
            <tessellate>1</tessellate>

            <outerBoundaryIs>
                <LinearRing>
                    <coordinates>
                        82.41654339368434,23.285271238989402,0
                        82.95309710542608,23.19525888713331,0
                        82.89396289457392,22.497761112866687,0
                        82.24911660631567,22.6055887610106,0
                        82.41654339368434,23.285271238989402,0
                    </coordinates>
                </LinearRing>
            </outerBoundaryIs>

        </Polygon>

    </Placemark>
    
    <Placemark>

        <Style>
            <LineStyle>
                <width>0</width>
            </LineStyle>

            <PolyStyle>
                <color>d9ffed00</color>
                <outline>0</outline>
            </PolyStyle>
        </Style>

        <Polygon>
            <tessellate>1</tessellate>

            <outerBoundaryIs>
                <LinearRing>
                    <coordinates>
                        82.95309710542608,23.19525888713331,0
                        83.51843745758947,23.194534104471565,0
                        83.52846254241052,22.494605895528437,0
                        82.89396289457392,22.497761112866687,0
                        82.95309710542608,23.19525888713331,0
                    </coordinates>
                </LinearRing>
            </outerBoundaryIs>

        </Polygon>

    </Placemark>
    
    <Placemark>

        <Style>
            <LineStyle>
                <width>0</width>
            </LineStyle>

            <PolyStyle>
                <color>d9fff300</color>
                <outline>0</outline>
            </PolyStyle>
        </Style>

        <Polygon>
            <tessellate>1</tessellate>

            <outerBoundaryIs>
                <LinearRing>
                    <coordinates>
                        83.51843745758947,23.194534104471565,0
                        83.94168372396531,23.20749356630517,0
                        84.00459627603469,22.510326433694832,0
                        83.52846254241052,22.494605895528437,0
                        83.51843745758947,23.194534104471565,0
                    </coordinates>
                </LinearRing>
            </outerBoundaryIs>

        </Polygon>

    </Placemark>
    
    <Placemark>

        <Style>
            <LineStyle>
                <width>0</width>
            </LineStyle>

            <PolyStyle>
                <color>d9fff900</color>
                <outline>0</outline>
            </PolyStyle>
        </Style>

        <Polygon>
            <tessellate>1</tessellate>

            <outerBoundaryIs>
                <LinearRing>
                    <coordinates>
                        83.94168372396531,23.20749356630517,0
                        83.92464406103431,23.205548601120395,0
                        84.02794601692085,22.51321291237539,0
                        84.00459627603469,22.510326433694832,0
                        83.94168372396531,23.20749356630517,0
                    </coordinates>
                </LinearRing>
            </outerBoundaryIs>

        </Polygon>

    </Placemark>
    
    <Placemark>

        <Style>
            <LineStyle>
                <width>0</width>
            </LineStyle>

            <PolyStyle>
                <color>d9ffff00</color>
                <outline>0</outline>
            </PolyStyle>
        </Style>

        <Polygon>

            <outerBoundaryIs>
                <LinearRing>
                    <coordinates>
                        85.10384,23.19713,0
                        83.93614462553337,23.473693758379905,0
                        83.92464406103431,23.205548601120395,0
                        84.02794601692085,22.51321291237539,0
                        84.28048107224359,22.324158021020263,0
                        85.10384,23.19713,0
                    </coordinates>
                </LinearRing>
            </outerBoundaryIs>

        </Polygon>

    </Placemark>
    
    <Placemark>

        <Style>
            <LineStyle>
                <width>0</width>
            </LineStyle>

            <PolyStyle>
                <color>d9ff0000</color>
                <outline>0</outline>
            </PolyStyle>
        </Style>

        <Polygon>
            <tessellate>1</tessellate>

            <outerBoundaryIs>
                <LinearRing>
                    <coordinates>
                        52.03022417579689,10.57887822211923,0
                        52.44611147471218,10.75092502086807,0
                        52.71356852528781,10.104034979131928,0
                        52.29781134995055,9.932041995375194,0
                        52.03022417579689,10.57887822211923,0
                    </coordinates>
                </LinearRing>
            </outerBoundaryIs>

        </Polygon>

    </Placemark>
    
    <Placemark>

        <Style>
            <LineStyle>
                <width>0</width>
            </LineStyle>

            <PolyStyle>
                <color>d9ff0500</color>
                <outline>0</outline>
            </PolyStyle>
        </Style>

        <Polygon>
            <tessellate>1</tessellate>

            <outerBoundaryIs>
                <LinearRing>
                    <coordinates>
                        52.44611147471218,10.75092502086807,0
                        53.140089813039936,11.037686257129575,0
                        53.405890186960065,10.390113742870426,0
                        52.71356852528781,10.104034979131928,0
                        52.44611147471218,10.75092502086807,0
                    </coordinates>
                </LinearRing>
            </outerBoundaryIs>

        </Polygon>

    </Placemark>
    
    <Placemark>

        <Style>
            <LineStyle>
                <width>0</width>
            </LineStyle>

            <PolyStyle>
                <color>d9ff0b00</color>
                <outline>0</outline>
            </PolyStyle>
        </Style>

        <Polygon>
            <tessellate>1</tessellate>

            <outerBoundaryIs>
                <LinearRing>
                    <coordinates>
                        53.140089813039936,11.037686257129575,0
                        53.6974263845448,11.26491361469946,0
                        53.9597536154552,10.61592638530054,0
                        53.405890186960065,10.390113742870426,0
                        53.140089813039936,11.037686257129575,0
                    </coordinates>
                </LinearRing>
            </outerBoundaryIs>

        </Polygon>

    </Placemark>
    
    <Placemark>

        <Style>
            <LineStyle>
                <width>0</width>
            </LineStyle>

            <PolyStyle>
                <color>d9ff1100</color>
                <outline>0</outline>
            </PolyStyle>
        </Style>

        <Polygon>
            <tessellate>1</tessellate>

            <outerBoundaryIs>
                <LinearRing>
                    <coordinates>
                        53.6974263845448,11.26491361469946,0
                        54.25654298999265,11.488964950861897,0
                        54.51451701000735,10.838235049138104,0
                        53.9597536154552,10.61592638530054,0
                        53.6974263845448,11.26491361469946,0
                    </coordinates>
                </LinearRing>
            </outerBoundaryIs>

        </Polygon>

    </Placemark>
    
    <Placemark>

        <Style>
            <LineStyle>
                <width>0</width>
            </LineStyle>

            <PolyStyle>
                <color>d9ff1700</color>
                <outline>0</outline>
            </PolyStyle>
        </Style>

        <Polygon>
            <tessellate>1</tessellate>

            <outerBoundaryIs>
                <LinearRing>
                    <coordinates>
                        54.25654298999265,11.488964950861897,0
                        54.95646647000698,11.763451221237963,0
                        55.211053529993016,11.111388778762036,0
                        54.51451701000735,10.838235049138104,0
                        54.25654298999265,11.488964950861897,0
                    </coordinates>
                </LinearRing>
            </outerBoundaryIs>

        </Polygon>

    </Placemark>
    
    <Placemark>

        <Style>
            <LineStyle>
                <width>0</width>
            </LineStyle>

            <PolyStyle>
                <color>d9ff1d00</color>
                <outline>0</outline>
            </PolyStyle>
        </Style>

        <Polygon>
            <tessellate>1</tessellate>

            <outerBoundaryIs>
                <LinearRing>
                    <coordinates>
                        54.95646647000698,11.763451221237963,0
                        55.51684470493717,11.98127333968888,0
                        55.76915529506283,11.32832666031112,0
                        55.211053529993016,11.111388778762036,0
                        54.95646647000698,11.763451221237963,0
                    </coordinates>
                </LinearRing>
            </outerBoundaryIs>

        </Polygon>

    </Placemark>
    
    <Placemark>

        <Style>
            <LineStyle>
                <width>0</width>
            </LineStyle>

            <PolyStyle>
                <color>d9ff2300</color>
                <outline>0</outline>
            </PolyStyle>
        </Style>

        <Polygon>
            <tessellate>1</tessellate>

            <outerBoundaryIs>
                <LinearRing>
                    <coordinates>
                        55.51684470493717,11.98127333968888,0
                        56.21916502494493,12.251055083916244,0
                        56.46707497505507,11.596424916083757,0
                        55.76915529506283,11.32832666031112,0
                        55.51684470493717,11.98127333968888,0
                    </coordinates>
                </LinearRing>
            </outerBoundaryIs>

        </Polygon>

    </Placemark>
    
    <Placemark>

        <Style>
            <LineStyle>
                <width>0</width>
            </LineStyle>

            <PolyStyle>
                <color>d9ff2900</color>
                <outline>0</outline>
            </PolyStyle>
        </Style>

        <Polygon>
            <tessellate>1</tessellate>

            <outerBoundaryIs>
                <LinearRing>
                    <coordinates>
                        56.21916502494493,12.251055083916244,0
                        56.784806948684235,12.462200930850706,0
                        57.02565305131577,11.804939069149295,0
                        56.46707497505507,11.596424916083757,0
                        56.21916502494493,12.251055083916244,0
                    </coordinates>
                </LinearRing>
            </outerBoundaryIs>

        </Polygon>

    </Placemark>
    
    <Placemark>

        <Style>
            <LineStyle>
                <width>0</width>
            </LineStyle>

            <PolyStyle>
                <color>d9ff2f00</color>
                <outline>0</outline>
            </PolyStyle>
        </Style>

        <Polygon>
            <tessellate>1</tessellate>

            <outerBoundaryIs>
                <LinearRing>
                    <coordinates>
                        56.784806948684235,12.462200930850706,0
                        57.35386868714678,12.666841697329854,0
                        57.585791312853225,12.006378302670146,0
                        57.02565305131577,11.804939069149295,0
                        56.784806948684235,12.462200930850706,0
                    </coordinates>
                </LinearRing>
            </outerBoundaryIs>

        </Polygon>

    </Placemark>
    
    <Placemark>

        <Style>
            <LineStyle>
                <width>0</width>
            </LineStyle>

            <PolyStyle>
                <color>d9ff3500</color>
                <outline>0</outline>
            </PolyStyle>
        </Style>

        <Polygon>
            <tessellate>1</tessellate>

            <outerBoundaryIs>
                <LinearRing>
                    <coordinates>
                        57.35386868714678,12.666841697329854,0
                        58.068422925414396,12.911739963535629,0
                        58.290197074585606,12.24780003646437,0
                        57.585791312853225,12.006378302670146,0
                        57.35386868714678,12.666841697329854,0
                    </coordinates>
                </LinearRing>
            </outerBoundaryIs>

        </Polygon>

    </Placemark>
    
    <Placemark>

        <Style>
            <LineStyle>
                <width>0</width>
            </LineStyle>

            <PolyStyle>
                <color>d9ff3b00</color>
                <outline>0</outline>
            </PolyStyle>
        </Style>

        <Polygon>
            <tessellate>1</tessellate>

            <outerBoundaryIs>
                <LinearRing>
                    <coordinates>
                        58.068422925414396,12.911739963535629,0
                        58.6439403857772,13.0989981222749,0
                        58.8557796142228,12.431821877725099,0
                        58.290197074585606,12.24780003646437,0
                        58.068422925414396,12.911739963535629,0
                    </coordinates>
                </LinearRing>
            </outerBoundaryIs>

        </Polygon>

    </Placemark>
    
    <Placemark>

        <Style>
            <LineStyle>
                <width>0</width>
            </LineStyle>

            <PolyStyle>
                <color>d9ff4100</color>
                <outline>0</outline>
            </PolyStyle>
        </Style>

        <Polygon>
            <tessellate>1</tessellate>

            <outerBoundaryIs>
                <LinearRing>
                    <coordinates>
                        58.6439403857772,13.0989981222749,0
                        59.222140682451915,13.278062798084298,0
                        59.423859317548086,12.607757201915701,0
                        58.8557796142228,12.431821877725099,0
                        58.6439403857772,13.0989981222749,0
                    </coordinates>
                </LinearRing>
            </outerBoundaryIs>

        </Polygon>

    </Placemark>
    
    <Placemark>

        <Style>
            <LineStyle>
                <width>0</width>
            </LineStyle>

            <PolyStyle>
                <color>d9ff4700</color>
                <outline>0</outline>
            </PolyStyle>
        </Style>

        <Polygon>
            <tessellate>1</tessellate>

            <outerBoundaryIs>
                <LinearRing>
                    <coordinates>
                        59.222140682451915,13.278062798084298,0
                        59.94755044004788,13.490037390047394,0
                        60.13820955995212,12.816502609952604,0
                        59.423859317548086,12.607757201915701,0
                        59.222140682451915,13.278062798084298,0
                    </coordinates>
                </LinearRing>
            </outerBoundaryIs>

        </Polygon>

    </Placemark>
    
    <Placemark>

        <Style>
            <LineStyle>
                <width>0</width>
            </LineStyle>

            <PolyStyle>
                <color>d9ff4d00</color>
                <outline>0</outline>
            </PolyStyle>
        </Style>

        <Polygon>
            <tessellate>1</tessellate>

            <outerBoundaryIs>
                <LinearRing>
                    <coordinates>
                        59.94755044004788,13.490037390047394,0
                        60.531960585215224,13.650149676595166,0
                        60.711139414784775,12.973470323404833,0
                        60.13820955995212,12.816502609952604,0
                        59.94755044004788,13.490037390047394,0
                    </coordinates>
                </LinearRing>
            </outerBoundaryIs>

        </Polygon>

    </Placemark>
    
    <Placemark>

        <Style>
            <LineStyle>
                <width>0</width>
            </LineStyle>

            <PolyStyle>
                <color>d9ff5300</color>
                <outline>0</outline>
            </PolyStyle>
        </Style>

        <Polygon>
            <tessellate>1</tessellate>

            <outerBoundaryIs>
                <LinearRing>
                    <coordinates>
                        60.531960585215224,13.650149676595166,0
                        61.11982051035608,13.800428976130734,0
                        61.28587948964392,13.120411023869265,0
                        60.711139414784775,12.973470323404833,0
                        60.531960585215224,13.650149676595166,0
                    </coordinates>
                </LinearRing>
            </outerBoundaryIs>

        </Polygon>

    </Placemark>
    
    <Placemark>

        <Style>
            <LineStyle>
                <width>0</width>
            </LineStyle>

            <PolyStyle>
                <color>d9ff5800</color>
                <outline>0</outline>
            </PolyStyle>
        </Style>

        <Polygon>
            <tessellate>1</tessellate>

            <outerBoundaryIs>
                <LinearRing>
                    <coordinates>
                        61.11982051035608,13.800428976130734,0
                        61.85803848306015,13.97228458306844,0
                        62.00854151693985,13.288655416931562,0
                        61.28587948964392,13.120411023869265,0
                        61.11982051035608,13.800428976130734,0
                    </coordinates>
                </LinearRing>
            </outerBoundaryIs>

        </Polygon>

    </Placemark>
    
    <Placemark>

        <Style>
            <LineStyle>
                <width>0</width>
            </LineStyle>

            <PolyStyle>
                <color>d9ff5e00</color>
                <outline>0</outline>
            </PolyStyle>
        </Style>

        <Polygon>
            <tessellate>1</tessellate>

            <outerBoundaryIs>
                <LinearRing>
                    <coordinates>
                        61.85803848306015,13.97228458306844,0
                        62.45397209608505,14.09597858979052,0
                        62.58754790391495,13.40884141020948,0
                        62.00854151693985,13.288655416931562,0
                        61.85803848306015,13.97228458306844,0
                    </coordinates>
                </LinearRing>
            </outerBoundaryIs>

        </Polygon>

    </Placemark>
    
    <Placemark>

        <Style>
            <LineStyle>
                <width>0</width>
            </LineStyle>

            <PolyStyle>
                <color>d9ff6400</color>
                <outline>0</outline>
            </PolyStyle>
        </Style>

        <Polygon>
            <tessellate>1</tessellate>

            <outerBoundaryIs>
                <LinearRing>
                    <coordinates>
                        62.45397209608505,14.09597858979052,0
                        63.2004687854346,14.231310212282542,0
                        63.3169512145654,13.541069787717456,0
                        62.58754790391495,13.40884141020948,0
                        62.45397209608505,14.09597858979052,0
                    </coordinates>
                </LinearRing>
            </outerBoundaryIs>

        </Polygon>

    </Placemark>
    
    <Placemark>

        <Style>
            <LineStyle>
                <width>0</width>
            </LineStyle>

            <PolyStyle>
                <color>d9ff6a00</color>
                <outline>0</outline>
            </PolyStyle>
        </Style>

        <Polygon>
            <tessellate>1</tessellate>

            <outerBoundaryIs>
                <LinearRing>
                    <coordinates>
                        63.2004687854346,14.231310212282542,0
                        63.80113979188648,14.32518797874275,0
                        63.901860208113526,13.63247202125725,0
                        63.3169512145654,13.541069787717456,0
                        63.2004687854346,14.231310212282542,0
                    </coordinates>
                </LinearRing>
            </outerBoundaryIs>

        </Polygon>

    </Placemark>
    
    <Placemark>

        <Style>
            <LineStyle>
                <width>0</width>
            </LineStyle>

            <PolyStyle>
                <color>d9ff7000</color>
                <outline>0</outline>
            </PolyStyle>
        </Style>

        <Polygon>
            <tessellate>1</tessellate>

            <outerBoundaryIs>
                <LinearRing>
                    <coordinates>
                        63.80113979188648,14.32518797874275,0
                        64.40364245058265,14.406251583204286,0
                        64.48861754941734,13.711428416795714,0
                        63.901860208113526,13.63247202125725,0
                        63.80113979188648,14.32518797874275,0
                    </coordinates>
                </LinearRing>
            </outerBoundaryIs>

        </Polygon>

    </Placemark>
    
    <Placemark>

        <Style>
            <LineStyle>
                <width>0</width>
            </LineStyle>

            <PolyStyle>
                <color>d9ff7600</color>
                <outline>0</outline>
            </PolyStyle>
        </Style>

        <Polygon>
            <tessellate>1</tessellate>

            <outerBoundaryIs>
                <LinearRing>
                    <coordinates>
                        64.40364245058265,14.406251583204286,0
                        65.15751140736558,14.489235019744429,0
                        65.22570859263442,13.792564980255571,0
                        64.48861754941734,13.711428416795714,0
                        64.40364245058265,14.406251583204286,0
                    </coordinates>
                </LinearRing>
            </outerBoundaryIs>

        </Polygon>

    </Placemark>
    
    <Placemark>

        <Style>
            <LineStyle>
                <width>0</width>
            </LineStyle>

            <PolyStyle>
                <color>d9ff7c00</color>
                <outline>0</outline>
            </PolyStyle>
        </Style>

        <Polygon>
            <tessellate>1</tessellate>

            <outerBoundaryIs>
                <LinearRing>
                    <coordinates>
                        65.15751140736558,14.489235019744429,0
                        65.76334612276203,14.54117893215444,0
                        65.81545387723797,13.84312106784556,0
                        65.22570859263442,13.792564980255571,0
                        65.15751140736558,14.489235019744429,0
                    </coordinates>
                </LinearRing>
            </outerBoundaryIs>

        </Polygon>

    </Placemark>
    
    <Placemark>

        <Style>
            <LineStyle>
                <width>0</width>
            </LineStyle>

            <PolyStyle>
                <color>d9ff8200</color>
                <outline>0</outline>
            </PolyStyle>
        </Style>

        <Polygon>
            <tessellate>1</tessellate>

            <outerBoundaryIs>
                <LinearRing>
                    <coordinates>
                        65.76334612276203,14.54117893215444,0
                        66.37062489485598,14.579779463158104,0
                        66.40573510514403,13.880660536841894,0
                        65.81545387723797,13.84312106784556,0
                        65.76334612276203,14.54117893215444,0
                    </coordinates>
                </LinearRing>
            </outerBoundaryIs>

        </Polygon>

    </Placemark>
    
    <Placemark>

        <Style>
            <LineStyle>
                <width>0</width>
            </LineStyle>

            <PolyStyle>
                <color>d9ff8800</color>
                <outline>0</outline>
            </PolyStyle>
        </Style>

        <Polygon>
            <tessellate>1</tessellate>

            <outerBoundaryIs>
                <LinearRing>
                    <coordinates>
                        66.37062489485598,14.579779463158104,0
                        67.12964665896496,14.607768711665054,0
                        67.14563334103505,13.907951288334948,0
                        66.40573510514403,13.880660536841894,0
                        66.37062489485598,14.579779463158104,0
                    </coordinates>
                </LinearRing>
            </outerBoundaryIs>

        </Polygon>

    </Placemark>
    
    <Placemark>

        <Style>
            <LineStyle>
                <width>0</width>
            </LineStyle>

            <PolyStyle>
                <color>d9ff8e00</color>
                <outline>0</outline>
            </PolyStyle>
        </Style>

        <Polygon>
            <tessellate>1</tessellate>

            <outerBoundaryIs>
                <LinearRing>
                    <coordinates>
                        67.12964665896496,14.607768711665054,0
                        67.73892719045492,14.613147483655949,0
                        67.73627280954508,13.91315251634405,0
                        67.14563334103505,13.907951288334948,0
                        67.12964665896496,14.607768711665054,0
                    </coordinates>
                </LinearRing>
            </outerBoundaryIs>

        </Polygon>

    </Placemark>
    
    <Placemark>

        <Style>
            <LineStyle>
                <width>0</width>
            </LineStyle>

            <PolyStyle>
                <color>d9ff9400</color>
                <outline>0</outline>
            </PolyStyle>
        </Style>

        <Polygon>
            <tessellate>1</tessellate>

            <outerBoundaryIs>
                <LinearRing>
                    <coordinates>
                        67.73892719045492,14.613147483655949,0
                        68.34818645728309,14.603147123901799,0
                        68.3268335427169,13.903472876098203,0
                        67.73627280954508,13.91315251634405,0
                        67.73892719045492,14.613147483655949,0
                    </coordinates>
                </LinearRing>
            </outerBoundaryIs>

        </Polygon>

    </Placemark>
    
    <Placemark>

        <Style>
            <LineStyle>
                <width>0</width>
            </LineStyle>

            <PolyStyle>
                <color>d9ff9a00</color>
                <outline>0</outline>
            </PolyStyle>
        </Style>

        <Polygon>
            <tessellate>1</tessellate>

            <outerBoundaryIs>
                <LinearRing>
                    <coordinates>
                        68.34818645728309,14.603147123901799,0
                        69.10760783379475,14.569236753743061,0
                        69.06585216620526,13.87048324625694,0
                        68.3268335427169,13.903472876098203,0
                        68.34818645728309,14.603147123901799,0
                    </coordinates>
                </LinearRing>
            </outerBoundaryIs>

        </Polygon>

    </Placemark>
    
    <Placemark>

        <Style>
            <LineStyle>
                <width>0</width>
            </LineStyle>

            <PolyStyle>
                <color>d9ffa000</color>
                <outline>0</outline>
            </PolyStyle>
        </Style>

        <Polygon>
            <tessellate>1</tessellate>

            <outerBoundaryIs>
                <LinearRing>
                    <coordinates>
                        69.10760783379475,14.569236753743061,0
                        69.71663151896956,14.523620429036683,0
                        69.65342848103043,13.826479570963318,0
                        69.06585216620526,13.87048324625694,0
                        69.10760783379475,14.569236753743061,0
                    </coordinates>
                </LinearRing>
            </outerBoundaryIs>

        </Polygon>

    </Placemark>
    
    <Placemark>

        <Style>
            <LineStyle>
                <width>0</width>
            </LineStyle>

            <PolyStyle>
                <color>d9ffa600</color>
                <outline>0</outline>
            </PolyStyle>
        </Style>

        <Polygon>
            <tessellate>1</tessellate>

            <outerBoundaryIs>
                <LinearRing>
                    <coordinates>
                        69.71663151896956,14.523620429036683,0
                        70.47332099623456,14.443055042622253,0
                        70.38823900376543,13.748244957377745,0
                        69.65342848103043,13.826479570963318,0
                        69.71663151896956,14.523620429036683,0
                    </coordinates>
                </LinearRing>
            </outerBoundaryIs>

        </Polygon>

    </Placemark>
    
    <Placemark>

        <Style>
            <LineStyle>
                <width>0</width>
            </LineStyle>

            <PolyStyle>
                <color>d9ffab00</color>
                <outline>0</outline>
            </PolyStyle>
        </Style>

        <Polygon>
            <tessellate>1</tessellate>

            <outerBoundaryIs>
                <LinearRing>
                    <coordinates>
                        70.47332099623456,14.443055042622253,0
                        71.07798955194048,14.359317715053235,0
                        70.97217044805953,13.667362284946764,0
                        70.38823900376543,13.748244957377745,0
                        70.47332099623456,14.443055042622253,0
                    </coordinates>
                </LinearRing>
            </outerBoundaryIs>

        </Polygon>

    </Placemark>
    
    <Placemark>

        <Style>
            <LineStyle>
                <width>0</width>
            </LineStyle>

            <PolyStyle>
                <color>d9ffb100</color>
                <outline>0</outline>
            </PolyStyle>
        </Style>

        <Polygon>
            <tessellate>1</tessellate>

            <outerBoundaryIs>
                <LinearRing>
                    <coordinates>
                        71.07798955194048,14.359317715053235,0
                        71.67997010430479,14.25852764657939,0
                        71.5536898956952,13.57001235342061,0
                        70.97217044805953,13.667362284946764,0
                        71.07798955194048,14.359317715053235,0
                    </coordinates>
                </LinearRing>
            </outerBoundaryIs>

        </Polygon>

    </Placemark>
    
    <Placemark>

        <Style>
            <LineStyle>
                <width>0</width>
            </LineStyle>

            <PolyStyle>
                <color>d9ffb700</color>
                <outline>0</outline>
            </PolyStyle>
        </Style>

        <Polygon>
            <tessellate>1</tessellate>

            <outerBoundaryIs>
                <LinearRing>
                    <coordinates>
                        71.67997010430479,14.25852764657939,0
                        72.42596770594491,14.109709420593404,0
                        72.27863229405509,13.425390579406596,0
                        71.5536898956952,13.57001235342061,0
                        71.67997010430479,14.25852764657939,0
                    </coordinates>
                </LinearRing>
            </outerBoundaryIs>

        </Polygon>

    </Placemark>
    
    <Placemark>

        <Style>
            <LineStyle>
                <width>0</width>
            </LineStyle>

            <PolyStyle>
                <color>d9ffbd00</color>
                <outline>0</outline>
            </PolyStyle>
        </Style>

        <Polygon>
            <tessellate>1</tessellate>

            <outerBoundaryIs>
                <LinearRing>
                    <coordinates>
                        72.42596770594491,14.109709420593404,0
                        73.02014939333095,13.972335402908408,0
                        72.85357060666904,13.29244459709159,0
                        72.27863229405509,13.425390579406596,0
                        72.42596770594491,14.109709420593404,0
                    </coordinates>
                </LinearRing>
            </outerBoundaryIs>

        </Polygon>

    </Placemark>
    
    <Placemark>

        <Style>
            <LineStyle>
                <width>0</width>
            </LineStyle>

            <PolyStyle>
                <color>d9ffc300</color>
                <outline>0</outline>
            </PolyStyle>
        </Style>

        <Polygon>
            <tessellate>1</tessellate>

            <outerBoundaryIs>
                <LinearRing>
                    <coordinates>
                        73.02014939333095,13.972335402908408,0
                        73.6098727898633,13.819662315554519,0
                        73.4255072101367,13.144377684445482,0
                        72.85357060666904,13.29244459709159,0
                        73.02014939333095,13.972335402908408,0
                    </coordinates>
                </LinearRing>
            </outerBoundaryIs>

        </Polygon>

    </Placemark>
    
    <Placemark>

        <Style>
            <LineStyle>
                <width>0</width>
            </LineStyle>

            <PolyStyle>
                <color>d9ffc900</color>
                <outline>0</outline>
            </PolyStyle>
        </Style>

        <Polygon>
            <tessellate>1</tessellate>

            <outerBoundaryIs>
                <LinearRing>
                    <coordinates>
                        73.6098727898633,13.819662315554519,0
                        74.33800870902513,13.610522209994677,0
                        74.13903129097486,12.939397790005323,0
                        73.4255072101367,13.144377684445482,0
                        73.6098727898633,13.819662315554519,0
                    </coordinates>
                </LinearRing>
            </outerBoundaryIs>

        </Polygon>

    </Placemark>
    
    <Placemark>

        <Style>
            <LineStyle>
                <width>0</width>
            </LineStyle>

            <PolyStyle>
                <color>d9ffcf00</color>
                <outline>0</outline>
            </PolyStyle>
        </Style>

        <Polygon>
            <tessellate>1</tessellate>

            <outerBoundaryIs>
                <LinearRing>
                    <coordinates>
                        74.33800870902513,13.610522209994677,0
                        74.91014740714868,13.435564468655976,0
                        74.7144525928513,12.763475531344024,0
                        74.13903129097486,12.939397790005323,0
                        74.33800870902513,13.610522209994677,0
                    </coordinates>
                </LinearRing>
            </outerBoundaryIs>

        </Polygon>

    </Placemark>
    
    <Placemark>

        <Style>
            <LineStyle>
                <width>0</width>
            </LineStyle>

            <PolyStyle>
                <color>d9ffd500</color>
                <outline>0</outline>
            </PolyStyle>
        </Style>

        <Polygon>
            <tessellate>1</tessellate>

            <outerBoundaryIs>
                <LinearRing>
                    <coordinates>
                        74.91014740714868,13.435564468655976,0
                        75.45252159590764,13.284002894137602,0
                        75.32827840409236,12.595117105862398,0
                        74.7144525928513,12.763475531344024,0
                        74.91014740714868,13.435564468655976,0
                    </coordinates>
                </LinearRing>
            </outerBoundaryIs>

        </Polygon>

    </Placemark>
    
    <Placemark>

        <Style>
            <LineStyle>
                <width>0</width>
            </LineStyle>

            <PolyStyle>
                <color>d9ffdb00</color>
                <outline>0</outline>
            </PolyStyle>
        </Style>

        <Polygon>
            <tessellate>1</tessellate>

            <outerBoundaryIs>
                <LinearRing>
                    <coordinates>
                        75.45252159590764,13.284002894137602,0
                        76.16720337235263,13.223191569469611,0
                        76.10581662764737,12.525888430530388,0
                        75.32827840409236,12.595117105862398,0
                        75.45252159590764,13.284002894137602,0
                    </coordinates>
                </LinearRing>
            </outerBoundaryIs>

        </Polygon>

    </Placemark>
    
    <Placemark>

        <Style>
            <LineStyle>
                <width>0</width>
            </LineStyle>

            <PolyStyle>
                <color>d9ffe100</color>
                <outline>0</outline>
            </PolyStyle>
        </Style>

        <Polygon>
            <tessellate>1</tessellate>

            <outerBoundaryIs>
                <LinearRing>
                    <coordinates>
                        76.16720337235263,13.223191569469611,0
                        76.77082497359008,13.169467919111785,0
                        76.69737502640992,12.473332080888216,0
                        76.10581662764737,12.525888430530388,0
                        76.16720337235263,13.223191569469611,0
                    </coordinates>
                </LinearRing>
            </outerBoundaryIs>

        </Polygon>

    </Placemark>
    
    <Placemark>

        <Style>
            <LineStyle>
                <width>0</width>
            </LineStyle>

            <PolyStyle>
                <color>d9ffe700</color>
                <outline>0</outline>
            </PolyStyle>
        </Style>

        <Polygon>
            <tessellate>1</tessellate>

            <outerBoundaryIs>
                <LinearRing>
                    <coordinates>
                        76.77082497359008,13.169467919111785,0
                        77.52440874374739,13.077443994871215,0
                        77.43271125625262,12.383476005128786,0
                        76.69737502640992,12.473332080888216,0
                        76.77082497359008,13.169467919111785,0
                    </coordinates>
                </LinearRing>
            </outerBoundaryIs>

        </Polygon>

    </Placemark>
    
    <Placemark>

        <Style>
            <LineStyle>
                <width>0</width>
            </LineStyle>

            <PolyStyle>
                <color>d9ffed00</color>
                <outline>0</outline>
            </PolyStyle>
        </Style>

        <Polygon>
            <tessellate>1</tessellate>

            <outerBoundaryIs>
                <LinearRing>
                    <coordinates>
                        77.52440874374739,13.077443994871215,0
                        78.12886995360124,12.991467522257345,0
                        78.01609004639876,12.300612477742654,0
                        77.43271125625262,12.383476005128786,0
                        77.52440874374739,13.077443994871215,0
                    </coordinates>
                </LinearRing>
            </outerBoundaryIs>

        </Polygon>

    </Placemark>
    
    <Placemark>

        <Style>
            <LineStyle>
                <width>0</width>
            </LineStyle>

            <PolyStyle>
                <color>d9fff300</color>
                <outline>0</outline>
            </PolyStyle>
        </Style>

        <Polygon>
            <tessellate>1</tessellate>

            <outerBoundaryIs>
                <LinearRing>
                    <coordinates>
                        78.12886995360124,12.991467522257345,0
                        78.72948497234094,12.880714121273822,0
                        78.59555502765906,12.193645878726176,0
                        78.01609004639876,12.300612477742654,0
                        78.12886995360124,12.991467522257345,0
                    </coordinates>
                </LinearRing>
            </outerBoundaryIs>

        </Polygon>

    </Placemark>
    
    <Placemark>

        <Style>
            <LineStyle>
                <width>0</width>
            </LineStyle>

            <PolyStyle>
                <color>d9fff900</color>
                <outline>0</outline>
            </PolyStyle>
        </Style>

        <Polygon>
            <tessellate>1</tessellate>

            <outerBoundaryIs>
                <LinearRing>
                    <coordinates>
                        78.72948497234094,12.880714121273822,0
                        78.89035373169277,12.84768910624094,0
                        78.74951116515435,12.162004505676753,0
                        78.59555502765906,12.193645878726176,0
                        78.72948497234094,12.880714121273822,0
                    </coordinates>
                </LinearRing>
            </outerBoundaryIs>

        </Polygon>

    </Placemark>
    
    <Placemark>

        <Style>
            <LineStyle>
                <width>0</width>
            </LineStyle>

            <PolyStyle>
                <color>d9ffff00</color>
                <outline>0</outline>
            </PolyStyle>
        </Style>

        <Polygon>

            <outerBoundaryIs>
                <LinearRing>
                    <coordinates>
                        79.98566,12.26962,0
                        79.0856411351198,13.063324002043426,0
                        78.89035373169277,12.84768910624094,0
                        78.74951116515435,12.162004505676753,0
                        78.84828273870491,11.887032800150225,0
                        79.98566,12.26962,0
                    </coordinates>
                </LinearRing>
            </outerBoundaryIs>

        </Polygon>

    </Placemark>
    
    <Placemark>

        <Style>
            <LineStyle>
                <width>0</width>
            </LineStyle>

            <PolyStyle>
                <color>d9ff0000</color>
                <outline>0</outline>
            </PolyStyle>
        </Style>

        <Polygon>
            <tessellate>1</tessellate>

            <outerBoundaryIs>
                <LinearRing>
                    <coordinates>
                        58.15365987812258,16.701223641671916,0
                        58.87640365945932,16.897579704035483,0
                        59.06195634054068,16.222620295964514,0
                        58.33718582457443,16.025710335378882,0
                        58.15365987812258,16.701223641671916,0
                    </coordinates>
                </LinearRing>
            </outerBoundaryIs>

        </Polygon>

    </Placemark>
    
    <Placemark>

        <Style>
            <LineStyle>
                <width>0</width>
            </LineStyle>

            <PolyStyle>
                <color>d9ff0500</color>
                <outline>0</outline>
            </PolyStyle>
        </Style>

        <Polygon>
            <tessellate>1</tessellate>

            <outerBoundaryIs>
                <LinearRing>
                    <coordinates>
                        58.87640365945932,16.897579704035483,0
                        59.7438043862945,17.13883771097713,0
                        59.928715613705506,16.46370228902287,0
                        59.06195634054068,16.222620295964514,0
                        58.87640365945932,16.897579704035483,0
                    </coordinates>
                </LinearRing>
            </outerBoundaryIs>

        </Polygon>

    </Placemark>
    
    <Placemark>

        <Style>
            <LineStyle>
                <width>0</width>
            </LineStyle>

            <PolyStyle>
                <color>d9ff0b00</color>
                <outline>0</outline>
            </PolyStyle>
        </Style>

        <Polygon>
            <tessellate>1</tessellate>

            <outerBoundaryIs>
                <LinearRing>
                    <coordinates>
                        59.7438043862945,17.13883771097713,0
                        60.47203837974675,17.33519240427042,0
                        60.648761620253254,16.65786759572958,0
                        59.928715613705506,16.46370228902287,0
                        59.7438043862945,17.13883771097713,0
                    </coordinates>
                </LinearRing>
            </outerBoundaryIs>

        </Polygon>

    </Placemark>
    
    <Placemark>

        <Style>
            <LineStyle>
                <width>0</width>
            </LineStyle>

            <PolyStyle>
                <color>d9ff1100</color>
                <outline>0</outline>
            </PolyStyle>
        </Style>

        <Polygon>
            <tessellate>1</tessellate>

            <outerBoundaryIs>
                <LinearRing>
                    <coordinates>
                        60.47203837974675,17.33519240427042,0
                        61.351611939781556,17.55702365791368,0
                        61.51448806021845,16.87623634208632,0
                        60.648761620253254,16.65786759572958,0
                        60.47203837974675,17.33519240427042,0
                    </coordinates>
                </LinearRing>
            </outerBoundaryIs>

        </Polygon>

    </Placemark>
    
    <Placemark>

        <Style>
            <LineStyle>
                <width>0</width>
            </LineStyle>

            <PolyStyle>
                <color>d9ff1700</color>
                <outline>0</outline>
            </PolyStyle>
        </Style>

        <Polygon>
            <tessellate>1</tessellate>

            <outerBoundaryIs>
                <LinearRing>
                    <coordinates>
                        61.351611939781556,17.55702365791368,0
                        62.23854589120629,17.757768608564966,0
                        62.3830741087937,17.072851391435037,0
                        61.51448806021845,16.87623634208632,0
                        61.351611939781556,17.55702365791368,0
                    </coordinates>
                </LinearRing>
            </outerBoundaryIs>

        </Polygon>

    </Placemark>
    
    <Placemark>

        <Style>
            <LineStyle>
                <width>0</width>
            </LineStyle>

            <PolyStyle>
                <color>d9ff1d00</color>
                <outline>0</outline>
            </PolyStyle>
        </Style>

        <Polygon>
            <tessellate>1</tessellate>

            <outerBoundaryIs>
                <LinearRing>
                    <coordinates>
                        62.23854589120629,17.757768608564966,0
                        63.13174308908998,17.93263665436753,0
                        63.25627691091002,17.243803345632468,0
                        62.3830741087937,17.072851391435037,0
                        62.23854589120629,17.757768608564966,0
                    </coordinates>
                </LinearRing>
            </outerBoundaryIs>

        </Polygon>

    </Placemark>
    
    <Placemark>

        <Style>
            <LineStyle>
                <width>0</width>
            </LineStyle>

            <PolyStyle>
                <color>d9ff2300</color>
                <outline>0</outline>
            </PolyStyle>
        </Style>

        <Polygon>
            <tessellate>1</tessellate>

            <outerBoundaryIs>
                <LinearRing>
                    <coordinates>
                        63.13174308908998,17.93263665436753,0
                        63.88182225603048,18.057056907317385,0
                        63.98593774396952,17.364843092682616,0
                        63.25627691091002,17.243803345632468,0
                        63.13174308908998,17.93263665436753,0
                    </coordinates>
                </LinearRing>
            </outerBoundaryIs>

        </Polygon>

    </Placemark>
    
    <Placemark>

        <Style>
            <LineStyle>
                <width>0</width>
            </LineStyle>

            <PolyStyle>
                <color>d9ff2900</color>
                <outline>0</outline>
            </PolyStyle>
        </Style>

        <Polygon>
            <tessellate>1</tessellate>

            <outerBoundaryIs>
                <LinearRing>
                    <coordinates>
                        63.88182225603048,18.057056907317385,0
                        64.78400464731256,18.1788615475203,0
                        64.86749535268744,17.4838584524797,0
                        63.98593774396952,17.364843092682616,0
                        63.88182225603048,18.057056907317385,0
                    </coordinates>
                </LinearRing>
            </outerBoundaryIs>

        </Polygon>

    </Placemark>
    
    <Placemark>

        <Style>
            <LineStyle>
                <width>0</width>
            </LineStyle>

            <PolyStyle>
                <color>d9ff2f00</color>
                <outline>0</outline>
            </PolyStyle>
        </Style>

        <Polygon>
            <tessellate>1</tessellate>

            <outerBoundaryIs>
                <LinearRing>
                    <coordinates>
                        64.78400464731256,18.1788615475203,0
                        65.68773950370043,18.274046975081976,0
                        65.75382049629958,17.57717302491802,0
                        64.86749535268744,17.4838584524797,0
                        64.78400464731256,18.1788615475203,0
                    </coordinates>
                </LinearRing>
            </outerBoundaryIs>

        </Polygon>

    </Placemark>
    
    <Placemark>

        <Style>
            <LineStyle>
                <width>0</width>
            </LineStyle>

            <PolyStyle>
                <color>d9ff3500</color>
                <outline>0</outline>
            </PolyStyle>
        </Style>

        <Polygon>
            <tessellate>1</tessellate>

            <outerBoundaryIs>
                <LinearRing>
                    <coordinates>
                        65.68773950370043,18.274046975081976,0
                        66.59027928537664,18.35020361973455,0
                        66.64488071462337,17.652336380265453,0
                        65.75382049629958,17.57717302491802,0
                        65.68773950370043,18.274046975081976,0
                    </coordinates>
                </LinearRing>
            </outerBoundaryIs>

        </Polygon>

    </Placemark>
    
    <Placemark>

        <Style>
            <LineStyle>
                <width>0</width>
            </LineStyle>

            <PolyStyle>
                <color>d9ff3b00</color>
                <outline>0</outline>
            </PolyStyle>
        </Style>

        <Polygon>
            <tessellate>1</tessellate>

            <outerBoundaryIs>
                <LinearRing>
                    <coordinates>
                        66.59027928537664,18.35020361973455,0
                        67.4905328938484,18.41513614434254,0
                        67.5399671061516,17.716883855657457,0
                        66.64488071462337,17.652336380265453,0
                        66.59027928537664,18.35020361973455,0
                    </coordinates>
                </LinearRing>
            </outerBoundaryIs>

        </Polygon>

    </Placemark>
    
    <Placemark>

        <Style>
            <LineStyle>
                <width>0</width>
            </LineStyle>

            <PolyStyle>
                <color>d9ff4100</color>
                <outline>0</outline>
            </PolyStyle>
        </Style>

        <Polygon>
            <tessellate>1</tessellate>

            <outerBoundaryIs>
                <LinearRing>
                    <coordinates>
                        67.4905328938484,18.41513614434254,0
                        68.23900688102292,18.46713613372777,0
                        68.28787311897709,17.768843866272228,0
                        67.5399671061516,17.716883855657457,0
                        67.4905328938484,18.41513614434254,0
                    </coordinates>
                </LinearRing>
            </outerBoundaryIs>

        </Polygon>

    </Placemark>
    
    <Placemark>

        <Style>
            <LineStyle>
                <width>0</width>
            </LineStyle>

            <PolyStyle>
                <color>d9ff4700</color>
                <outline>0</outline>
            </PolyStyle>
        </Style>

        <Polygon>
            <tessellate>1</tessellate>

            <outerBoundaryIs>
                <LinearRing>
                    <coordinates>
                        68.23900688102292,18.46713613372777,0
                        69.1366384007392,18.530405711404292,0
                        69.1858015992608,17.83213428859571,0
                        68.28787311897709,17.768843866272228,0
                        68.23900688102292,18.46713613372777,0
                    </coordinates>
                </LinearRing>
            </outerBoundaryIs>

        </Polygon>

    </Placemark>
    
    <Placemark>

        <Style>
            <LineStyle>
                <width>0</width>
            </LineStyle>

            <PolyStyle>
                <color>d9ff4d00</color>
                <outline>0</outline>
            </PolyStyle>
        </Style>

        <Polygon>
            <tessellate>1</tessellate>

            <outerBoundaryIs>
                <LinearRing>
                    <coordinates>
                        69.1366384007392,18.530405711404292,0
                        70.03417905571504,18.59352877738787,0
                        70.08382094428495,17.895291222612126,0
                        69.1858015992608,17.83213428859571,0
                        69.1366384007392,18.530405711404292,0
                    </coordinates>
                </LinearRing>
            </outerBoundaryIs>

        </Polygon>

    </Placemark>
    
    <Placemark>

        <Style>
            <LineStyle>
                <width>0</width>
            </LineStyle>

            <PolyStyle>
                <color>d9ff5300</color>
                <outline>0</outline>
            </PolyStyle>
        </Style>

        <Polygon>
            <tessellate>1</tessellate>

            <outerBoundaryIs>
                <LinearRing>
                    <coordinates>
                        70.03417905571504,18.59352877738787,0
                        70.93053285318429,18.657941957351394,0
                        70.98282714681572,17.959898042648607,0
                        70.08382094428495,17.895291222612126,0
                        70.03417905571504,18.59352877738787,0
                    </coordinates>
                </LinearRing>
            </outerBoundaryIs>

        </Polygon>

    </Placemark>
    
    <Placemark>

        <Style>
            <LineStyle>
                <width>0</width>
            </LineStyle>

            <PolyStyle>
                <color>d9ff5800</color>
                <outline>0</outline>
            </PolyStyle>
        </Style>

        <Polygon>
            <tessellate>1</tessellate>

            <outerBoundaryIs>
                <LinearRing>
                    <coordinates>
                        70.93053285318429,18.657941957351394,0
                        71.67346353979703,18.715849196426383,0
                        71.73535646020296,18.018590803573616,0
                        70.98282714681572,17.959898042648607,0
                        70.93053285318429,18.657941957351394,0
                    </coordinates>
                </LinearRing>
            </outerBoundaryIs>

        </Polygon>

    </Placemark>
    
    <Placemark>

        <Style>
            <LineStyle>
                <width>0</width>
            </LineStyle>

            <PolyStyle>
                <color>d9ff5e00</color>
                <outline>0</outline>
            </PolyStyle>
        </Style>

        <Polygon>
            <tessellate>1</tessellate>

            <outerBoundaryIs>
                <LinearRing>
                    <coordinates>
                        71.67346353979703,18.715849196426383,0
                        72.55823296166145,18.803906148079463,0
                        72.64164703833856,18.108893851920534,0
                        71.73535646020296,18.018590803573616,0
                        71.67346353979703,18.715849196426383,0
                    </coordinates>
                </LinearRing>
            </outerBoundaryIs>

        </Polygon>

    </Placemark>
    
    <Placemark>

        <Style>
            <LineStyle>
                <width>0</width>
            </LineStyle>

            <PolyStyle>
                <color>d9ff6400</color>
                <outline>0</outline>
            </PolyStyle>
        </Style>

        <Polygon>
            <tessellate>1</tessellate>

            <outerBoundaryIs>
                <LinearRing>
                    <coordinates>
                        72.55823296166145,18.803906148079463,0
                        73.45774257398665,18.93006294478618,0
                        73.52453742601335,18.23325705521382,0
                        72.64164703833856,18.108893851920534,0
                        72.55823296166145,18.803906148079463,0
                    </coordinates>
                </LinearRing>
            </outerBoundaryIs>

        </Polygon>

    </Placemark>
    
    <Placemark>

        <Style>
            <LineStyle>
                <width>0</width>
            </LineStyle>

            <PolyStyle>
                <color>d9ff6a00</color>
                <outline>0</outline>
            </PolyStyle>
        </Style>

        <Polygon>
            <tessellate>1</tessellate>

            <outerBoundaryIs>
                <LinearRing>
                    <coordinates>
                        73.45774257398665,18.93006294478618,0
                        74.39431701515227,18.97787444163472,0
                        74.38302298484774,18.277965558365278,0
                        73.52453742601335,18.23325705521382,0
                        73.45774257398665,18.93006294478618,0
                    </coordinates>
                </LinearRing>
            </outerBoundaryIs>

        </Polygon>

    </Placemark>
    
    <Placemark>

        <Style>
            <LineStyle>
                <width>0</width>
            </LineStyle>

            <PolyStyle>
                <color>d9ff7000</color>
                <outline>0</outline>
            </PolyStyle>
        </Style>

        <Polygon>
            <tessellate>1</tessellate>

            <outerBoundaryIs>
                <LinearRing>
                    <coordinates>
                        74.39431701515227,18.97787444163472,0
                        75.17531696280798,18.912950864979337,0
                        75.09626303719202,18.217429135020666,0
                        74.38302298484774,18.277965558365278,0
                        74.39431701515227,18.97787444163472,0
                    </coordinates>
                </LinearRing>
            </outerBoundaryIs>

        </Polygon>

    </Placemark>
    
    <Placemark>

        <Style>
            <LineStyle>
                <width>0</width>
            </LineStyle>

            <PolyStyle>
                <color>d9ff7600</color>
                <outline>0</outline>
            </PolyStyle>
        </Style>

        <Polygon>
            <tessellate>1</tessellate>

            <outerBoundaryIs>
                <LinearRing>
                    <coordinates>
                        75.17531696280798,18.912950864979337,0
                        76.08097769319612,18.783056294372386,0
                        75.97230230680388,18.091543705627615,0
                        75.09626303719202,18.217429135020666,0
                        75.17531696280798,18.912950864979337,0
                    </coordinates>
                </LinearRing>
            </outerBoundaryIs>

        </Polygon>

    </Placemark>
    
    <Placemark>

        <Style>
            <LineStyle>
                <width>0</width>
            </LineStyle>

            <PolyStyle>
                <color>d9ff7c00</color>
                <outline>0</outline>
            </PolyStyle>
        </Style>

        <Polygon>
            <tessellate>1</tessellate>

            <outerBoundaryIs>
                <LinearRing>
                    <coordinates>
                        76.08097769319612,18.783056294372386,0
                        76.97808120055493,18.62980957509365,0
                        76.84933879944506,17.94175042490635,0
                        75.97230230680388,18.091543705627615,0
                        76.08097769319612,18.783056294372386,0
                    </coordinates>
                </LinearRing>
            </outerBoundaryIs>

        </Polygon>

    </Placemark>
    
    <Placemark>

        <Style>
            <LineStyle>
                <width>0</width>
            </LineStyle>

            <PolyStyle>
                <color>d9ff8200</color>
                <outline>0</outline>
            </PolyStyle>
        </Style>

        <Polygon>
            <tessellate>1</tessellate>

            <outerBoundaryIs>
                <LinearRing>
                    <coordinates>
                        76.97808120055493,18.62980957509365,0
                        77.8690903667883,18.448507554037604,0
                        77.72210963321169,17.764112445962397,0
                        76.84933879944506,17.94175042490635,0
                        76.97808120055493,18.62980957509365,0
                    </coordinates>
                </LinearRing>
            </outerBoundaryIs>

        </Polygon>

    </Placemark>
    
    <Placemark>

        <Style>
            <LineStyle>
                <width>0</width>
            </LineStyle>

            <PolyStyle>
                <color>d9ff8800</color>
                <outline>0</outline>
            </PolyStyle>
        </Style>

        <Polygon>
            <tessellate>1</tessellate>

            <outerBoundaryIs>
                <LinearRing>
                    <coordinates>
                        77.8690903667883,18.448507554037604,0
                        78.76090399770254,18.246755336506553,0
                        78.58597600229746,17.568964663493446,0
                        77.72210963321169,17.764112445962397,0
                        77.8690903667883,18.448507554037604,0
                    </coordinates>
                </LinearRing>
            </outerBoundaryIs>

        </Polygon>

    </Placemark>
    
    <Placemark>

        <Style>
            <LineStyle>
                <width>0</width>
            </LineStyle>

            <PolyStyle>
                <color>d9ff8e00</color>
                <outline>0</outline>
            </PolyStyle>
        </Style>

        <Polygon>
            <tessellate>1</tessellate>

            <outerBoundaryIs>
                <LinearRing>
                    <coordinates>
                        78.76090399770254,18.246755336506553,0
                        79.49406103024594,18.033846418598372,0
                        79.29289896975405,17.363373581401625,0
                        78.58597600229746,17.568964663493446,0
                        78.76090399770254,18.246755336506553,0
                    </coordinates>
                </LinearRing>
            </outerBoundaryIs>

        </Polygon>

    </Placemark>
    
    <Placemark>

        <Style>
            <LineStyle>
                <width>0</width>
            </LineStyle>

            <PolyStyle>
                <color>d9ff9400</color>
                <outline>0</outline>
            </PolyStyle>
        </Style>

        <Polygon>
            <tessellate>1</tessellate>

            <outerBoundaryIs>
                <LinearRing>
                    <coordinates>
                        79.49406103024594,18.033846418598372,0
                        80.34994990561495,17.768887842338895,0
                        80.15649009438505,17.096152157661106,0
                        79.29289896975405,17.363373581401625,0
                        79.49406103024594,18.033846418598372,0
                    </coordinates>
                </LinearRing>
            </outerBoundaryIs>

        </Polygon>

    </Placemark>
    
    <Placemark>

        <Style>
            <LineStyle>
                <width>0</width>
            </LineStyle>

            <PolyStyle>
                <color>d9ff9a00</color>
                <outline>0</outline>
            </PolyStyle>
        </Style>

        <Polygon>
            <tessellate>1</tessellate>

            <outerBoundaryIs>
                <LinearRing>
                    <coordinates>
                        80.34994990561495,17.768887842338895,0
                        81.20708259929603,17.54100017761766,0
                        81.03883740070398,16.86151982238234,0
                        80.15649009438505,17.096152157661106,0
                        80.34994990561495,17.768887842338895,0
                    </coordinates>
                </LinearRing>
            </outerBoundaryIs>

        </Polygon>

    </Placemark>
    
    <Placemark>

        <Style>
            <LineStyle>
                <width>0</width>
            </LineStyle>

            <PolyStyle>
                <color>d9ffa000</color>
                <outline>0</outline>
            </PolyStyle>
        </Style>

        <Polygon>
            <tessellate>1</tessellate>

            <outerBoundaryIs>
                <LinearRing>
                    <coordinates>
                        81.20708259929603,17.54100017761766,0
                        82.06622953340047,17.343676663312415,0
                        81.93377046659953,16.656323336687585,0
                        81.03883740070398,16.86151982238234,0
                        81.20708259929603,17.54100017761766,0
                    </coordinates>
                </LinearRing>
            </outerBoundaryIs>

        </Polygon>

    </Placemark>
    
    <Placemark>

        <Style>
            <LineStyle>
                <width>0</width>
            </LineStyle>

            <PolyStyle>
                <color>d9ffa600</color>
                <outline>0</outline>
            </PolyStyle>
        </Style>

        <Polygon>
            <tessellate>1</tessellate>

            <outerBoundaryIs>
                <LinearRing>
                    <coordinates>
                        82.06622953340047,17.343676663312415,0
                        82.77773922596897,17.232156307650765,0
                        82.70388077403102,16.536063692349234,0
                        81.93377046659953,16.656323336687585,0
                        82.06622953340047,17.343676663312415,0
                    </coordinates>
                </LinearRing>
            </outerBoundaryIs>

        </Polygon>

    </Placemark>
    
    <Placemark>

        <Style>
            <LineStyle>
                <width>0</width>
            </LineStyle>

            <PolyStyle>
                <color>d9ffab00</color>
                <outline>0</outline>
            </PolyStyle>
        </Style>

        <Polygon>
            <tessellate>1</tessellate>

            <outerBoundaryIs>
                <LinearRing>
                    <coordinates>
                        82.77773922596897,17.232156307650765,0
                        83.63897817113295,17.18354998889407,0
                        83.63880182886706,16.483550011105926,0
                        82.70388077403102,16.536063692349234,0
                        82.77773922596897,17.232156307650765,0
                    </coordinates>
                </LinearRing>
            </outerBoundaryIs>

        </Polygon>

    </Placemark>
    
    <Placemark>

        <Style>
            <LineStyle>
                <width>0</width>
            </LineStyle>

            <PolyStyle>
                <color>d9ffb100</color>
                <outline>0</outline>
            </PolyStyle>
        </Style>

        <Polygon>
            <tessellate>1</tessellate>

            <outerBoundaryIs>
                <LinearRing>
                    <coordinates>
                        83.63897817113295,17.18354998889407,0
                        84.4988994454953,17.231575647969553,0
                        84.57518055450471,16.535744352030445,0
                        83.63880182886706,16.483550011105926,0
                        83.63897817113295,17.18354998889407,0
                    </coordinates>
                </LinearRing>
            </outerBoundaryIs>

        </Polygon>

    </Placemark>
    
    <Placemark>

        <Style>
            <LineStyle>
                <width>0</width>
            </LineStyle>

            <PolyStyle>
                <color>d9ffb700</color>
                <outline>0</outline>
            </PolyStyle>
        </Style>

        <Polygon>
            <tessellate>1</tessellate>

            <outerBoundaryIs>
                <LinearRing>
                    <coordinates>
                        84.4988994454953,17.231575647969553,0
                        85.35190256730363,17.371662870903297,0
                        85.49761743269639,16.686997129096707,0
                        84.57518055450471,16.535744352030445,0
                        84.4988994454953,17.231575647969553,0
                    </coordinates>
                </LinearRing>
            </outerBoundaryIs>

        </Polygon>

    </Placemark>
    
    <Placemark>

        <Style>
            <LineStyle>
                <width>0</width>
            </LineStyle>

            <PolyStyle>
                <color>d9ffbd00</color>
                <outline>0</outline>
            </PolyStyle>
        </Style>

        <Polygon>
            <tessellate>1</tessellate>

            <outerBoundaryIs>
                <LinearRing>
                    <coordinates>
                        85.35190256730363,17.371662870903297,0
                        86.04624061776413,17.55400565759559,0
                        86.25369938223587,16.885454342404408,0
                        85.49761743269639,16.686997129096707,0
                        85.35190256730363,17.371662870903297,0
                    </coordinates>
                </LinearRing>
            </outerBoundaryIs>

        </Polygon>

    </Placemark>
    
    <Placemark>

        <Style>
            <LineStyle>
                <width>0</width>
            </LineStyle>

            <PolyStyle>
                <color>d9ffc300</color>
                <outline>0</outline>
            </PolyStyle>
        </Style>

        <Polygon>
            <tessellate>1</tessellate>

            <outerBoundaryIs>
                <LinearRing>
                    <coordinates>
                        86.04624061776413,17.55400565759559,0
                        86.864630366146,17.848178505295003,0
                        87.12860963385398,17.199861494704997,0
                        86.25369938223587,16.885454342404408,0
                        86.04624061776413,17.55400565759559,0
                    </coordinates>
                </LinearRing>
            </outerBoundaryIs>

        </Polygon>

    </Placemark>
    
    <Placemark>

        <Style>
            <LineStyle>
                <width>0</width>
            </LineStyle>

            <PolyStyle>
                <color>d9ffc900</color>
                <outline>0</outline>
            </PolyStyle>
        </Style>

        <Polygon>
            <tessellate>1</tessellate>

            <outerBoundaryIs>
                <LinearRing>
                    <coordinates>
                        86.864630366146,17.848178505295003,0
                        87.65715168244354,18.210068624872477,0
                        87.97306831755647,17.58541137512752,0
                        87.12860963385398,17.199861494704997,0
                        86.864630366146,17.848178505295003,0
                    </coordinates>
                </LinearRing>
            </outerBoundaryIs>

        </Polygon>

    </Placemark>
    
    <Placemark>

        <Style>
            <LineStyle>
                <width>0</width>
            </LineStyle>

            <PolyStyle>
                <color>d9ffcf00</color>
                <outline>0</outline>
            </PolyStyle>
        </Style>

        <Polygon>
            <tessellate>1</tessellate>

            <outerBoundaryIs>
                <LinearRing>
                    <coordinates>
                        87.65715168244354,18.210068624872477,0
                        88.41770357307514,18.633570514311153,0
                        88.78463642692485,18.037449485688846,0
                        87.97306831755647,17.58541137512752,0
                        87.65715168244354,18.210068624872477,0
                    </coordinates>
                </LinearRing>
            </outerBoundaryIs>

        </Polygon>

    </Placemark>
    
    <Placemark>

        <Style>
            <LineStyle>
                <width>0</width>
            </LineStyle>

            <PolyStyle>
                <color>d9ffd500</color>
                <outline>0</outline>
            </PolyStyle>
        </Style>

        <Polygon>
            <tessellate>1</tessellate>

            <outerBoundaryIs>
                <LinearRing>
                    <coordinates>
                        88.41770357307514,18.633570514311153,0
                        89.13750254579014,19.12116612544203,0
                        89.55461745420985,18.55901387455797,0
                        88.78463642692485,18.037449485688846,0
                        88.41770357307514,18.633570514311153,0
                    </coordinates>
                </LinearRing>
            </outerBoundaryIs>

        </Polygon>

    </Placemark>
    
    <Placemark>

        <Style>
            <LineStyle>
                <width>0</width>
            </LineStyle>

            <PolyStyle>
                <color>d9ffdb00</color>
                <outline>0</outline>
            </PolyStyle>
        </Style>

        <Polygon>
            <tessellate>1</tessellate>

            <outerBoundaryIs>
                <LinearRing>
                    <coordinates>
                        89.13750254579014,19.12116612544203,0
                        89.6957377297345,19.57375766640116,0
                        90.16114227026549,19.05088233359884,0
                        89.55461745420985,18.55901387455797,0
                        89.13750254579014,19.12116612544203,0
                    </coordinates>
                </LinearRing>
            </outerBoundaryIs>

        </Polygon>

    </Placemark>
    
    <Placemark>

        <Style>
            <LineStyle>
                <width>0</width>
            </LineStyle>

            <PolyStyle>
                <color>d9ffe100</color>
                <outline>0</outline>
            </PolyStyle>
        </Style>

        <Polygon>
            <tessellate>1</tessellate>

            <outerBoundaryIs>
                <LinearRing>
                    <coordinates>
                        89.6957377297345,19.57375766640116,0
                        90.31148119286678,20.174186229371884,0
                        90.83293880713322,19.707193770628116,0
                        90.16114227026549,19.05088233359884,0
                        89.6957377297345,19.57375766640116,0
                    </coordinates>
                </LinearRing>
            </outerBoundaryIs>

        </Polygon>

    </Placemark>
    
    <Placemark>

        <Style>
            <LineStyle>
                <width>0</width>
            </LineStyle>

            <PolyStyle>
                <color>d9ffe700</color>
                <outline>0</outline>
            </PolyStyle>
        </Style>

        <Polygon>
            <tessellate>1</tessellate>

            <outerBoundaryIs>
                <LinearRing>
                    <coordinates>
                        90.31148119286678,20.174186229371884,0
                        90.82785085396667,20.83299275603541,0
                        91.42340914603334,20.465147243964587,0
                        90.83293880713322,19.707193770628116,0
                        90.31148119286678,20.174186229371884,0
                    </coordinates>
                </LinearRing>
            </outerBoundaryIs>

        </Polygon>

    </Placemark>
    
    <Placemark>

        <Style>
            <LineStyle>
                <width>0</width>
            </LineStyle>

            <PolyStyle>
                <color>d9ffed00</color>
                <outline>0</outline>
            </PolyStyle>
        </Style>

        <Polygon>
            <tessellate>1</tessellate>

            <outerBoundaryIs>
                <LinearRing>
                    <coordinates>
                        90.82785085396667,20.83299275603541,0
                        91.18000866312723,21.574496262980414,0
                        91.84143133687279,21.345323737019587,0
                        91.42340914603334,20.465147243964587,0
                        90.82785085396667,20.83299275603541,0
                    </coordinates>
                </LinearRing>
            </outerBoundaryIs>

        </Polygon>

    </Placemark>
    
    <Placemark>

        <Style>
            <LineStyle>
                <width>0</width>
            </LineStyle>

            <PolyStyle>
                <color>d9fff300</color>
                <outline>0</outline>
            </PolyStyle>
        </Style>

        <Polygon>
            <tessellate>1</tessellate>

            <outerBoundaryIs>
                <LinearRing>
                    <coordinates>
                        91.18000866312723,21.574496262980414,0
                        91.33132459218834,22.2459130141142,0
                        92.02241540781165,22.134586985885797,0
                        91.84143133687279,21.345323737019587,0
                        91.18000866312723,21.574496262980414,0
                    </coordinates>
                </LinearRing>
            </outerBoundaryIs>

        </Polygon>

    </Placemark>
    
    <Placemark>

        <Style>
            <LineStyle>
                <width>0</width>
            </LineStyle>

            <PolyStyle>
                <color>d9fff900</color>
                <outline>0</outline>
            </PolyStyle>
        </Style>

        <Polygon>
            <tessellate>1</tessellate>

            <outerBoundaryIs>
                <LinearRing>
                    <coordinates>
                        91.33132459218834,22.2459130141142,0
                        91.38681374229505,22.831206106693035,0
                        92.08360796993908,22.7642897086881,0
                        92.02241540781165,22.134586985885797,0
                        91.33132459218834,22.2459130141142,0
                    </coordinates>
                </LinearRing>
            </outerBoundaryIs>

        </Polygon>

    </Placemark>
    
    <Placemark>

        <Style>
            <LineStyle>
                <width>0</width>
            </LineStyle>

            <PolyStyle>
                <color>d9ffff00</color>
                <outline>0</outline>
            </PolyStyle>
        </Style>

        <Polygon>

            <outerBoundaryIs>
                <LinearRing>
                    <coordinates>
                        91.82333,23.98362,0
                        91.14796939003728,22.99170869019918,0
                        91.38681374229505,22.831206106693035,0
                        92.08360796993908,22.7642897086881,0
                        92.34467008760724,22.902784900156515,0
                        91.82333,23.98362,0
                    </coordinates>
                </LinearRing>
            </outerBoundaryIs>

        </Polygon>

    </Placemark>
    
    <Placemark>

        <Style>
            <LineStyle>
                <width>0</width>
            </LineStyle>

            <PolyStyle>
                <color>d9ff0000</color>
                <outline>0</outline>
            </PolyStyle>
        </Style>

        <Polygon>
            <tessellate>1</tessellate>

            <outerBoundaryIs>
                <LinearRing>
                    <coordinates>
                        62.09307503239455,20.611124067003065,0
                        62.535157861378984,20.7098072107237,0
                        62.68186213862102,20.0253527892763,0
                        62.24559706066114,19.927942516539762,0
                        62.09307503239455,20.611124067003065,0
                    </coordinates>
                </LinearRing>
            </outerBoundaryIs>

        </Polygon>

    </Placemark>
    
    <Placemark>

        <Style>
            <LineStyle>
                <width>0</width>
            </LineStyle>

            <PolyStyle>
                <color>d9ff0500</color>
                <outline>0</outline>
            </PolyStyle>
        </Style>

        <Polygon>
            <tessellate>1</tessellate>

            <outerBoundaryIs>
                <LinearRing>
                    <coordinates>
                        62.535157861378984,20.7098072107237,0
                        63.12929661015628,20.831870276130804,0
                        63.26316338984372,20.1447897238692,0
                        62.68186213862102,20.0253527892763,0
                        62.535157861378984,20.7098072107237,0
                    </coordinates>
                </LinearRing>
            </outerBoundaryIs>

        </Polygon>

    </Placemark>
    
    <Placemark>

        <Style>
            <LineStyle>
                <width>0</width>
            </LineStyle>

            <PolyStyle>
                <color>d9ff0b00</color>
                <outline>0</outline>
            </PolyStyle>
        </Style>

        <Polygon>
            <tessellate>1</tessellate>

            <outerBoundaryIs>
                <LinearRing>
                    <coordinates>
                        63.12929661015628,20.831870276130804,0
                        63.72673667631492,20.94194794520196,0
                        63.845823323685075,20.25215205479804,0
                        63.26316338984372,20.1447897238692,0
                        63.12929661015628,20.831870276130804,0
                    </coordinates>
                </LinearRing>
            </outerBoundaryIs>

        </Polygon>

    </Placemark>
    
    <Placemark>

        <Style>
            <LineStyle>
                <width>0</width>
            </LineStyle>

            <PolyStyle>
                <color>d9ff1100</color>
                <outline>0</outline>
            </PolyStyle>
        </Style>

        <Polygon>
            <tessellate>1</tessellate>

            <outerBoundaryIs>
                <LinearRing>
                    <coordinates>
                        63.72673667631492,20.94194794520196,0
                        64.32694595398966,21.038622908740958,0
                        64.43031404601034,20.346297091259043,0
                        63.845823323685075,20.25215205479804,0
                        63.72673667631492,20.94194794520196,0
                    </coordinates>
                </LinearRing>
            </outerBoundaryIs>

        </Polygon>

    </Placemark>
    
    <Placemark>

        <Style>
            <LineStyle>
                <width>0</width>
            </LineStyle>

            <PolyStyle>
                <color>d9ff1700</color>
                <outline>0</outline>
            </PolyStyle>
        </Style>

        <Polygon>
            <tessellate>1</tessellate>

            <outerBoundaryIs>
                <LinearRing>
                    <coordinates>
                        64.32694595398966,21.038622908740958,0
                        65.07697231248774,21.141821868482552,0
                        65.16624768751227,20.447538131517447,0
                        64.43031404601034,20.346297091259043,0
                        64.32694595398966,21.038622908740958,0
                    </coordinates>
                </LinearRing>
            </outerBoundaryIs>

        </Polygon>

    </Placemark>
    
    <Placemark>

        <Style>
            <LineStyle>
                <width>0</width>
            </LineStyle>

            <PolyStyle>
                <color>d9ff1d00</color>
                <outline>0</outline>
            </PolyStyle>
        </Style>

        <Polygon>
            <tessellate>1</tessellate>

            <outerBoundaryIs>
                <LinearRing>
                    <coordinates>
                        65.07697231248774,21.141821868482552,0
                        65.6760845098663,21.21349648217868,0
                        65.7586554901337,20.518383517821317,0
                        65.16624768751227,20.447538131517447,0
                        65.07697231248774,21.141821868482552,0
                    </coordinates>
                </LinearRing>
            </outerBoundaryIs>

        </Polygon>

    </Placemark>
    
    <Placemark>

        <Style>
            <LineStyle>
                <width>0</width>
            </LineStyle>

            <PolyStyle>
                <color>d9ff2300</color>
                <outline>0</outline>
            </PolyStyle>
        </Style>

        <Polygon>
            <tessellate>1</tessellate>

            <outerBoundaryIs>
                <LinearRing>
                    <coordinates>
                        65.6760845098663,21.21349648217868,0
                        66.2713493099888,21.283715262715106,0
                        66.3551106900112,20.58874473728489,0
                        65.7586554901337,20.518383517821317,0
                        65.6760845098663,21.21349648217868,0
                    </coordinates>
                </LinearRing>
            </outerBoundaryIs>

        </Polygon>

    </Placemark>
    
    <Placemark>

        <Style>
            <LineStyle>
                <width>0</width>
            </LineStyle>

            <PolyStyle>
                <color>d9ff2900</color>
                <outline>0</outline>
            </PolyStyle>
        </Style>

        <Polygon>
            <tessellate>1</tessellate>

            <outerBoundaryIs>
                <LinearRing>
                    <coordinates>
                        66.2713493099888,21.283715262715106,0
                        66.86263623959567,21.356480202877275,0
                        66.95484376040432,20.662579797122728,0
                        66.3551106900112,20.58874473728489,0
                        66.2713493099888,21.283715262715106,0
                    </coordinates>
                </LinearRing>
            </outerBoundaryIs>

        </Polygon>

    </Placemark>
    
    <Placemark>

        <Style>
            <LineStyle>
                <width>0</width>
            </LineStyle>

            <PolyStyle>
                <color>d9ff2f00</color>
                <outline>0</outline>
            </PolyStyle>
        </Style>

        <Polygon>
            <tessellate>1</tessellate>

            <outerBoundaryIs>
                <LinearRing>
                    <coordinates>
                        66.86263623959567,21.356480202877275,0
                        67.44701409003375,21.43983171879996,0
                        67.55838590996626,20.74874828120004,0
                        66.95484376040432,20.662579797122728,0
                        66.86263623959567,21.356480202877275,0
                    </coordinates>
                </LinearRing>
            </outerBoundaryIs>

        </Polygon>

    </Placemark>
    
    <Placemark>

        <Style>
            <LineStyle>
                <width>0</width>
            </LineStyle>

            <PolyStyle>
                <color>d9ff3500</color>
                <outline>0</outline>
            </PolyStyle>
        </Style>

        <Polygon>
            <tessellate>1</tessellate>

            <outerBoundaryIs>
                <LinearRing>
                    <coordinates>
                        67.44701409003375,21.43983171879996,0
                        68.02348696502253,21.54339904780609,0
                        68.16289303497749,20.857420952193912,0
                        67.55838590996626,20.74874828120004,0
                        67.44701409003375,21.43983171879996,0
                    </coordinates>
                </LinearRing>
            </outerBoundaryIs>

        </Polygon>

    </Placemark>
    
    <Placemark>

        <Style>
            <LineStyle>
                <width>0</width>
            </LineStyle>

            <PolyStyle>
                <color>d9ff3b00</color>
                <outline>0</outline>
            </PolyStyle>
        </Style>

        <Polygon>
            <tessellate>1</tessellate>

            <outerBoundaryIs>
                <LinearRing>
                    <coordinates>
                        68.02348696502253,21.54339904780609,0
                        68.59247809538448,21.672515013579215,0
                        68.76404190461551,20.993864986420782,0
                        68.16289303497749,20.857420952193912,0
                        68.02348696502253,21.54339904780609,0
                    </coordinates>
                </LinearRing>
            </outerBoundaryIs>

        </Polygon>

    </Placemark>
    
    <Placemark>

        <Style>
            <LineStyle>
                <width>0</width>
            </LineStyle>

            <PolyStyle>
                <color>d9ff4100</color>
                <outline>0</outline>
            </PolyStyle>
        </Style>

        <Polygon>
            <tessellate>1</tessellate>

            <outerBoundaryIs>
                <LinearRing>
                    <coordinates>
                        68.59247809538448,21.672515013579215,0
                        69.15077875668345,21.828171212743882,0
                        69.36146124331654,21.160628787256115,0
                        68.76404190461551,20.993864986420782,0
                        68.59247809538448,21.672515013579215,0
                    </coordinates>
                </LinearRing>
            </outerBoundaryIs>

        </Polygon>

    </Placemark>
    
    <Placemark>

        <Style>
            <LineStyle>
                <width>0</width>
            </LineStyle>

            <PolyStyle>
                <color>d9ff4700</color>
                <outline>0</outline>
            </PolyStyle>
        </Style>

        <Polygon>
            <tessellate>1</tessellate>

            <outerBoundaryIs>
                <LinearRing>
                    <coordinates>
                        69.15077875668345,21.828171212743882,0
                        69.6974134846388,22.021252737925973,0
                        69.9461265153612,21.366927262074025,0
                        69.36146124331654,21.160628787256115,0
                        69.15077875668345,21.828171212743882,0
                    </coordinates>
                </LinearRing>
            </outerBoundaryIs>

        </Polygon>

    </Placemark>
    
    <Placemark>

        <Style>
            <LineStyle>
                <width>0</width>
            </LineStyle>

            <PolyStyle>
                <color>d9ff4d00</color>
                <outline>0</outline>
            </PolyStyle>
        </Style>

        <Polygon>
            <tessellate>1</tessellate>

            <outerBoundaryIs>
                <LinearRing>
                    <coordinates>
                        69.6974134846388,22.021252737925973,0
                        70.38977279601588,22.30356488999872,0
                        70.64274720398413,21.650875110001277,0
                        69.9461265153612,21.366927262074025,0
                        69.6974134846388,22.021252737925973,0
                    </coordinates>
                </LinearRing>
            </outerBoundaryIs>

        </Polygon>

    </Placemark>
    
    <Placemark>

        <Style>
            <LineStyle>
                <width>0</width>
            </LineStyle>

            <PolyStyle>
                <color>d9ff5300</color>
                <outline>0</outline>
            </PolyStyle>
        </Style>

        <Polygon>
            <tessellate>1</tessellate>

            <outerBoundaryIs>
                <LinearRing>
                    <coordinates>
                        70.38977279601588,22.30356488999872,0
                        70.96229330680724,22.514148558603246,0
                        71.19638669319276,21.854451441396755,0
                        70.64274720398413,21.650875110001277,0
                        70.38977279601588,22.30356488999872,0
                    </coordinates>
                </LinearRing>
            </outerBoundaryIs>

        </Polygon>

    </Placemark>
    
    <Placemark>

        <Style>
            <LineStyle>
                <width>0</width>
            </LineStyle>

            <PolyStyle>
                <color>d9ff5800</color>
                <outline>0</outline>
            </PolyStyle>
        </Style>

        <Polygon>
            <tessellate>1</tessellate>

            <outerBoundaryIs>
                <LinearRing>
                    <coordinates>
                        70.96229330680724,22.514148558603246,0
                        71.53440695345247,22.709858249232646,0
                        71.75969304654751,22.047101750767354,0
                        71.19638669319276,21.854451441396755,0
                        70.96229330680724,22.514148558603246,0
                    </coordinates>
                </LinearRing>
            </outerBoundaryIs>

        </Polygon>

    </Placemark>
    
    <Placemark>

        <Style>
            <LineStyle>
                <width>0</width>
            </LineStyle>

            <PolyStyle>
                <color>d9ff5e00</color>
                <outline>0</outline>
            </PolyStyle>
        </Style>

        <Polygon>
            <tessellate>1</tessellate>

            <outerBoundaryIs>
                <LinearRing>
                    <coordinates>
                        71.53440695345247,22.709858249232646,0
                        72.11050435542732,22.904386378947315,0
                        72.32045564457268,22.236613621052683,0
                        71.75969304654751,22.047101750767354,0
                        71.53440695345247,22.709858249232646,0
                    </coordinates>
                </LinearRing>
            </outerBoundaryIs>

        </Polygon>

    </Placemark>
    
    <Placemark>

        <Style>
            <LineStyle>
                <width>0</width>
            </LineStyle>

            <PolyStyle>
                <color>d9ff6400</color>
                <outline>0</outline>
            </PolyStyle>
        </Style>

        <Polygon>
            <tessellate>1</tessellate>

            <outerBoundaryIs>
                <LinearRing>
                    <coordinates>
                        72.11050435542732,22.904386378947315,0
                        72.70577264293476,23.077638901337803,0
                        72.87714735706524,22.398941098662196,0
                        72.32045564457268,22.236613621052683,0
                        72.11050435542732,22.904386378947315,0
                    </coordinates>
                </LinearRing>
            </outerBoundaryIs>

        </Polygon>

    </Placemark>
    
    <Placemark>

        <Style>
            <LineStyle>
                <width>0</width>
            </LineStyle>

            <PolyStyle>
                <color>d9ff6a00</color>
                <outline>0</outline>
            </PolyStyle>
        </Style>

        <Polygon>
            <tessellate>1</tessellate>

            <outerBoundaryIs>
                <LinearRing>
                    <coordinates>
                        72.70577264293476,23.077638901337803,0
                        73.31792329745609,23.208848921693672,0
                        73.4380367025439,22.519231078306326,0
                        72.87714735706524,22.398941098662196,0
                        72.70577264293476,23.077638901337803,0
                    </coordinates>
                </LinearRing>
            </outerBoundaryIs>

        </Polygon>

    </Placemark>
    
    <Placemark>

        <Style>
            <LineStyle>
                <width>0</width>
            </LineStyle>

            <PolyStyle>
                <color>d9ff7000</color>
                <outline>0</outline>
            </PolyStyle>
        </Style>

        <Polygon>
            <tessellate>1</tessellate>

            <outerBoundaryIs>
                <LinearRing>
                    <coordinates>
                        73.31792329745609,23.208848921693672,0
                        73.94257483998379,23.29271177622111,0
                        74.0023451600162,22.595268223778888,0
                        73.4380367025439,22.519231078306326,0
                        73.31792329745609,23.208848921693672,0
                    </coordinates>
                </LinearRing>
            </outerBoundaryIs>

        </Polygon>

    </Placemark>
    
    <Placemark>

        <Style>
            <LineStyle>
                <width>0</width>
            </LineStyle>

            <PolyStyle>
                <color>d9ff7600</color>
                <outline>0</outline>
            </PolyStyle>
        </Style>

        <Polygon>
            <tessellate>1</tessellate>

            <outerBoundaryIs>
                <LinearRing>
                    <coordinates>
                        73.94257483998379,23.29271177622111,0
                        74.57755729891743,23.31630131938792,0
                        74.56588270108257,22.616398680612075,0
                        74.0023451600162,22.595268223778888,0
                        73.94257483998379,23.29271177622111,0
                    </coordinates>
                </LinearRing>
            </outerBoundaryIs>

        </Polygon>

    </Placemark>
    
    <Placemark>

        <Style>
            <LineStyle>
                <width>0</width>
            </LineStyle>

            <PolyStyle>
                <color>d9ff7c00</color>
                <outline>0</outline>
            </PolyStyle>
        </Style>

        <Polygon>
            <tessellate>1</tessellate>

            <outerBoundaryIs>
                <LinearRing>
                    <coordinates>
                        74.57755729891743,23.31630131938792,0
                        75.21246519600123,23.271423093772608,0
                        75.12751480399876,22.57659690622739,0
                        74.56588270108257,22.616398680612075,0
                        74.57755729891743,23.31630131938792,0
                    </coordinates>
                </LinearRing>
            </outerBoundaryIs>

        </Polygon>

    </Placemark>
    
    <Placemark>

        <Style>
            <LineStyle>
                <width>0</width>
            </LineStyle>

            <PolyStyle>
                <color>d9ff8200</color>
                <outline>0</outline>
            </PolyStyle>
        </Style>

        <Polygon>
            <tessellate>1</tessellate>

            <outerBoundaryIs>
                <LinearRing>
                    <coordinates>
                        75.21246519600123,23.271423093772608,0
                        75.98254422485542,23.13729164339078,0
                        75.83439577514457,22.453148356609223,0
                        75.12751480399876,22.57659690622739,0
                        75.21246519600123,23.271423093772608,0
                    </coordinates>
                </LinearRing>
            </outerBoundaryIs>

        </Polygon>

    </Placemark>
    
    <Placemark>

        <Style>
            <LineStyle>
                <width>0</width>
            </LineStyle>

            <PolyStyle>
                <color>d9ff8800</color>
                <outline>0</outline>
            </PolyStyle>
        </Style>

        <Polygon>
            <tessellate>1</tessellate>

            <outerBoundaryIs>
                <LinearRing>
                    <coordinates>
                        75.98254422485542,23.13729164339078,0
                        76.58230759128101,22.98194294524501,0
                        76.396052408719,22.307177054754987,0
                        75.83439577514457,22.453148356609223,0
                        75.98254422485542,23.13729164339078,0
                    </coordinates>
                </LinearRing>
            </outerBoundaryIs>

        </Polygon>

    </Placemark>
    
    <Placemark>

        <Style>
            <LineStyle>
                <width>0</width>
            </LineStyle>

            <PolyStyle>
                <color>d9ff8e00</color>
                <outline>0</outline>
            </PolyStyle>
        </Style>

        <Polygon>
            <tessellate>1</tessellate>

            <outerBoundaryIs>
                <LinearRing>
                    <coordinates>
                        76.58230759128101,22.98194294524501,0
                        77.16292039292073,22.81200612243412,0
                        76.96709960707928,22.13995387756588,0
                        76.396052408719,22.307177054754987,0
                        76.58230759128101,22.98194294524501,0
                    </coordinates>
                </LinearRing>
            </outerBoundaryIs>

        </Polygon>

    </Placemark>
    
    <Placemark>

        <Style>
            <LineStyle>
                <width>0</width>
            </LineStyle>

            <PolyStyle>
                <color>d9ff9400</color>
                <outline>0</outline>
            </PolyStyle>
        </Style>

        <Polygon>
            <tessellate>1</tessellate>

            <outerBoundaryIs>
                <LinearRing>
                    <coordinates>
                        77.16292039292073,22.81200612243412,0
                        77.74558584047254,22.64295998639543,0
                        77.53693415952746,21.97478001360457,0
                        76.96709960707928,22.13995387756588,0
                        77.16292039292073,22.81200612243412,0
                    </coordinates>
                </LinearRing>
            </outerBoundaryIs>

        </Polygon>

    </Placemark>
    
    <Placemark>

        <Style>
            <LineStyle>
                <width>0</width>
            </LineStyle>

            <PolyStyle>
                <color>d9ff9a00</color>
                <outline>0</outline>
            </PolyStyle>
        </Style>

        <Polygon>
            <tessellate>1</tessellate>

            <outerBoundaryIs>
                <LinearRing>
                    <coordinates>
                        77.74558584047254,22.64295998639543,0
                        78.33154437379862,22.446661176822236,0
                        78.08863562620137,21.790158823177766,0
                        77.53693415952746,21.97478001360457,0
                        77.74558584047254,22.64295998639543,0
                    </coordinates>
                </LinearRing>
            </outerBoundaryIs>

        </Polygon>

    </Placemark>
    
    <Placemark>

        <Style>
            <LineStyle>
                <width>0</width>
            </LineStyle>

            <PolyStyle>
                <color>d9ffa000</color>
                <outline>0</outline>
            </PolyStyle>
        </Style>

        <Polygon>
            <tessellate>1</tessellate>

            <outerBoundaryIs>
                <LinearRing>
                    <coordinates>
                        78.33154437379862,22.446661176822236,0
                        78.90075836851575,22.21572392278256,0
                        78.63108163148424,21.56975607721744,0
                        78.08863562620137,21.790158823177766,0
                        78.33154437379862,22.446661176822236,0
                    </coordinates>
                </LinearRing>
            </outerBoundaryIs>

        </Polygon>

    </Placemark>
    
    <Placemark>

        <Style>
            <LineStyle>
                <width>0</width>
            </LineStyle>

            <PolyStyle>
                <color>d9ffa600</color>
                <outline>0</outline>
            </PolyStyle>
        </Style>

        <Polygon>
            <tessellate>1</tessellate>

            <outerBoundaryIs>
                <LinearRing>
                    <coordinates>
                        78.90075836851575,22.21572392278256,0
                        79.45096975397804,21.979643445844523,0
                        79.18365024602197,21.332696554155476,0
                        78.63108163148424,21.56975607721744,0
                        78.90075836851575,22.21572392278256,0
                    </coordinates>
                </LinearRing>
            </outerBoundaryIs>

        </Polygon>

    </Placemark>
    
    <Placemark>

        <Style>
            <LineStyle>
                <width>0</width>
            </LineStyle>

            <PolyStyle>
                <color>d9ffab00</color>
                <outline>0</outline>
            </PolyStyle>
        </Style>

        <Polygon>
            <tessellate>1</tessellate>

            <outerBoundaryIs>
                <LinearRing>
                    <coordinates>
                        79.45096975397804,21.979643445844523,0
                        79.99289901277871,21.764020419359337,0
                        79.75674098722129,21.10505958064066,0
                        79.18365024602197,21.332696554155476,0
                        79.45096975397804,21.979643445844523,0
                    </coordinates>
                </LinearRing>
            </outerBoundaryIs>

        </Polygon>

    </Placemark>
    
    <Placemark>

        <Style>
            <LineStyle>
                <width>0</width>
            </LineStyle>

            <PolyStyle>
                <color>d9ffb100</color>
                <outline>0</outline>
            </PolyStyle>
        </Style>

        <Polygon>
            <tessellate>1</tessellate>

            <outerBoundaryIs>
                <LinearRing>
                    <coordinates>
                        79.99289901277871,21.764020419359337,0
                        80.68516494537809,21.54241262026771,0
                        80.49257505462191,20.869427379732286,0
                        79.75674098722129,21.10505958064066,0
                        79.99289901277871,21.764020419359337,0
                    </coordinates>
                </LinearRing>
            </outerBoundaryIs>

        </Polygon>

    </Placemark>
    
    <Placemark>

        <Style>
            <LineStyle>
                <width>0</width>
            </LineStyle>

            <PolyStyle>
                <color>d9ffb700</color>
                <outline>0</outline>
            </PolyStyle>
        </Style>

        <Polygon>
            <tessellate>1</tessellate>

            <outerBoundaryIs>
                <LinearRing>
                    <coordinates>
                        80.68516494537809,21.54241262026771,0
                        81.24850391307929,21.400096137484905,0
                        81.09257608692072,20.7176838625151,0
                        80.49257505462191,20.869427379732286,0
                        80.68516494537809,21.54241262026771,0
                    </coordinates>
                </LinearRing>
            </outerBoundaryIs>

        </Polygon>

    </Placemark>
    
    <Placemark>

        <Style>
            <LineStyle>
                <width>0</width>
            </LineStyle>

            <PolyStyle>
                <color>d9ffbd00</color>
                <outline>0</outline>
            </PolyStyle>
        </Style>

        <Polygon>
            <tessellate>1</tessellate>

            <outerBoundaryIs>
                <LinearRing>
                    <coordinates>
                        81.24850391307929,21.400096137484905,0
                        81.82093304501673,21.283060260159527,0
                        81.69566695498328,20.594359739840474,0
                        81.09257608692072,20.7176838625151,0
                        81.24850391307929,21.400096137484905,0
                    </coordinates>
                </LinearRing>
            </outerBoundaryIs>

        </Polygon>

    </Placemark>
    
    <Placemark>

        <Style>
            <LineStyle>
                <width>0</width>
            </LineStyle>

            <PolyStyle>
                <color>d9ffc300</color>
                <outline>0</outline>
            </PolyStyle>
        </Style>

        <Polygon>
            <tessellate>1</tessellate>

            <outerBoundaryIs>
                <LinearRing>
                    <coordinates>
                        81.82093304501673,21.283060260159527,0
                        82.40587804318781,21.18985594378605,0
                        82.29568195681219,20.49858405621395,0
                        81.69566695498328,20.594359739840474,0
                        81.82093304501673,21.283060260159527,0
                    </coordinates>
                </LinearRing>
            </outerBoundaryIs>

        </Polygon>

    </Placemark>
    
    <Placemark>

        <Style>
            <LineStyle>
                <width>0</width>
            </LineStyle>

            <PolyStyle>
                <color>d9ffc900</color>
                <outline>0</outline>
            </PolyStyle>
        </Style>

        <Polygon>
            <tessellate>1</tessellate>

            <outerBoundaryIs>
                <LinearRing>
                    <coordinates>
                        82.40587804318781,21.18985594378605,0
                        82.99045484656199,21.096617550737847,0
                        82.89612515343802,20.403002449262154,0
                        82.29568195681219,20.49858405621395,0
                        82.40587804318781,21.18985594378605,0
                    </coordinates>
                </LinearRing>
            </outerBoundaryIs>

        </Polygon>

    </Placemark>
    
    <Placemark>

        <Style>
            <LineStyle>
                <width>0</width>
            </LineStyle>

            <PolyStyle>
                <color>d9ffcf00</color>
                <outline>0</outline>
            </PolyStyle>
        </Style>

        <Polygon>
            <tessellate>1</tessellate>

            <outerBoundaryIs>
                <LinearRing>
                    <coordinates>
                        82.99045484656199,21.096617550737847,0
                        83.5694697935386,21.031275041576222,0
                        83.5093102064614,20.333864958423774,0
                        82.89612515343802,20.403002449262154,0
                        82.99045484656199,21.096617550737847,0
                    </coordinates>
                </LinearRing>
            </outerBoundaryIs>

        </Polygon>

    </Placemark>
    
    <Placemark>

        <Style>
            <LineStyle>
                <width>0</width>
            </LineStyle>

            <PolyStyle>
                <color>d9ffd500</color>
                <outline>0</outline>
            </PolyStyle>
        </Style>

        <Polygon>
            <tessellate>1</tessellate>

            <outerBoundaryIs>
                <LinearRing>
                    <coordinates>
                        83.5694697935386,21.031275041576222,0
                        84.1637005743394,20.995806356563637,0
                        84.1128794256606,20.297653643436366,0
                        83.5093102064614,20.333864958423774,0
                        83.5694697935386,21.031275041576222,0
                    </coordinates>
                </LinearRing>
            </outerBoundaryIs>

        </Polygon>

    </Placemark>
    
    <Placemark>

        <Style>
            <LineStyle>
                <width>0</width>
            </LineStyle>

            <PolyStyle>
                <color>d9ffdb00</color>
                <outline>0</outline>
            </PolyStyle>
        </Style>

        <Polygon>
            <tessellate>1</tessellate>

            <outerBoundaryIs>
                <LinearRing>
                    <coordinates>
                        84.1637005743394,20.995806356563637,0
                        84.76035981356955,20.944615436819312,0
                        84.71176018643044,20.246304563180686,0
                        84.1128794256606,20.297653643436366,0
                        84.1637005743394,20.995806356563637,0
                    </coordinates>
                </LinearRing>
            </outerBoundaryIs>

        </Polygon>

    </Placemark>
    
    <Placemark>

        <Style>
            <LineStyle>
                <width>0</width>
            </LineStyle>

            <PolyStyle>
                <color>d9ffe100</color>
                <outline>0</outline>
            </PolyStyle>
        </Style>

        <Polygon>
            <tessellate>1</tessellate>

            <outerBoundaryIs>
                <LinearRing>
                    <coordinates>
                        84.76035981356955,20.944615436819312,0
                        85.33052130292916,20.91341108698386,0
                        85.33951869707084,20.21346891301614,0
                        84.71176018643044,20.246304563180686,0
                        84.76035981356955,20.944615436819312,0
                    </coordinates>
                </LinearRing>
            </outerBoundaryIs>

        </Polygon>

    </Placemark>
    
    <Placemark>

        <Style>
            <LineStyle>
                <width>0</width>
            </LineStyle>

            <PolyStyle>
                <color>d9ffe700</color>
                <outline>0</outline>
            </PolyStyle>
        </Style>

        <Polygon>
            <tessellate>1</tessellate>

            <outerBoundaryIs>
                <LinearRing>
                    <coordinates>
                        85.33052130292916,20.91341108698386,0
                        86.02116952646452,20.967373611787483,0
                        86.14203047353547,20.27788638821252,0
                        85.33951869707084,20.21346891301614,0
                        85.33052130292916,20.91341108698386,0
                    </coordinates>
                </LinearRing>
            </outerBoundaryIs>

        </Polygon>

    </Placemark>
    
    <Placemark>

        <Style>
            <LineStyle>
                <width>0</width>
            </LineStyle>

            <PolyStyle>
                <color>d9ffed00</color>
                <outline>0</outline>
            </PolyStyle>
        </Style>

        <Polygon>
            <tessellate>1</tessellate>

            <outerBoundaryIs>
                <LinearRing>
                    <coordinates>
                        86.02116952646452,20.967373611787483,0
                        86.53303837800932,21.10766610086007,0
                        86.78554162199067,20.454793899139933,0
                        86.14203047353547,20.27788638821252,0
                        86.02116952646452,20.967373611787483,0
                    </coordinates>
                </LinearRing>
            </outerBoundaryIs>

        </Polygon>

    </Placemark>
    
    <Placemark>

        <Style>
            <LineStyle>
                <width>0</width>
            </LineStyle>

            <PolyStyle>
                <color>d9fff300</color>
                <outline>0</outline>
            </PolyStyle>
        </Style>

        <Polygon>
            <tessellate>1</tessellate>

            <outerBoundaryIs>
                <LinearRing>
                    <coordinates>
                        86.53303837800932,21.10766610086007,0
                        86.9989521181313,21.343682377213817,0
                        87.3874078818687,20.761357622786186,0
                        86.78554162199067,20.454793899139933,0
                        86.53303837800932,21.10766610086007,0
                    </coordinates>
                </LinearRing>
            </outerBoundaryIs>

        </Polygon>

    </Placemark>
    
    <Placemark>

        <Style>
            <LineStyle>
                <width>0</width>
            </LineStyle>

            <PolyStyle>
                <color>d9fff900</color>
                <outline>0</outline>
            </PolyStyle>
        </Style>

        <Polygon>
            <tessellate>1</tessellate>

            <outerBoundaryIs>
                <LinearRing>
                    <coordinates>
                        86.9989521181313,21.343682377213817,0
                        86.97178302558108,21.323705305197176,0
                        87.42617229054359,20.791229581913175,0
                        87.3874078818687,20.761357622786186,0
                        86.9989521181313,21.343682377213817,0
                    </coordinates>
                </LinearRing>
            </outerBoundaryIs>

        </Polygon>

    </Placemark>
    
    <Placemark>

        <Style>
            <LineStyle>
                <width>0</width>
            </LineStyle>

            <PolyStyle>
                <color>d9ffff00</color>
                <outline>0</outline>
            </PolyStyle>
        </Style>

        <Polygon>

            <outerBoundaryIs>
                <LinearRing>
                    <coordinates>
                        87.99084,21.93173,0
                        86.84848545627608,21.564271027550948,0
                        86.97178302558108,21.323705305197176,0
                        87.42617229054359,20.791229581913175,0
                        87.73789153312745,20.75869245878198,0
                        87.99084,21.93173,0
                    </coordinates>
                </LinearRing>
            </outerBoundaryIs>

        </Polygon>

    </Placemark>
    
    <Placemark>

        <Style>
            <LineStyle>
                <width>0</width>
            </LineStyle>

            <PolyStyle>
                <color>d9ff0000</color>
                <outline>0</outline>
            </PolyStyle>
        </Style>

        <Polygon>
            <tessellate>1</tessellate>

            <outerBoundaryIs>
                <LinearRing>
                    <coordinates>
                        77.33528565420869,8.856745705345103,0
                        77.5889800665615,8.727512329802744,0
                        77.29915993343849,8.090327670197256,0
                        77.01826471476116,8.232648177748812,0
                        77.33528565420869,8.856745705345103,0
                    </coordinates>
                </LinearRing>
            </outerBoundaryIs>

        </Polygon>

    </Placemark>
    
    <Placemark>

        <Style>
            <LineStyle>
                <width>0</width>
            </LineStyle>

            <PolyStyle>
                <color>d9ff0600</color>
                <outline>0</outline>
            </PolyStyle>
        </Style>

        <Polygon>
            <tessellate>1</tessellate>

            <outerBoundaryIs>
                <LinearRing>
                    <coordinates>
                        77.5889800665615,8.727512329802744,0
                        77.98284245354539,8.568674870225431,0
                        77.7397375464546,7.91224512977457,0
                        77.29915993343849,8.090327670197256,0
                        77.5889800665615,8.727512329802744,0
                    </coordinates>
                </LinearRing>
            </outerBoundaryIs>

        </Polygon>

    </Placemark>
    
    <Placemark>

        <Style>
            <LineStyle>
                <width>0</width>
            </LineStyle>

            <PolyStyle>
                <color>d9ff0c00</color>
                <outline>0</outline>
            </PolyStyle>
        </Style>

        <Polygon>
            <tessellate>1</tessellate>

            <outerBoundaryIs>
                <LinearRing>
                    <coordinates>
                        77.98284245354539,8.568674870225431,0
                        78.5287862419257,8.38423173828338,0
                        78.33041375807429,7.712928261716619,0
                        77.7397375464546,7.91224512977457,0
                        77.98284245354539,8.568674870225431,0
                    </coordinates>
                </LinearRing>
            </outerBoundaryIs>

        </Polygon>

    </Placemark>
    
    <Placemark>

        <Style>
            <LineStyle>
                <width>0</width>
            </LineStyle>

            <PolyStyle>
                <color>d9ff1200</color>
                <outline>0</outline>
            </PolyStyle>
        </Style>

        <Polygon>
            <tessellate>1</tessellate>

            <outerBoundaryIs>
                <LinearRing>
                    <coordinates>
                        78.5287862419257,8.38423173828338,0
                        78.93895703534257,8.27992259033568,0
                        78.79230296465742,7.595457409664321,0
                        78.33041375807429,7.712928261716619,0
                        78.5287862419257,8.38423173828338,0
                    </coordinates>
                </LinearRing>
            </outerBoundaryIs>

        </Polygon>

    </Placemark>
    
    <Placemark>

        <Style>
            <LineStyle>
                <width>0</width>
            </LineStyle>

            <PolyStyle>
                <color>d9ff1800</color>
                <outline>0</outline>
            </PolyStyle>
        </Style>

        <Polygon>
            <tessellate>1</tessellate>

            <outerBoundaryIs>
                <LinearRing>
                    <coordinates>
                        78.93895703534257,8.27992259033568,0
                        79.3502759680607,8.20773783194533,0
                        79.2672240319393,7.51268216805467,0
                        78.79230296465742,7.595457409664321,0
                        78.93895703534257,8.27992259033568,0
                    </coordinates>
                </LinearRing>
            </outerBoundaryIs>

        </Polygon>

    </Placemark>
    
    <Placemark>

        <Style>
            <LineStyle>
                <width>0</width>
            </LineStyle>

            <PolyStyle>
                <color>d9ff1e00</color>
                <outline>0</outline>
            </PolyStyle>
        </Style>

        <Polygon>
            <tessellate>1</tessellate>

            <outerBoundaryIs>
                <LinearRing>
                    <coordinates>
                        79.3502759680607,8.20773783194533,0
                        79.75554056015835,8.181104288868147,0
                        79.75953943984166,7.481115711131853,0
                        79.2672240319393,7.51268216805467,0
                        79.3502759680607,8.20773783194533,0
                    </coordinates>
                </LinearRing>
            </outerBoundaryIs>

        </Polygon>

    </Placemark>
    
    <Placemark>

        <Style>
            <LineStyle>
                <width>0</width>
            </LineStyle>

            <PolyStyle>
                <color>d9ff2400</color>
                <outline>0</outline>
            </PolyStyle>
        </Style>

        <Polygon>
            <tessellate>1</tessellate>

            <outerBoundaryIs>
                <LinearRing>
                    <coordinates>
                        79.75554056015835,8.181104288868147,0
                        80.3207432242021,8.2250209224273,0
                        80.3900367757979,7.5284590775727,0
                        79.75953943984166,7.481115711131853,0
                        79.75554056015835,8.181104288868147,0
                    </coordinates>
                </LinearRing>
            </outerBoundaryIs>

        </Polygon>

    </Placemark>
    
    <Placemark>

        <Style>
            <LineStyle>
                <width>0</width>
            </LineStyle>

            <PolyStyle>
                <color>d9ff2a00</color>
                <outline>0</outline>
            </PolyStyle>
        </Style>

        <Polygon>
            <tessellate>1</tessellate>

            <outerBoundaryIs>
                <LinearRing>
                    <coordinates>
                        80.3207432242021,8.2250209224273,0
                        80.76940008529522,8.280036600598452,0
                        80.83463991470478,7.5830833994015485,0
                        80.3900367757979,7.5284590775727,0
                        80.3207432242021,8.2250209224273,0
                    </coordinates>
                </LinearRing>
            </outerBoundaryIs>

        </Polygon>

    </Placemark>
    
    <Placemark>

        <Style>
            <LineStyle>
                <width>0</width>
            </LineStyle>

            <PolyStyle>
                <color>d9ff3000</color>
                <outline>0</outline>
            </PolyStyle>
        </Style>

        <Polygon>
            <tessellate>1</tessellate>

            <outerBoundaryIs>
                <LinearRing>
                    <coordinates>
                        80.76940008529522,8.280036600598452,0
                        81.23028749706687,8.309964220625389,0
                        81.27179250293314,7.6111957793746114,0
                        80.83463991470478,7.5830833994015485,0
                        80.76940008529522,8.280036600598452,0
                    </coordinates>
                </LinearRing>
            </outerBoundaryIs>

        </Polygon>

    </Placemark>
    
    <Placemark>

        <Style>
            <LineStyle>
                <width>0</width>
            </LineStyle>

            <PolyStyle>
                <color>d9ff3600</color>
                <outline>0</outline>
            </PolyStyle>
        </Style>

        <Polygon>
            <tessellate>1</tessellate>

            <outerBoundaryIs>
                <LinearRing>
                    <coordinates>
                        81.23028749706687,8.309964220625389,0
                        81.68267466302753,8.334471886052258,0
                        81.71808533697246,7.635368113947741,0
                        81.27179250293314,7.6111957793746114,0
                        81.23028749706687,8.309964220625389,0
                    </coordinates>
                </LinearRing>
            </outerBoundaryIs>

        </Polygon>

    </Placemark>
    
    <Placemark>

        <Style>
            <LineStyle>
                <width>0</width>
            </LineStyle>

            <PolyStyle>
                <color>d9ff3c00</color>
                <outline>0</outline>
            </PolyStyle>
        </Style>

        <Polygon>
            <tessellate>1</tessellate>

            <outerBoundaryIs>
                <LinearRing>
                    <coordinates>
                        81.68267466302753,8.334471886052258,0
                        82.28404634161865,8.362819324046411,0
                        82.31537365838136,7.66352067595359,0
                        81.71808533697246,7.635368113947741,0
                        81.68267466302753,8.334471886052258,0
                    </coordinates>
                </LinearRing>
            </outerBoundaryIs>

        </Polygon>

    </Placemark>
    
    <Placemark>

        <Style>
            <LineStyle>
                <width>0</width>
            </LineStyle>

            <PolyStyle>
                <color>d9ff4200</color>
                <outline>0</outline>
            </PolyStyle>
        </Style>

        <Polygon>
            <tessellate>1</tessellate>

            <outerBoundaryIs>
                <LinearRing>
                    <coordinates>
                        82.28404634161865,8.362819324046411,0
                        82.73314924874782,8.381887163180997,0
                        82.76545075125219,7.682632836819006,0
                        82.31537365838136,7.66352067595359,0
                        82.28404634161865,8.362819324046411,0
                    </coordinates>
                </LinearRing>
            </outerBoundaryIs>

        </Polygon>

    </Placemark>
    
    <Placemark>

        <Style>
            <LineStyle>
                <width>0</width>
            </LineStyle>

            <PolyStyle>
                <color>d9ff4800</color>
                <outline>0</outline>
            </PolyStyle>
        </Style>

        <Polygon>
            <tessellate>1</tessellate>

            <outerBoundaryIs>
                <LinearRing>
                    <coordinates>
                        82.73314924874782,8.381887163180997,0
                        83.17760223846176,8.40406112410678,0
                        83.21987776153824,7.705338875893221,0
                        82.76545075125219,7.682632836819006,0
                        82.73314924874782,8.381887163180997,0
                    </coordinates>
                </LinearRing>
            </outerBoundaryIs>

        </Polygon>

    </Placemark>
    
    <Placemark>

        <Style>
            <LineStyle>
                <width>0</width>
            </LineStyle>

            <PolyStyle>
                <color>d9ff4e00</color>
                <outline>0</outline>
            </PolyStyle>
        </Style>

        <Polygon>
            <tessellate>1</tessellate>

            <outerBoundaryIs>
                <LinearRing>
                    <coordinates>
                        83.17760223846176,8.40406112410678,0
                        83.61701399849854,8.435271882247232,0
                        83.67816600150145,7.737948117752768,0
                        83.21987776153824,7.705338875893221,0
                        83.17760223846176,8.40406112410678,0
                    </coordinates>
                </LinearRing>
            </outerBoundaryIs>

        </Polygon>

    </Placemark>
    
    <Placemark>

        <Style>
            <LineStyle>
                <width>0</width>
            </LineStyle>

            <PolyStyle>
                <color>d9ff5500</color>
                <outline>0</outline>
            </PolyStyle>
        </Style>

        <Polygon>
            <tessellate>1</tessellate>

            <outerBoundaryIs>
                <LinearRing>
                    <coordinates>
                        83.61701399849854,8.435271882247232,0
                        84.05070961721168,8.480478462112103,0
                        84.13957038278832,7.786141537887897,0
                        83.67816600150145,7.737948117752768,0
                        83.61701399849854,8.435271882247232,0
                    </coordinates>
                </LinearRing>
            </outerBoundaryIs>

        </Polygon>

    </Placemark>
    
    <Placemark>

        <Style>
            <LineStyle>
                <width>0</width>
            </LineStyle>

            <PolyStyle>
                <color>d9ff5b00</color>
                <outline>0</outline>
            </PolyStyle>
        </Style>

        <Polygon>
            <tessellate>1</tessellate>

            <outerBoundaryIs>
                <LinearRing>
                    <coordinates>
                        84.05070961721168,8.480478462112103,0
                        84.62697596132817,8.567911121219476,0
                        84.74956403867183,7.878728878780522,0
                        84.13957038278832,7.786141537887897,0
                        84.05070961721168,8.480478462112103,0
                    </coordinates>
                </LinearRing>
            </outerBoundaryIs>

        </Polygon>

    </Placemark>
    
    <Placemark>

        <Style>
            <LineStyle>
                <width>0</width>
            </LineStyle>

            <PolyStyle>
                <color>d9ff6100</color>
                <outline>0</outline>
            </PolyStyle>
        </Style>

        <Polygon>
            <tessellate>1</tessellate>

            <outerBoundaryIs>
                <LinearRing>
                    <coordinates>
                        84.62697596132817,8.567911121219476,0
                        85.05176311141962,8.654699738550345,0
                        85.2065168885804,7.972020261449653,0
                        84.74956403867183,7.878728878780522,0
                        84.62697596132817,8.567911121219476,0
                    </coordinates>
                </LinearRing>
            </outerBoundaryIs>

        </Polygon>

    </Placemark>
    
    <Placemark>

        <Style>
            <LineStyle>
                <width>0</width>
            </LineStyle>

            <PolyStyle>
                <color>d9ff6700</color>
                <outline>0</outline>
            </PolyStyle>
        </Style>

        <Polygon>
            <tessellate>1</tessellate>

            <outerBoundaryIs>
                <LinearRing>
                    <coordinates>
                        85.05176311141962,8.654699738550345,0
                        85.47440054250909,8.760101430436588,0
                        85.65707945749092,8.084358569563413,0
                        85.2065168885804,7.972020261449653,0
                        85.05176311141962,8.654699738550345,0
                    </coordinates>
                </LinearRing>
            </outerBoundaryIs>

        </Polygon>

    </Placemark>
    
    <Placemark>

        <Style>
            <LineStyle>
                <width>0</width>
            </LineStyle>

            <PolyStyle>
                <color>d9ff6d00</color>
                <outline>0</outline>
            </PolyStyle>
        </Style>

        <Polygon>
            <tessellate>1</tessellate>

            <outerBoundaryIs>
                <LinearRing>
                    <coordinates>
                        85.47440054250909,8.760101430436588,0
                        85.89295635935369,8.88212296015836,0
                        86.10248364064631,8.21421703984164,0
                        85.65707945749092,8.084358569563413,0
                        85.47440054250909,8.760101430436588,0
                    </coordinates>
                </LinearRing>
            </outerBoundaryIs>

        </Polygon>

    </Placemark>
    
    <Placemark>

        <Style>
            <LineStyle>
                <width>0</width>
            </LineStyle>

            <PolyStyle>
                <color>d9ff7300</color>
                <outline>0</outline>
            </PolyStyle>
        </Style>

        <Polygon>
            <tessellate>1</tessellate>

            <outerBoundaryIs>
                <LinearRing>
                    <coordinates>
                        85.89295635935369,8.88212296015836,0
                        86.44904385703346,9.069075027689136,0
                        86.68377614296655,8.409604972310865,0
                        86.10248364064631,8.21421703984164,0
                        85.89295635935369,8.88212296015836,0
                    </coordinates>
                </LinearRing>
            </outerBoundaryIs>

        </Polygon>

    </Placemark>
    
    <Placemark>

        <Style>
            <LineStyle>
                <width>0</width>
            </LineStyle>

            <PolyStyle>
                <color>d9ff7900</color>
                <outline>0</outline>
            </PolyStyle>
        </Style>

        <Polygon>
            <tessellate>1</tessellate>

            <outerBoundaryIs>
                <LinearRing>
                    <coordinates>
                        86.44904385703346,9.069075027689136,0
                        86.86023464375508,9.223699261688548,0
                        87.11498535624493,8.571700738311453,0
                        86.68377614296655,8.409604972310865,0
                        86.44904385703346,9.069075027689136,0
                    </coordinates>
                </LinearRing>
            </outerBoundaryIs>

        </Polygon>

    </Placemark>
    
    <Placemark>

        <Style>
            <LineStyle>
                <width>0</width>
            </LineStyle>

            <PolyStyle>
                <color>d9ff7f00</color>
                <outline>0</outline>
            </PolyStyle>
        </Style>

        <Polygon>
            <tessellate>1</tessellate>

            <outerBoundaryIs>
                <LinearRing>
                    <coordinates>
                        86.86023464375508,9.223699261688548,0
                        87.26924982516756,9.389609778902594,0
                        87.53995017483244,8.744070221097404,0
                        87.11498535624493,8.571700738311453,0
                        86.86023464375508,9.223699261688548,0
                    </coordinates>
                </LinearRing>
            </outerBoundaryIs>

        </Polygon>

    </Placemark>
    
    <Placemark>

        <Style>
            <LineStyle>
                <width>0</width>
            </LineStyle>

            <PolyStyle>
                <color>d9ff8500</color>
                <outline>0</outline>
            </PolyStyle>
        </Style>

        <Polygon>
            <tessellate>1</tessellate>

            <outerBoundaryIs>
                <LinearRing>
                    <coordinates>
                        87.26924982516756,9.389609778902594,0
                        87.67525582190302,9.565497036657142,0
                        87.95976417809698,8.92592296334286,0
                        87.53995017483244,8.744070221097404,0
                        87.26924982516756,9.389609778902594,0
                    </coordinates>
                </LinearRing>
            </outerBoundaryIs>

        </Polygon>

    </Placemark>
    
    <Placemark>

        <Style>
            <LineStyle>
                <width>0</width>
            </LineStyle>

            <PolyStyle>
                <color>d9ff8b00</color>
                <outline>0</outline>
            </PolyStyle>
        </Style>

        <Polygon>
            <tessellate>1</tessellate>

            <outerBoundaryIs>
                <LinearRing>
                    <coordinates>
                        87.67525582190302,9.565497036657142,0
                        88.07861973290183,9.749671173775672,0
                        88.37508026709817,9.115548826224328,0
                        87.95976417809698,8.92592296334286,0
                        87.67525582190302,9.565497036657142,0
                    </coordinates>
                </LinearRing>
            </outerBoundaryIs>

        </Polygon>

    </Placemark>
    
    <Placemark>

        <Style>
            <LineStyle>
                <width>0</width>
            </LineStyle>

            <PolyStyle>
                <color>d9ff9100</color>
                <outline>0</outline>
            </PolyStyle>
        </Style>

        <Polygon>
            <tessellate>1</tessellate>

            <outerBoundaryIs>
                <LinearRing>
                    <coordinates>
                        88.07861973290183,9.749671173775672,0
                        88.61463136323663,10.006173655521563,0
                        88.92150863676336,9.377026344478436,0
                        88.37508026709817,9.115548826224328,0
                        88.07861973290183,9.749671173775672,0
                    </coordinates>
                </LinearRing>
            </outerBoundaryIs>

        </Polygon>

    </Placemark>
    
    <Placemark>

        <Style>
            <LineStyle>
                <width>0</width>
            </LineStyle>

            <PolyStyle>
                <color>d9ff9700</color>
                <outline>0</outline>
            </PolyStyle>
        </Style>

        <Polygon>
            <tessellate>1</tessellate>

            <outerBoundaryIs>
                <LinearRing>
                    <coordinates>
                        88.61463136323663,10.006173655521563,0
                        89.0134840611621,10.204436841277449,0
                        89.3285759388379,9.57936315872255,0
                        88.92150863676336,9.377026344478436,0
                        88.61463136323663,10.006173655521563,0
                    </coordinates>
                </LinearRing>
            </outerBoundaryIs>

        </Polygon>

    </Placemark>
    
    <Placemark>

        <Style>
            <LineStyle>
                <width>0</width>
            </LineStyle>

            <PolyStyle>
                <color>d9ff9d00</color>
                <outline>0</outline>
            </PolyStyle>
        </Style>

        <Polygon>
            <tessellate>1</tessellate>

            <outerBoundaryIs>
                <LinearRing>
                    <coordinates>
                        89.0134840611621,10.204436841277449,0
                        89.41106026823493,10.407657665354122,0
                        89.73237973176506,9.785762334645877,0
                        89.3285759388379,9.57936315872255,0
                        89.0134840611621,10.204436841277449,0
                    </coordinates>
                </LinearRing>
            </outerBoundaryIs>

        </Polygon>

    </Placemark>
    
    <Placemark>

        <Style>
            <LineStyle>
                <width>0</width>
            </LineStyle>

            <PolyStyle>
                <color>d9ffa300</color>
                <outline>0</outline>
            </PolyStyle>
        </Style>

        <Polygon>
            <tessellate>1</tessellate>

            <outerBoundaryIs>
                <LinearRing>
                    <coordinates>
                        89.41106026823493,10.407657665354122,0
                        89.80758710654705,10.614740513637853,0
                        90.13361289345296,9.995299486362148,0
                        89.73237973176506,9.785762334645877,0
                        89.41106026823493,10.407657665354122,0
                    </coordinates>
                </LinearRing>
            </outerBoundaryIs>

        </Polygon>

    </Placemark>
    
    <Placemark>

        <Style>
            <LineStyle>
                <width>0</width>
            </LineStyle>

            <PolyStyle>
                <color>d9ffaa00</color>
                <outline>0</outline>
            </PolyStyle>
        </Style>

        <Polygon>
            <tessellate>1</tessellate>

            <outerBoundaryIs>
                <LinearRing>
                    <coordinates>
                        89.80758710654705,10.614740513637853,0
                        90.33617492314238,10.89511651493856,0
                        90.6651250768576,10.27722348506144,0
                        90.13361289345296,9.995299486362148,0
                        89.80758710654705,10.614740513637853,0
                    </coordinates>
                </LinearRing>
            </outerBoundaryIs>

        </Polygon>

    </Placemark>
    
    <Placemark>

        <Style>
            <LineStyle>
                <width>0</width>
            </LineStyle>

            <PolyStyle>
                <color>d9ffb000</color>
                <outline>0</outline>
            </PolyStyle>
        </Style>

        <Polygon>
            <tessellate>1</tessellate>

            <outerBoundaryIs>
                <LinearRing>
                    <coordinates>
                        90.33617492314238,10.89511651493856,0
                        90.73253808621268,11.106905463643926,0
                        91.06254191378733,10.489574536356074,0
                        90.6651250768576,10.27722348506144,0
                        90.33617492314238,10.89511651493856,0
                    </coordinates>
                </LinearRing>
            </outerBoundaryIs>

        </Polygon>

    </Placemark>
    
    <Placemark>

        <Style>
            <LineStyle>
                <width>0</width>
            </LineStyle>

            <PolyStyle>
                <color>d9ffb600</color>
                <outline>0</outline>
            </PolyStyle>
        </Style>

        <Polygon>
            <tessellate>1</tessellate>

            <outerBoundaryIs>
                <LinearRing>
                    <coordinates>
                        90.73253808621268,11.106905463643926,0
                        91.12961133011973,11.319260705589674,0
                        91.45910866988027,10.701659294410327,0
                        91.06254191378733,10.489574536356074,0
                        90.73253808621268,11.106905463643926,0
                    </coordinates>
                </LinearRing>
            </outerBoundaryIs>

        </Polygon>

    </Placemark>
    
    <Placemark>

        <Style>
            <LineStyle>
                <width>0</width>
            </LineStyle>

            <PolyStyle>
                <color>d9ffbc00</color>
                <outline>0</outline>
            </PolyStyle>
        </Style>

        <Polygon>
            <tessellate>1</tessellate>

            <outerBoundaryIs>
                <LinearRing>
                    <coordinates>
                        91.12961133011973,11.319260705589674,0
                        91.52763617346471,11.531098148865665,0
                        91.85556382653527,10.912661851134336,0
                        91.45910866988027,10.701659294410327,0
                        91.12961133011973,11.319260705589674,0
                    </coordinates>
                </LinearRing>
            </outerBoundaryIs>

        </Polygon>

    </Placemark>
    
    <Placemark>

        <Style>
            <LineStyle>
                <width>0</width>
            </LineStyle>

            <PolyStyle>
                <color>d9ffc200</color>
                <outline>0</outline>
            </PolyStyle>
        </Style>

        <Polygon>
            <tessellate>1</tessellate>

            <outerBoundaryIs>
                <LinearRing>
                    <coordinates>
                        91.52763617346471,11.531098148865665,0
                        91.92713092997622,11.74214375534882,0
                        92.25184907002378,11.122016244651178,0
                        91.85556382653527,10.912661851134336,0
                        91.52763617346471,11.531098148865665,0
                    </coordinates>
                </LinearRing>
            </outerBoundaryIs>

        </Polygon>

    </Placemark>
    
    <Placemark>

        <Style>
            <LineStyle>
                <width>0</width>
            </LineStyle>

            <PolyStyle>
                <color>d9ffc800</color>
                <outline>0</outline>
            </PolyStyle>
        </Style>

        <Polygon>
            <tessellate>1</tessellate>

            <outerBoundaryIs>
                <LinearRing>
                    <coordinates>
                        91.92713092997622,11.74214375534882,0
                        92.46220715287672,12.019843507191068,0
                        92.78187284712328,11.397096492808933,0
                        92.25184907002378,11.122016244651178,0
                        91.92713092997622,11.74214375534882,0
                    </coordinates>
                </LinearRing>
            </outerBoundaryIs>

        </Polygon>

    </Placemark>
    
    <Placemark>

        <Style>
            <LineStyle>
                <width>0</width>
            </LineStyle>

            <PolyStyle>
                <color>d9ffce00</color>
                <outline>0</outline>
            </PolyStyle>
        </Style>

        <Polygon>
            <tessellate>1</tessellate>

            <outerBoundaryIs>
                <LinearRing>
                    <coordinates>
                        92.46220715287672,12.019843507191068,0
                        92.8655561774697,12.224612060596803,0
                        93.1810238225303,11.599727939403197,0
                        92.78187284712328,11.397096492808933,0
                        92.46220715287672,12.019843507191068,0
                    </coordinates>
                </LinearRing>
            </outerBoundaryIs>

        </Polygon>

    </Placemark>
    
    <Placemark>

        <Style>
            <LineStyle>
                <width>0</width>
            </LineStyle>

            <PolyStyle>
                <color>d9ffd400</color>
                <outline>0</outline>
            </PolyStyle>
        </Style>

        <Polygon>
            <tessellate>1</tessellate>

            <outerBoundaryIs>
                <LinearRing>
                    <coordinates>
                        92.8655561774697,12.224612060596803,0
                        93.26940675718569,12.427354831115615,0
                        93.58151324281431,11.800785168884385,0
                        93.1810238225303,11.599727939403197,0
                        92.8655561774697,12.224612060596803,0
                    </coordinates>
                </LinearRing>
            </outerBoundaryIs>

        </Polygon>

    </Placemark>
    
    <Placemark>

        <Style>
            <LineStyle>
                <width>0</width>
            </LineStyle>

            <PolyStyle>
                <color>d9ffda00</color>
                <outline>0</outline>
            </PolyStyle>
        </Style>

        <Polygon>
            <tessellate>1</tessellate>

            <outerBoundaryIs>
                <LinearRing>
                    <coordinates>
                        93.26940675718569,12.427354831115615,0
                        93.67554763811683,12.628075470677961,0
                        93.98221236188317,11.998824529322038,0
                        93.58151324281431,11.800785168884385,0
                        93.26940675718569,12.427354831115615,0
                    </coordinates>
                </LinearRing>
            </outerBoundaryIs>

        </Polygon>

    </Placemark>
    
    <Placemark>

        <Style>
            <LineStyle>
                <width>0</width>
            </LineStyle>

            <PolyStyle>
                <color>d9ffe000</color>
                <outline>0</outline>
            </PolyStyle>
        </Style>

        <Polygon>
            <tessellate>1</tessellate>

            <outerBoundaryIs>
                <LinearRing>
                    <coordinates>
                        93.67554763811683,12.628075470677961,0
                        94.21995233810387,12.889666803725028,0
                        94.51940766189614,12.25695319627497,0
                        93.98221236188317,11.998824529322038,0
                        93.67554763811683,12.628075470677961,0
                    </coordinates>
                </LinearRing>
            </outerBoundaryIs>

        </Polygon>

    </Placemark>
    
    <Placemark>

        <Style>
            <LineStyle>
                <width>0</width>
            </LineStyle>

            <PolyStyle>
                <color>d9ffe600</color>
                <outline>0</outline>
            </PolyStyle>
        </Style>

        <Polygon>
            <tessellate>1</tessellate>

            <outerBoundaryIs>
                <LinearRing>
                    <coordinates>
                        94.21995233810387,12.889666803725028,0
                        94.63125929061073,13.081380733969437,0
                        94.92384070938928,12.445459266030563,0
                        94.51940766189614,12.25695319627497,0
                        94.21995233810387,12.889666803725028,0
                    </coordinates>
                </LinearRing>
            </outerBoundaryIs>

        </Polygon>

    </Placemark>
    
    <Placemark>

        <Style>
            <LineStyle>
                <width>0</width>
            </LineStyle>

            <PolyStyle>
                <color>d9ffec00</color>
                <outline>0</outline>
            </PolyStyle>
        </Style>

        <Polygon>
            <tessellate>1</tessellate>

            <outerBoundaryIs>
                <LinearRing>
                    <coordinates>
                        94.63125929061073,13.081380733969437,0
                        95.0442206501818,13.268907648192187,0
                        95.3303393498182,12.630052351807812,0
                        94.92384070938928,12.445459266030563,0
                        94.63125929061073,13.081380733969437,0
                    </coordinates>
                </LinearRing>
            </outerBoundaryIs>

        </Polygon>

    </Placemark>
    
    <Placemark>

        <Style>
            <LineStyle>
                <width>0</width>
            </LineStyle>

            <PolyStyle>
                <color>d9fff200</color>
                <outline>0</outline>
            </PolyStyle>
        </Style>

        <Polygon>
            <tessellate>1</tessellate>

            <outerBoundaryIs>
                <LinearRing>
                    <coordinates>
                        95.0442206501818,13.268907648192187,0
                        95.46006077330429,13.452555761864275,0
                        95.73777922669572,12.810004238135726,0
                        95.3303393498182,12.630052351807812,0
                        95.0442206501818,13.268907648192187,0
                    </coordinates>
                </LinearRing>
            </outerBoundaryIs>

        </Polygon>

    </Placemark>
    
    <Placemark>

        <Style>
            <LineStyle>
                <width>0</width>
            </LineStyle>

            <PolyStyle>
                <color>d9fff800</color>
                <outline>0</outline>
            </PolyStyle>
        </Style>

        <Polygon>
            <tessellate>1</tessellate>

            <outerBoundaryIs>
                <LinearRing>
                    <coordinates>
                        95.46006077330429,13.452555761864275,0
                        95.74881941382417,13.574666476944932,0
                        96.0214379982899,12.929934666496662,0
                        95.73777922669572,12.810004238135726,0
                        95.46006077330429,13.452555761864275,0
                    </coordinates>
                </LinearRing>
            </outerBoundaryIs>

        </Polygon>

    </Placemark>
    
    <Placemark>

        <Style>
            <LineStyle>
                <width>0</width>
            </LineStyle>

            <PolyStyle>
                <color>d9ffff00</color>
                <outline>0</outline>
            </PolyStyle>
        </Style>

        <Polygon>

            <outerBoundaryIs>
                <LinearRing>
                    <coordinates>
                        96.98947,13.69325,0
                        95.80183970525248,13.865105413059705,0
                        95.74881941382417,13.574666476944932,0
                        96.0214379982899,12.929934666496662,0
                        96.24682369913866,12.7506597009745,0
                        96.98947,13.69325,0
                    </coordinates>
                </LinearRing>
            </outerBoundaryIs>

        </Polygon>

    </Placemark>
    
    <Placemark>

        <Style>
            <IconStyle>

                <scale>5.0</scale>

                <Icon>
                    <href>https://i.imgur.com/VJIrVJN.png</href>
                </Icon>

            </IconStyle>
        </Style>

        <Point>
            <coordinates>73,27,0</coordinates>
        </Point>

    </Placemark>
    
    <Placemark>

        <Style>
            <IconStyle>

                <scale>3.5</scale>

                <Icon>
                    <href>https://i.imgur.com/qoXQjzD.png</href>
                </Icon>

            </IconStyle>
        </Style>

        <Point>
            <coordinates>76.2,10.5,0</coordinates>
        </Point>

    </Placemark>
    
    <Placemark>

        <Style>
            <IconStyle>

                <scale>3.5</scale>

                <Icon>
                    <href>https://i.imgur.com/qoXQjzD.png</href>
                </Icon>

            </IconStyle>
        </Style>

        <Point>
            <coordinates>75.5,13.5,0</coordinates>
        </Point>

    </Placemark>
    
    <Placemark>

        <Style>
            <IconStyle>

                <scale>3.5</scale>

                <Icon>
                    <href>https://i.imgur.com/qoXQjzD.png</href>
                </Icon>

            </IconStyle>
        </Style>

        <Point>
            <coordinates>73.5,19.2,0</coordinates>
        </Point>

    </Placemark>
    
    <Placemark>

        <Style>
            <IconStyle>

                <scale>3.5</scale>

                <Icon>
                    <href>https://i.imgur.com/qoXQjzD.png</href>
                </Icon>

            </IconStyle>
        </Style>

        <Point>
            <coordinates>79,21,0</coordinates>
        </Point>

    </Placemark>
    
    <Placemark>

        <Style>
            <IconStyle>

                <scale>3.5</scale>

                <Icon>
                    <href>https://i.imgur.com/qoXQjzD.png</href>
                </Icon>

            </IconStyle>
        </Style>

        <Point>
            <coordinates>85.5,18.5,0</coordinates>
        </Point>

    </Placemark>
    
    <Placemark>

        <Style>
            <IconStyle>

                <scale>3.5</scale>

                <Icon>
                    <href>https://i.imgur.com/qoXQjzD.png</href>
                </Icon>

            </IconStyle>
        </Style>

        <Point>
            <coordinates>92.5,25.2,0</coordinates>
        </Point>

    </Placemark>
    
    <Placemark>

        <Style>
            <IconStyle>

                <scale>3.5</scale>

                <Icon>
                    <href>https://i.imgur.com/qoXQjzD.png</href>
                </Icon>

            </IconStyle>
        </Style>

        <Point>
            <coordinates>85,24.5,0</coordinates>
        </Point>

    </Placemark>
    
    <Placemark>

        <Style>
            <IconStyle>

                <scale>3.5</scale>

                <Icon>
                    <href>https://i.imgur.com/qoXQjzD.png</href>
                </Icon>

            </IconStyle>
        </Style>

        <Point>
            <coordinates>77,28.5,0</coordinates>
        </Point>

    </Placemark>
    

</Document>

</kml>
